cur_datetime,canTemp,ForcTemp_K,sensWaste,EP_floor_energy[0],EP_floor_energy[1],EP_floor_energy[2],wallSun_K,wallShade_K,roof_K,MeteoData.Tatm,MeteoData.Pre,Floor[1]_OAT_K,Floor[2]_OAT_K,Floor[3]_OAT_K,TempProf_cur[2.62],TempProf_cur[6.58],TempProf_cur[10.54],
2006-06-01 00:05:00,292.169,291.486,0.000,0.000,0.000,0.000,285.646,285.738,282.547,291.258,99200.000,292.323,292.214,292.089,292.292,292.130,291.972,
2006-06-01 00:10:00,291.682,291.491,0.000,0.000,0.000,0.000,285.950,286.039,282.611,291.267,99200.000,291.773,291.692,291.635,291.742,291.651,291.595,
2006-06-01 00:15:00,291.809,291.491,0.000,0.000,0.000,0.000,286.287,286.371,282.721,291.275,99200.000,292.005,291.826,291.707,291.936,291.738,291.632,
2006-06-01 00:20:00,291.868,291.497,0.000,0.000,0.000,0.000,286.648,286.727,282.942,291.283,99200.000,292.145,291.893,291.723,292.050,291.768,291.617,
2006-06-01 00:25:00,291.790,291.499,0.000,0.000,0.000,0.000,287.027,287.102,283.457,291.292,99200.000,292.127,291.814,291.613,292.010,291.664,291.499,
2006-06-01 00:30:00,291.668,291.504,0.000,0.000,0.000,0.000,287.420,287.490,283.925,291.300,99200.000,291.967,291.693,291.509,291.868,291.556,291.403,
2006-06-01 00:35:00,291.582,291.507,0.000,0.000,0.000,0.000,287.823,287.889,284.556,291.308,99200.000,291.863,291.601,291.434,291.765,291.476,291.339,
2006-06-01 00:40:00,291.535,291.513,0.000,0.000,0.000,0.000,288.236,288.297,285.151,291.317,99200.000,291.789,291.551,291.401,291.699,291.439,291.315,
2006-06-01 00:45:00,291.524,291.517,0.000,0.000,0.000,0.000,288.659,288.707,285.779,291.325,99200.000,291.765,291.538,291.398,291.678,291.433,291.318,
2006-06-01 00:50:00,291.542,291.522,0.000,0.000,0.000,0.000,289.084,289.127,286.364,291.333,99200.000,291.771,291.556,291.423,291.689,291.456,291.345,
2006-06-01 00:55:00,291.572,291.526,0.000,0.000,0.000,0.000,289.513,289.552,286.958,291.342,99200.000,291.796,291.587,291.456,291.716,291.489,291.379,
2006-06-01 01:00:00,291.615,291.532,0.000,0.000,0.000,0.000,289.767,289.802,287.355,291.350,99200.000,291.833,291.630,291.501,291.756,291.534,291.423,
2006-06-01 01:05:00,291.643,291.530,0.000,0.000,0.000,0.000,289.952,289.985,287.694,291.350,99200.000,291.857,291.659,291.532,291.782,291.565,291.454,
2006-06-01 01:10:00,291.668,291.530,0.000,0.000,0.000,0.000,290.096,290.126,288.029,291.350,99200.000,291.877,291.684,291.559,291.804,291.591,291.481,
2006-06-01 01:15:00,291.684,291.528,0.000,0.000,0.000,0.000,290.210,290.238,288.279,291.350,99200.000,291.888,291.700,291.578,291.817,291.609,291.501,
2006-06-01 01:20:00,291.699,291.528,0.000,0.000,0.000,0.000,290.303,290.330,288.523,291.350,99200.000,291.900,291.715,291.595,291.830,291.626,291.519,
2006-06-01 01:25:00,291.708,291.527,0.000,0.000,0.000,0.000,290.380,290.406,288.709,291.350,99200.000,291.904,291.724,291.607,291.836,291.637,291.532,
2006-06-01 01:30:00,291.718,291.526,0.000,0.000,0.000,0.000,290.446,290.470,288.891,291.350,99200.000,291.911,291.734,291.618,291.844,291.648,291.544,
2006-06-01 01:35:00,291.723,291.525,0.000,0.000,0.000,0.000,290.503,290.526,289.032,291.350,99200.000,291.911,291.738,291.625,291.846,291.655,291.553,
2006-06-01 01:40:00,291.729,291.525,0.000,0.000,0.000,0.000,290.553,290.575,289.170,291.350,99200.000,291.915,291.744,291.633,291.851,291.662,291.561,
2006-06-01 01:45:00,291.731,291.523,0.000,0.000,0.000,0.000,290.597,290.618,289.279,291.350,99200.000,291.913,291.746,291.637,291.850,291.665,291.566,
2006-06-01 01:50:00,291.735,291.523,0.000,0.000,0.000,0.000,290.637,290.657,289.386,291.350,99200.000,291.914,291.750,291.642,291.852,291.670,291.572,
2006-06-01 01:55:00,291.735,291.522,0.000,0.000,0.000,0.000,290.673,290.692,289.472,291.350,99200.000,291.911,291.750,291.644,291.850,291.672,291.576,
2006-06-01 02:00:00,291.737,291.521,0.000,0.000,0.000,0.000,290.702,290.720,289.550,291.350,99200.000,291.911,291.752,291.647,291.851,291.674,291.579,
2006-06-01 02:05:00,291.737,291.527,0.000,0.000,0.000,0.000,290.727,290.744,289.611,291.358,99208.333,291.908,291.752,291.649,291.849,291.676,291.583,
2006-06-01 02:10:00,291.741,291.532,0.000,0.000,0.000,0.000,290.748,290.765,289.672,291.367,99216.667,291.909,291.755,291.654,291.851,291.680,291.589,
2006-06-01 02:15:00,291.742,291.538,0.000,0.000,0.000,0.000,290.767,290.783,289.719,291.375,99225.000,291.907,291.756,291.657,291.850,291.683,291.593,
2006-06-01 02:20:00,291.746,291.543,0.000,0.000,0.000,0.000,290.784,290.799,289.765,291.383,99233.333,291.908,291.759,291.661,291.852,291.687,291.598,
2006-06-01 02:25:00,291.747,291.549,0.000,0.000,0.000,0.000,290.799,290.813,289.802,291.392,99241.667,291.906,291.760,291.664,291.851,291.689,291.603,
2006-06-01 02:30:00,291.749,291.555,0.000,0.000,0.000,0.000,290.812,290.826,289.838,291.400,99250.000,291.907,291.762,291.668,291.852,291.693,291.607,
2006-06-01 02:35:00,291.674,291.560,0.000,0.000,0.000,0.000,290.825,290.838,289.867,291.408,99258.333,291.762,291.680,291.628,291.730,291.641,291.598,
2006-06-01 02:40:00,291.640,291.566,0.000,0.000,0.000,0.000,290.836,290.848,289.866,291.417,99266.667,291.687,291.644,291.616,291.671,291.624,291.597,
2006-06-01 02:45:00,291.656,291.572,0.000,0.000,0.000,0.000,290.846,290.858,289.756,291.425,99275.000,291.701,291.661,291.633,291.686,291.640,291.613,
2006-06-01 02:50:00,291.690,291.578,0.000,0.000,0.000,0.000,290.856,290.867,289.728,291.433,99283.333,291.749,291.697,291.660,291.729,291.670,291.633,
2006-06-01 02:55:00,291.784,291.583,0.000,0.000,0.000,0.000,290.865,290.875,289.701,291.442,99291.667,291.890,291.797,291.729,291.856,291.748,291.677,
2006-06-01 03:00:00,291.828,291.589,0.000,0.000,0.000,0.000,290.878,290.888,289.724,291.450,99300.000,291.975,291.845,291.752,291.927,291.778,291.686,
2006-06-01 03:05:00,291.821,291.544,0.000,0.000,0.000,0.000,290.892,290.901,289.796,291.408,99308.333,292.001,291.838,291.728,291.941,291.757,291.655,
2006-06-01 03:10:00,291.664,291.498,0.000,0.000,0.000,0.000,290.906,290.916,289.851,291.367,99316.667,291.757,291.673,291.615,291.726,291.630,291.579,
2006-06-01 03:15:00,291.549,291.453,0.000,0.000,0.000,0.000,290.921,290.930,289.895,291.325,99325.000,291.599,291.554,291.524,291.582,291.532,291.503,
2006-06-01 03:20:00,291.509,291.408,0.000,0.000,0.000,0.000,290.937,290.945,289.810,291.283,99333.333,291.554,291.515,291.487,291.539,291.495,291.465,
2006-06-01 03:25:00,291.503,291.362,0.000,0.000,0.000,0.000,290.952,290.960,289.760,291.242,99341.667,291.563,291.510,291.472,291.543,291.483,291.443,
2006-06-01 03:30:00,291.476,291.317,0.000,0.000,0.000,0.000,290.967,290.975,289.755,291.200,99350.000,291.540,291.485,291.443,291.520,291.455,291.411,
2006-06-01 03:35:00,291.445,291.271,0.000,0.000,0.000,0.000,290.982,290.990,289.760,291.158,99358.333,291.517,291.455,291.409,291.494,291.422,291.374,
2006-06-01 03:40:00,291.399,291.226,0.000,0.000,0.000,0.000,290.998,291.005,289.759,291.117,99366.667,291.467,291.408,291.364,291.445,291.376,291.330,
2006-06-01 03:45:00,291.357,291.180,0.000,0.000,0.000,0.000,291.013,291.020,289.767,291.075,99375.000,291.428,291.367,291.321,291.405,291.334,291.286,
2006-06-01 03:50:00,291.313,291.134,0.000,0.000,0.000,0.000,291.028,291.035,289.769,291.033,99383.333,291.383,291.322,291.277,291.360,291.290,291.243,
2006-06-01 03:55:00,291.275,291.089,0.000,0.000,0.000,0.000,291.042,291.049,289.775,290.992,99391.667,291.347,291.285,291.238,291.324,291.251,291.202,
2006-06-01 04:00:00,291.234,291.043,0.000,0.000,0.000,0.000,291.035,291.042,289.761,290.950,99400.000,291.307,291.244,291.197,291.284,291.210,291.160,
2006-06-01 04:05:00,291.126,290.877,0.000,0.000,0.000,0.000,291.019,291.026,289.742,290.808,99400.000,291.204,291.138,291.086,291.180,291.101,291.044,
2006-06-01 04:10:00,290.986,290.715,0.000,0.000,0.000,0.000,290.998,291.004,289.747,290.667,99400.000,291.070,290.999,290.943,291.045,290.959,290.896,
2006-06-01 04:15:00,290.831,290.556,0.000,0.000,0.000,0.000,290.973,290.978,289.757,290.525,99400.000,290.917,290.845,290.787,290.891,290.804,290.739,
2006-06-01 04:20:00,290.678,290.398,0.000,0.000,0.000,0.000,291.093,291.186,289.982,290.383,99400.000,290.765,290.692,290.633,290.739,290.651,290.585,
2006-06-01 04:25:00,290.534,290.242,0.000,0.000,0.000,0.000,291.139,291.231,290.070,290.242,99400.000,290.622,290.549,290.489,290.596,290.507,290.440,
2006-06-01 04:30:00,290.389,290.085,0.000,0.000,0.000,0.000,291.197,291.307,290.191,290.100,99400.000,290.478,290.404,290.343,290.452,290.361,290.292,
2006-06-01 04:35:00,290.286,289.928,0.000,0.000,0.000,0.000,291.260,291.385,290.402,289.958,99400.000,290.393,290.304,290.230,290.361,290.252,290.170,
2006-06-01 04:40:00,290.044,289.772,0.000,0.000,0.000,0.000,291.325,291.460,290.500,289.817,99400.000,290.107,290.056,290.011,290.089,290.024,289.973,
2006-06-01 04:45:00,290.044,289.616,0.000,0.000,0.000,0.000,291.392,291.535,290.613,289.675,99400.000,290.167,290.064,289.981,290.130,290.005,289.914,
2006-06-01 04:50:00,289.860,289.462,0.000,0.000,0.000,0.000,291.462,291.609,290.718,289.533,99400.000,289.941,289.876,289.818,289.919,289.836,289.767,
2006-06-01 04:55:00,289.866,289.308,0.000,0.000,0.000,0.000,291.533,291.677,290.807,289.392,99400.000,290.017,289.888,289.787,289.970,289.817,289.709,
2006-06-01 05:00:00,289.648,289.155,108.853,6.841,11.033,9.808,291.563,291.698,290.831,289.250,99400.000,289.745,289.667,289.597,289.719,289.619,289.538,
2006-06-01 05:05:00,289.805,289.082,90.806,7.258,7.489,7.368,291.573,291.698,290.825,289.208,99408.333,289.985,289.834,289.714,289.933,289.752,289.614,
2006-06-01 05:10:00,289.608,289.010,86.509,8.025,7.222,7.139,291.571,291.683,290.821,289.167,99416.667,289.722,289.633,289.550,289.695,289.576,289.476,
2006-06-01 05:15:00,289.660,288.939,43.559,4.194,3.630,3.567,291.560,291.658,290.788,289.125,99425.000,289.844,289.689,289.566,289.792,289.603,289.467,
2006-06-01 05:20:00,289.464,288.867,41.459,4.138,3.498,3.457,291.540,291.625,290.761,289.083,99433.333,289.583,289.489,289.403,289.553,289.430,289.330,
2006-06-01 05:25:00,289.515,288.797,41.765,4.263,3.517,3.547,291.514,291.584,290.710,289.042,99441.667,289.701,289.542,289.419,289.646,289.456,289.324,
2006-06-01 05:30:00,289.357,288.726,40.012,4.201,3.409,3.588,291.504,291.565,290.688,289.000,99450.000,289.486,289.383,289.290,289.453,289.319,289.213,
2006-06-01 05:35:00,289.396,288.656,39.943,4.281,3.406,3.665,291.499,291.549,290.652,288.958,99458.333,289.587,289.424,289.297,289.530,289.334,289.199,
2006-06-01 05:40:00,289.250,288.587,38.447,4.217,3.312,3.669,291.493,291.533,290.626,288.917,99466.667,289.389,289.276,289.178,289.353,289.208,289.096,
2006-06-01 05:45:00,289.288,288.517,38.471,4.287,3.335,3.725,291.487,291.514,290.589,288.875,99475.000,289.485,289.317,289.186,289.426,289.225,289.085,
2006-06-01 05:50:00,289.150,288.448,37.087,4.220,3.287,3.714,291.478,291.493,290.560,288.833,99483.333,289.299,289.178,289.072,289.260,289.104,288.986,
2006-06-01 05:55:00,289.180,288.380,37.064,4.276,3.330,3.752,291.468,291.466,290.520,288.792,99491.667,289.382,289.210,289.075,289.323,289.114,288.970,
2006-06-01 06:00:00,289.047,288.311,71.476,8.246,6.452,7.291,291.509,291.495,290.547,288.750,99500.000,289.206,289.076,288.964,289.163,288.998,288.873,
2006-06-01 06:05:00,289.147,288.281,36.482,4.190,3.304,3.695,291.568,291.543,290.572,288.842,99508.333,289.363,289.181,289.035,289.301,289.079,288.922,
2006-06-01 06:10:00,289.022,288.247,35.236,4.101,3.256,3.653,291.638,291.601,290.626,288.933,99516.667,289.194,289.053,288.932,289.148,288.968,288.835,
2006-06-01 06:15:00,289.110,288.210,35.873,4.163,3.323,3.695,291.714,291.665,290.693,289.025,99525.000,289.345,289.145,288.988,289.276,289.034,288.868,
2006-06-01 06:20:00,289.055,288.169,35.216,4.108,3.306,3.682,291.795,291.733,290.769,289.117,99533.333,289.260,289.091,288.949,289.204,288.991,288.835,
2006-06-01 06:25:00,289.161,288.125,35.971,4.176,3.374,3.726,291.880,291.804,290.849,289.208,99541.667,289.434,289.202,289.019,289.353,289.073,288.879,
2006-06-01 06:30:00,289.106,288.078,35.309,4.076,3.307,3.661,292.076,292.059,291.133,289.300,99550.000,289.353,289.149,288.978,289.285,289.029,288.843,
2006-06-01 06:35:00,289.229,288.029,36.171,4.060,3.284,3.613,292.324,292.443,291.461,289.392,99558.333,289.548,289.278,289.065,289.453,289.127,288.902,
2006-06-01 06:40:00,289.208,287.976,35.761,3.933,3.260,3.516,292.586,292.794,291.810,289.483,99566.667,289.504,289.259,289.054,289.422,289.115,288.893,
2006-06-01 06:45:00,289.349,287.921,36.724,3.924,3.321,3.499,292.861,293.135,292.224,289.575,99575.000,289.721,289.406,289.156,289.611,289.229,288.965,
2006-06-01 06:50:00,289.339,287.864,36.384,3.795,3.300,3.479,293.144,293.462,292.657,289.667,99583.333,289.693,289.399,289.155,289.593,289.227,288.963,
2006-06-01 06:55:00,289.487,287.804,37.350,3.779,3.360,3.516,293.433,293.770,293.138,289.758,99591.667,289.919,289.554,289.263,289.792,289.348,289.040,
2006-06-01 07:00:00,289.487,287.742,74.121,6.350,6.528,6.241,293.808,294.211,293.671,289.850,99600.000,289.904,289.558,289.270,289.786,289.355,289.045,
2006-06-01 07:05:00,289.770,287.819,40.834,3.779,3.400,3.235,294.185,294.593,294.247,290.033,99600.000,290.269,289.849,289.511,290.124,289.611,289.250,
2006-06-01 07:10:00,289.897,287.891,42.037,3.968,3.453,3.292,294.572,294.953,294.771,290.217,99600.000,290.386,289.978,289.642,290.246,289.741,289.382,
2006-06-01 07:15:00,290.173,287.961,44.098,4.169,3.580,3.403,294.968,295.293,295.306,290.400,99600.000,290.729,290.260,289.883,290.566,289.993,289.596,
2006-06-01 07:20:00,290.321,288.027,45.059,4.262,3.642,3.466,295.371,295.613,295.838,290.583,99600.000,290.881,290.412,290.030,290.720,290.141,289.736,
2006-06-01 07:25:00,290.572,288.091,46.777,4.426,3.753,3.561,295.779,295.912,296.373,290.767,99600.000,291.195,290.669,290.248,291.012,290.370,289.928,
2006-06-01 07:30:00,290.720,288.152,47.656,4.510,3.811,3.620,296.026,296.030,296.845,290.950,99600.000,291.349,290.820,290.393,291.167,290.517,290.066,
2006-06-01 07:35:00,290.969,288.211,49.263,4.664,3.917,3.711,296.282,296.116,297.326,291.133,99600.000,291.662,291.077,290.609,291.459,290.744,290.255,
2006-06-01 07:40:00,291.110,288.268,50.018,4.738,3.969,3.762,296.599,296.219,297.818,291.317,99600.000,291.810,291.220,290.745,291.606,290.883,290.384,
2006-06-01 07:45:00,291.358,288.324,51.604,4.883,4.092,3.849,296.958,296.319,298.312,291.500,99600.000,292.124,291.475,290.959,291.898,291.108,290.571,
2006-06-01 07:50:00,291.496,288.378,52.350,4.950,4.158,3.897,297.426,296.436,298.820,291.683,99600.000,292.270,291.617,291.094,292.044,291.245,290.698,
2006-06-01 07:55:00,291.750,288.432,53.574,5.075,4.257,3.970,297.908,296.534,299.343,291.867,99600.000,292.590,291.877,291.312,292.342,291.475,290.888,
2006-06-01 08:00:00,291.891,288.484,52.543,4.643,4.308,4.010,298.434,296.623,299.933,292.050,99600.000,292.740,292.022,291.449,292.490,291.614,291.018,
2006-06-01 08:05:00,292.124,288.489,54.305,4.756,4.465,4.113,299.004,296.708,300.548,292.142,99600.000,293.042,292.262,291.646,292.769,291.823,291.185,
2006-06-01 08:10:00,292.148,288.493,55.329,4.806,4.546,4.191,299.709,296.846,301.290,292.233,99600.000,293.047,292.287,291.680,292.783,291.855,291.222,
2006-06-01 08:15:00,292.389,288.498,57.985,5.018,4.726,4.340,300.394,296.938,302.103,292.325,99600.000,293.376,292.537,291.875,293.082,292.066,291.379,
2006-06-01 08:20:00,292.468,288.503,59.585,5.119,4.835,4.444,301.105,297.020,302.944,292.417,99600.000,293.432,292.618,291.965,293.150,292.154,291.471,
2006-06-01 08:25:00,292.750,288.509,62.864,5.364,5.051,4.627,301.849,297.099,303.847,292.508,99600.000,293.808,292.911,292.200,293.495,292.405,291.666,
2006-06-01 08:30:00,292.824,288.516,64.554,5.461,5.158,4.728,302.570,297.226,304.523,292.600,99600.000,293.857,292.988,292.287,293.557,292.490,291.754,
2006-06-01 08:35:00,293.081,288.523,67.325,5.670,5.337,4.875,303.287,297.371,305.209,292.692,99600.000,294.206,293.254,292.496,293.875,292.715,291.923,
2006-06-01 08:40:00,293.128,288.531,68.682,5.744,5.420,4.958,304.001,297.525,305.911,292.783,99600.000,294.227,293.304,292.556,293.910,292.773,291.985,
2006-06-01 08:45:00,293.388,288.541,71.443,5.947,5.594,5.120,304.711,297.684,306.582,292.875,99600.000,294.580,293.575,292.768,294.232,293.001,292.157,
2006-06-01 08:50:00,293.433,288.552,72.722,6.011,5.668,5.203,305.459,297.970,307.266,292.967,99600.000,294.597,293.622,292.826,294.263,293.058,292.217,
2006-06-01 08:55:00,293.693,288.564,75.394,6.208,5.837,5.353,306.169,298.178,307.937,293.058,99600.000,294.952,293.894,293.038,294.587,293.286,292.387,
2006-06-01 09:00:00,293.729,288.577,76.475,6.149,5.926,5.450,306.901,298.390,308.616,293.150,99600.000,294.959,293.933,293.088,294.608,293.335,292.439,
2006-06-01 09:05:00,294.030,288.678,78.141,6.293,6.050,5.557,307.639,298.603,309.292,293.242,99600.000,295.351,294.244,293.343,294.970,293.605,292.654,
2006-06-01 09:10:00,294.224,288.780,78.094,6.303,6.075,5.593,308.380,298.816,309.745,293.333,99600.000,295.519,294.441,293.549,295.152,293.810,292.861,
2006-06-01 09:15:00,294.530,288.884,78.263,6.356,6.128,5.641,309.122,299.030,310.122,293.425,99600.000,295.867,294.750,293.834,295.485,294.101,293.129,
2006-06-01 09:20:00,294.623,288.988,76.977,6.293,6.080,5.605,309.865,299.246,310.459,293.517,99600.000,295.929,294.841,293.941,295.559,294.204,293.248,
2006-06-01 09:25:00,294.832,289.094,76.289,6.291,6.075,5.600,310.608,299.463,310.721,293.608,99600.000,296.171,295.052,294.134,295.789,294.402,293.430,
2006-06-01 09:30:00,294.885,289.201,74.355,6.189,5.986,5.527,311.280,299.650,310.895,293.700,99600.000,296.187,295.100,294.207,295.816,294.468,293.520,
2006-06-01 09:35:00,295.088,289.309,73.461,6.174,5.983,5.508,311.923,299.828,311.026,293.792,99600.000,296.422,295.305,294.393,296.039,294.658,293.694,
2006-06-01 09:40:00,295.126,289.418,71.794,6.078,5.919,5.445,312.547,300.000,311.146,293.883,99600.000,296.418,295.338,294.452,296.049,294.710,293.772,
2006-06-01 09:45:00,295.320,289.529,71.285,6.121,5.920,5.432,313.156,300.168,311.225,293.975,99600.000,296.647,295.534,294.629,296.265,294.892,293.937,
2006-06-01 09:50:00,295.341,289.640,70.641,6.159,5.956,5.364,313.750,300.334,311.298,294.067,99600.000,296.621,295.550,294.674,296.254,294.929,294.002,
2006-06-01 09:55:00,295.532,289.753,71.707,6.334,6.140,5.393,314.332,300.498,311.349,294.158,99600.000,296.847,295.742,294.847,296.467,295.107,294.162,
2006-06-01 10:00:00,295.544,289.867,72.881,6.599,6.214,5.483,314.776,300.585,311.378,294.250,99600.000,296.809,295.749,294.885,296.446,295.137,294.222,
2006-06-01 10:05:00,295.701,289.928,74.521,6.805,6.364,5.614,315.165,300.643,311.393,294.342,99600.000,297.006,295.909,295.023,296.628,295.280,294.345,
2006-06-01 10:10:00,295.572,289.991,73.766,6.752,6.324,5.602,315.516,300.683,311.674,294.433,99600.000,296.812,295.773,294.926,296.457,295.172,294.275,
2006-06-01 10:15:00,295.799,290.055,75.801,6.978,6.487,5.728,315.835,300.711,311.998,294.525,99600.000,297.134,296.010,295.105,296.746,295.367,294.414,
2006-06-01 10:20:00,295.796,290.120,75.918,6.983,6.516,5.781,316.128,300.731,312.335,294.617,99600.000,297.063,296.004,295.137,296.702,295.390,294.466,
2006-06-01 10:25:00,296.109,290.187,78.587,7.268,6.731,5.954,316.398,300.746,312.705,294.708,99600.000,297.485,296.327,295.393,297.085,295.664,294.679,
2006-06-01 10:30:00,296.089,290.256,78.606,7.258,6.752,6.010,316.656,300.789,313.061,294.800,99600.000,297.393,296.306,295.410,297.023,295.672,294.716,
2006-06-01 10:35:00,296.384,290.326,81.190,7.540,6.961,6.182,316.894,300.841,313.426,294.892,99600.000,297.799,296.611,295.648,297.390,295.928,294.910,
2006-06-01 10:40:00,296.353,290.397,81.073,7.509,6.965,6.221,317.114,300.897,313.810,294.983,99600.000,297.693,296.579,295.656,297.315,295.926,294.940,
2006-06-01 10:45:00,296.664,290.470,83.802,7.810,7.191,6.409,317.315,300.954,314.193,295.075,99600.000,298.117,296.900,295.908,297.699,296.196,295.146,
2006-06-01 10:50:00,296.634,290.545,83.761,7.800,7.201,6.454,317.498,301.012,314.586,295.167,99600.000,298.010,296.869,295.918,297.624,296.197,295.179,
2006-06-01 10:55:00,296.951,290.621,86.664,8.140,7.438,6.652,317.664,301.070,314.973,295.258,99600.000,298.444,297.197,296.174,298.017,296.473,295.387,
2006-06-01 11:00:00,296.913,290.698,82.700,8.163,6.885,6.196,317.934,301.197,315.388,295.350,99600.000,298.325,297.157,296.177,297.932,296.465,295.414,
2006-06-01 11:05:00,297.312,290.922,85.511,8.229,7.129,6.395,318.226,301.347,315.798,295.442,99600.000,298.839,297.565,296.516,298.405,296.823,295.709,
2006-06-01 11:10:00,297.448,291.146,86.635,8.303,7.209,6.504,318.526,301.512,315.976,295.533,99600.000,298.881,297.697,296.700,298.483,296.994,295.922,
2006-06-01 11:15:00,297.764,291.372,88.848,8.480,7.392,6.681,318.825,301.687,316.153,295.625,99600.000,299.240,298.013,296.995,298.824,297.293,296.206,
2006-06-01 11:20:00,297.834,291.598,89.585,8.509,7.427,6.756,319.119,301.869,316.245,295.717,99600.000,299.225,298.078,297.110,298.840,297.395,296.353,
2006-06-01 11:25:00,298.223,291.824,92.237,8.706,7.655,6.975,319.406,302.058,316.197,295.808,99600.000,299.656,298.468,297.476,299.255,297.767,296.704,
2006-06-01 11:30:00,298.245,292.050,92.525,8.690,7.646,7.019,319.484,302.191,315.810,295.900,99600.000,299.575,298.477,297.551,299.207,297.824,296.828,
2006-06-01 11:35:00,298.426,292.276,93.770,8.782,7.746,7.127,319.487,302.308,315.305,295.992,99600.000,299.776,298.654,297.722,299.397,297.995,297.000,
2006-06-01 11:40:00,298.340,292.500,93.413,8.720,7.681,7.120,319.593,302.354,314.822,296.083,99600.000,299.581,298.554,297.694,299.236,297.947,297.023,
2006-06-01 11:45:00,298.548,292.724,94.788,8.818,7.790,7.235,319.562,302.434,314.242,296.175,99600.000,299.814,298.759,297.889,299.456,298.143,297.217,
2006-06-01 11:50:00,298.422,292.946,94.084,8.727,7.689,7.195,319.482,302.518,313.659,296.267,99600.000,299.573,298.617,297.822,299.251,298.055,297.204,
2006-06-01 11:55:00,298.582,293.166,95.098,8.798,7.751,7.279,319.368,302.605,313.053,296.358,99600.000,299.757,298.775,297.971,299.422,298.205,297.351,
2006-06-01 12:00:00,298.492,293.385,99.955,8.911,8.299,7.836,319.045,302.596,312.455,296.450,99600.000,299.560,298.671,297.937,299.259,298.152,297.365,
2006-06-01 12:05:00,298.488,293.306,100.148,8.917,8.317,7.858,318.646,302.556,311.840,296.450,99600.000,299.590,298.668,297.915,299.275,298.135,297.333,
2006-06-01 12:10:00,298.161,293.229,98.153,8.758,8.106,7.698,318.202,302.498,311.181,296.450,99600.000,299.180,298.332,297.632,298.893,297.837,297.085,
2006-06-01 12:15:00,297.933,293.151,96.793,8.689,7.973,7.568,317.728,302.430,311.139,296.450,99600.000,298.998,298.101,297.380,298.690,297.590,296.826,
2006-06-01 12:20:00,297.791,293.075,96.004,8.640,7.903,7.507,317.233,302.359,311.156,296.450,99600.000,298.863,297.964,297.234,298.555,297.447,296.669,
2006-06-01 12:25:00,297.942,292.999,97.075,8.716,8.009,7.601,316.724,302.286,311.320,296.450,99600.000,299.072,298.126,297.356,298.748,297.581,296.758,
2006-06-01 12:30:00,298.009,292.925,97.805,8.771,8.084,7.674,316.517,302.283,311.700,296.450,99600.000,299.170,298.200,297.407,298.839,297.639,296.790,
2006-06-01 12:35:00,298.174,292.851,99.230,8.883,8.235,7.806,316.397,302.305,312.147,296.450,99600.000,299.400,298.378,297.536,299.052,297.782,296.882,
2006-06-01 12:40:00,298.092,292.779,99.034,8.876,8.214,7.795,316.322,302.342,312.569,296.450,99600.000,299.322,298.298,297.452,298.975,297.700,296.796,
2006-06-01 12:45:00,298.194,292.708,100.068,8.968,8.324,7.887,316.271,302.389,313.137,296.450,99600.000,299.493,298.411,297.518,299.126,297.780,296.825,
2006-06-01 12:50:00,298.212,292.638,100.568,9.006,8.383,7.952,316.234,302.444,313.707,296.450,99600.000,299.517,298.435,297.533,299.152,297.799,296.829,
2006-06-01 12:55:00,298.428,292.571,102.389,9.160,8.582,8.119,316.201,302.504,314.341,296.450,99600.000,299.829,298.666,297.698,299.436,297.983,296.945,
2006-06-01 13:00:00,298.333,292.506,100.293,8.652,8.559,8.113,316.308,302.631,314.920,296.450,99600.000,299.714,298.576,297.613,299.333,297.898,296.859,
2006-06-01 13:05:00,298.568,292.589,101.838,8.776,8.586,8.264,316.456,302.784,315.563,296.500,99600.000,300.045,298.824,297.799,299.633,298.102,296.998,
2006-06-01 13:10:00,298.916,292.673,103.960,8.932,8.755,8.537,316.623,302.955,315.537,296.550,99600.000,300.398,299.182,298.143,299.991,298.452,297.324,
2006-06-01 13:15:00,299.062,292.760,105.021,8.990,8.831,8.688,316.799,303.139,315.539,296.600,99600.000,300.501,299.315,298.312,300.104,298.608,297.525,
2006-06-01 13:20:00,299.088,292.848,105.445,9.024,8.860,8.728,316.978,303.335,315.563,296.650,99600.000,300.549,299.340,298.326,300.141,298.625,297.539,
2006-06-01 13:25:00,299.099,292.938,105.798,9.029,8.879,8.777,317.155,303.540,315.571,296.700,99600.000,300.524,299.345,298.357,300.128,298.648,297.586,
2006-06-01 13:30:00,299.171,293.030,106.384,9.077,8.918,8.851,317.238,303.673,315.493,296.750,99600.000,300.615,299.413,298.418,300.208,298.710,297.649,
2006-06-01 13:35:00,299.270,293.124,107.259,9.116,9.011,8.948,317.282,303.783,315.437,296.800,99600.000,300.695,299.512,298.528,300.296,298.817,297.764,
2006-06-01 13:40:00,299.351,293.219,108.197,9.157,9.101,9.057,317.297,303.878,315.328,296.850,99600.000,300.789,299.591,298.603,300.382,298.892,297.839,
2006-06-01 13:45:00,299.451,293.317,109.387,9.228,9.192,9.201,317.285,303.962,315.216,296.900,99600.000,300.880,299.691,298.706,300.477,298.994,297.944,
2006-06-01 13:50:00,299.504,293.416,110.417,9.317,9.264,9.317,317.249,304.038,315.076,296.950,99600.000,300.934,299.741,298.759,300.528,299.047,298.003,
2006-06-01 13:55:00,299.612,293.518,111.677,9.418,9.354,9.462,317.189,304.107,314.939,297.000,99600.000,301.043,299.849,298.867,300.637,299.154,298.109,
2006-06-01 14:00:00,299.657,293.621,112.498,9.478,9.409,9.552,316.968,304.086,314.778,297.050,99600.000,301.080,299.891,298.916,300.675,299.201,298.167,
2006-06-01 14:05:00,299.789,293.759,113.746,9.579,9.499,9.702,316.668,304.144,314.620,297.142,99600.000,301.219,300.023,299.045,300.812,299.330,298.294,
2006-06-01 14:10:00,299.728,293.897,113.992,9.585,9.515,9.752,316.338,304.104,314.707,297.233,99600.000,301.114,299.954,299.006,300.719,299.283,298.279,
2006-06-01 14:15:00,299.937,294.036,115.672,9.748,9.645,9.952,315.971,304.030,314.855,297.325,99600.000,301.388,300.171,299.182,300.971,299.470,298.426,
2006-06-01 14:20:00,299.987,294.176,116.481,9.793,9.704,10.073,315.570,303.933,315.007,297.417,99600.000,301.389,300.218,299.257,300.991,299.538,298.516,
2006-06-01 14:25:00,300.271,294.317,118.103,9.993,9.863,10.113,315.138,303.818,315.207,297.508,99600.000,301.752,300.511,299.500,301.327,299.795,298.725,
2006-06-01 14:30:00,300.303,294.459,118.595,10.019,9.908,10.195,314.631,303.720,315.264,297.600,99600.000,301.729,300.542,299.560,301.327,299.848,298.801,
2006-06-01 14:35:00,300.555,294.601,119.952,10.196,10.044,10.326,314.090,303.625,315.327,297.692,99600.000,302.061,300.802,299.771,301.632,300.072,298.979,
2006-06-01 14:40:00,300.552,294.744,120.228,10.196,10.066,10.375,313.526,303.529,315.399,297.783,99600.000,301.998,300.797,299.798,301.593,300.092,299.025,
2006-06-01 14:45:00,300.798,294.888,121.536,10.373,10.202,10.502,312.945,303.434,315.445,297.875,99600.000,302.325,301.051,300.003,301.892,300.310,299.196,
2006-06-01 14:50:00,300.778,295.032,121.716,10.362,10.216,10.543,312.350,303.337,315.498,297.967,99600.000,302.241,301.030,300.016,301.833,300.315,299.229,
2006-06-01 14:55:00,301.008,295.178,122.924,10.527,10.342,10.658,311.744,303.240,315.533,298.058,99600.000,302.549,301.268,300.205,302.114,300.518,299.385,
2006-06-01 15:00:00,300.959,295.324,124.580,10.943,10.344,10.691,311.222,303.215,315.597,298.150,99600.000,302.428,301.215,300.193,302.021,300.495,299.396,
2006-06-01 15:05:00,301.083,295.309,125.543,11.089,10.434,10.769,310.719,303.213,315.649,298.058,99600.000,302.633,301.349,300.275,302.199,300.592,299.440,
2006-06-01 15:10:00,300.919,295.294,125.213,11.020,10.387,10.748,310.221,303.223,315.632,297.967,99600.000,302.410,301.187,300.142,302.002,300.453,299.320,
2006-06-01 15:15:00,300.807,295.280,125.104,11.010,10.357,10.723,309.722,303.241,315.638,297.875,99600.000,302.323,301.074,300.017,301.903,300.331,299.188,
2006-06-01 15:20:00,300.578,295.268,124.477,10.900,10.276,10.671,309.219,303.264,315.633,297.783,99600.000,302.023,300.841,299.825,301.628,300.129,299.018,
2006-06-01 15:25:00,300.812,295.256,125.725,11.077,10.402,10.780,308.708,303.289,315.593,297.692,99600.000,302.352,301.091,300.011,301.928,300.335,299.152,
2006-06-01 15:30:00,300.736,295.245,125.656,11.039,10.386,10.787,308.173,303.298,315.456,297.600,99600.000,302.220,301.016,299.962,301.821,300.280,299.117,
2006-06-01 15:35:00,300.636,295.234,125.514,11.019,10.354,10.763,307.622,303.301,315.223,297.508,99600.000,302.138,300.914,299.853,301.730,300.171,299.007,
2006-06-01 15:40:00,300.395,295.225,124.752,10.887,10.259,10.704,307.055,303.299,314.999,297.417,99600.000,301.811,300.662,299.658,301.429,299.961,298.850,
2006-06-01 15:45:00,300.603,295.217,125.815,11.041,10.365,10.795,306.474,303.292,314.720,297.325,99600.000,302.108,300.879,299.820,301.696,300.138,298.972,
2006-06-01 15:50:00,300.389,295.209,125.142,10.917,10.281,10.747,305.877,303.280,314.417,297.233,99600.000,301.803,300.656,299.652,301.424,299.955,298.844,
2006-06-01 15:55:00,300.268,295.203,124.877,10.882,10.236,10.712,305.265,303.263,314.059,297.142,99600.000,301.698,300.529,299.523,301.306,299.825,298.721,
2006-06-01 16:00:00,300.078,295.198,120.354,10.945,9.579,10.284,304.753,303.360,313.668,297.050,99600.000,301.430,300.330,299.374,301.063,299.662,298.606,
2006-06-01 16:05:00,300.220,295.159,119.894,10.980,9.546,10.015,304.337,303.561,313.240,296.958,99600.000,301.656,300.480,299.473,301.261,299.775,298.670,
2006-06-01 16:10:00,299.889,295.123,118.036,10.753,9.365,10.041,303.963,303.810,312.766,296.867,99600.000,301.213,300.136,299.199,300.855,299.481,298.448,
2006-06-01 16:15:00,299.610,295.088,116.308,10.615,9.222,9.817,303.615,304.088,312.353,296.775,99600.000,300.924,299.845,298.927,300.560,299.201,298.200,
2006-06-01 16:20:00,299.070,295.056,113.288,10.323,8.977,9.451,303.285,304.383,312.020,296.683,99600.000,300.240,299.282,298.462,299.918,298.708,297.806,
2006-06-01 16:25:00,298.698,295.026,111.233,10.155,8.812,9.190,302.966,304.689,311.746,296.592,99600.000,299.821,298.895,298.115,299.505,298.349,297.495,
2006-06-01 16:30:00,298.021,294.999,106.923,9.798,8.560,8.758,302.668,305.012,311.479,296.500,99600.000,298.946,298.187,297.541,298.688,297.736,297.022,
2006-06-01 16:35:00,297.501,294.978,103.078,9.693,8.180,8.430,302.380,305.340,311.252,296.408,99600.000,298.302,297.640,297.087,298.073,297.254,296.642,
2006-06-01 16:40:00,297.214,294.964,100.300,9.388,7.951,8.241,302.099,305.669,311.008,296.317,99600.000,297.909,297.339,296.856,297.712,297.003,296.459,
2006-06-01 16:45:00,297.349,294.965,101.404,9.500,7.999,8.269,301.711,305.921,310.755,296.225,99600.000,298.107,297.484,296.958,297.890,297.118,296.528,
2006-06-01 16:50:00,297.324,294.995,101.017,9.438,7.950,8.235,301.398,306.223,310.459,296.133,99600.000,298.050,297.458,296.950,297.847,297.106,296.528,
2006-06-01 16:55:00,297.403,295.030,101.630,9.478,7.963,8.244,301.104,306.533,310.083,296.042,99600.000,298.151,297.541,297.018,297.940,297.179,296.584,
2006-06-01 17:00:00,297.307,295.065,85.621,6.702,7.247,7.433,300.844,306.921,309.674,295.950,99600.000,297.993,297.438,296.953,297.803,297.103,296.545,
2006-06-01 17:05:00,297.259,294.990,84.780,6.617,7.171,7.317,300.599,307.340,309.191,295.767,99600.000,297.960,297.392,296.898,297.763,297.051,296.485,
2006-06-01 17:10:00,297.020,294.931,82.791,6.417,6.987,7.145,300.363,307.777,308.701,295.583,99600.000,297.653,297.144,296.695,297.479,296.835,296.314,
2006-06-01 17:15:00,296.956,294.892,82.202,6.351,6.913,7.062,300.132,308.226,308.148,295.400,99600.000,297.595,297.078,296.627,297.417,296.767,296.247,
2006-06-01 17:20:00,296.814,294.897,80.970,6.199,6.780,6.945,299.905,308.680,307.606,295.217,99600.000,297.390,296.929,296.517,297.233,296.646,296.167,
2006-06-01 17:25:00,296.860,294.931,81.233,6.188,6.768,6.929,299.679,309.135,306.995,295.033,99600.000,297.447,296.976,296.558,297.286,296.689,296.203,
