cur_datetime,canTemp_K,canHum_Ratio,canPres_Pa,sensWaste,coolConsump[J],heatConsump[J],ElecTotal[J],wallSun_K,wallShade_K,roof_K,MeteoData.Tatm,MeteoData.Pre,TempProf_cur[20.0],PresProf_cur[20.0],
2004-06-01 00:05:00,292.818,0.012,99549.401,0.000,0.000,0.000,2413257.665,299.900,299.900,282.921,291.258,99200.000,291.721,99386.397,
2004-06-01 00:10:00,292.015,0.011,99549.700,0.000,0.000,0.000,2413257.665,299.635,299.635,283.981,291.267,99200.000,291.534,99386.451,
2004-06-01 00:15:00,292.682,0.012,99549.583,0.000,0.000,0.000,2413257.665,299.147,299.147,284.580,291.275,99200.000,291.526,99386.454,
2004-06-01 00:20:00,292.519,0.012,99549.837,0.000,0.000,0.000,2413257.665,298.749,298.749,285.886,291.283,99200.000,291.334,99386.501,
2004-06-01 00:25:00,292.343,0.012,99550.136,0.000,0.000,0.000,2413257.665,298.461,298.461,287.501,291.292,99200.000,291.079,99386.568,
2004-06-01 00:30:00,292.012,0.012,99550.248,0.000,0.000,0.000,2413257.665,298.247,298.247,288.340,291.300,99200.000,290.902,99386.626,
2004-06-01 00:35:00,292.218,0.012,99550.274,0.000,0.000,0.000,2413257.665,298.043,298.043,289.131,291.308,99200.000,290.788,99386.694,
2004-06-01 00:40:00,291.996,0.012,99550.241,0.000,0.000,0.000,2413257.665,297.871,297.871,289.697,291.317,99200.000,290.918,99386.707,
2004-06-01 00:45:00,292.054,0.012,99549.817,0.000,0.000,0.000,2413257.665,297.707,297.707,290.218,291.325,99200.000,291.390,99386.492,
2004-06-01 00:50:00,291.720,0.012,99549.775,0.000,0.000,0.000,2413257.665,297.580,297.580,290.349,291.333,99200.000,291.500,99386.451,
2004-06-01 00:55:00,291.890,0.012,99549.706,0.000,0.000,0.000,2413257.665,297.413,297.413,290.373,291.342,99200.000,291.546,99386.436,
2004-06-01 01:00:00,291.855,0.012,99549.708,0.000,0.000,0.000,2413257.665,297.294,297.294,290.421,291.350,99200.000,291.546,99386.433,
2004-06-01 01:05:00,292.067,0.012,99549.655,0.000,0.000,0.000,2413257.665,297.164,297.164,290.568,291.350,99200.000,291.567,99386.428,
2004-06-01 01:10:00,291.911,0.012,99549.692,0.000,0.000,0.000,2413257.665,297.090,297.090,290.602,291.350,99200.000,291.554,99386.432,
2004-06-01 01:15:00,292.077,0.012,99549.650,0.000,0.000,0.000,2413257.665,296.992,296.992,290.747,291.350,99200.000,291.571,99386.427,
2004-06-01 01:20:00,291.890,0.012,99549.694,0.000,0.000,0.000,2413257.665,296.936,296.936,290.740,291.350,99200.000,291.557,99386.432,
2004-06-01 01:25:00,292.063,0.012,99549.651,0.000,0.000,0.000,2413257.665,296.844,296.844,290.857,291.350,99200.000,291.573,99386.428,
2004-06-01 01:30:00,291.879,0.012,99549.695,0.000,0.000,0.000,2413257.665,296.796,296.796,290.825,291.350,99200.000,291.558,99386.432,
2004-06-01 01:35:00,292.055,0.012,99549.653,0.000,0.000,0.000,2413257.665,296.708,296.708,290.927,291.350,99200.000,291.573,99386.428,
2004-06-01 01:40:00,291.873,0.012,99549.696,0.000,0.000,0.000,2413257.665,296.665,296.665,290.884,291.350,99200.000,291.559,99386.432,
2004-06-01 01:45:00,292.045,0.012,99549.655,0.000,0.000,0.000,2413257.665,296.582,296.582,290.978,291.350,99200.000,291.573,99386.429,
2004-06-01 01:50:00,291.866,0.012,99549.697,0.000,0.000,0.000,2413257.665,296.544,296.544,290.929,291.350,99200.000,291.558,99386.433,
2004-06-01 01:55:00,292.034,0.012,99549.658,0.000,0.000,0.000,2413257.665,296.466,296.466,291.017,291.350,99200.000,291.572,99386.430,
2004-06-01 02:00:00,291.855,0.012,99549.701,0.000,0.000,0.000,2413257.665,296.434,296.434,290.958,291.350,99200.000,291.557,99386.434,
2004-06-01 02:05:00,292.022,0.012,99549.658,0.000,0.000,0.000,2413257.665,296.358,296.358,291.038,291.358,99208.333,291.574,99386.428,
2004-06-01 02:10:00,291.854,0.012,99549.692,0.000,0.000,0.000,2413257.665,296.329,296.329,290.980,291.367,99216.667,291.565,99386.428,
2004-06-01 02:15:00,292.018,0.012,99549.649,0.000,0.000,0.000,2413257.665,296.258,296.258,291.057,291.375,99225.000,291.583,99386.421,
2004-06-01 02:20:00,291.854,0.012,99549.682,0.000,0.000,0.000,2413257.665,296.234,296.234,290.997,291.383,99233.333,291.575,99386.421,
2004-06-01 02:25:00,292.012,0.012,99549.640,0.000,0.000,0.000,2413257.665,296.166,296.166,291.071,291.392,99241.667,291.592,99386.414,
2004-06-01 02:30:00,291.852,0.011,99549.673,0.000,0.000,0.000,2413257.665,296.145,296.145,291.012,291.400,99250.000,291.584,99386.415,
2004-06-01 02:35:00,292.003,0.012,99549.633,0.000,0.000,0.000,2413257.665,296.080,296.080,291.081,291.408,99258.333,291.601,99386.408,
2004-06-01 02:40:00,291.852,0.011,99549.663,0.000,0.000,0.000,2413257.665,296.060,296.060,291.024,291.417,99266.667,291.593,99386.408,
2004-06-01 02:45:00,291.999,0.012,99549.623,0.000,0.000,0.000,2413257.665,295.999,295.999,291.091,291.425,99275.000,291.610,99386.401,
2004-06-01 02:50:00,291.853,0.011,99549.652,0.000,0.000,0.000,2413257.665,295.982,295.982,291.034,291.433,99283.333,291.603,99386.401,
2004-06-01 02:55:00,291.994,0.012,99549.614,0.000,0.000,0.000,2413257.665,295.923,295.923,291.099,291.442,99291.667,291.620,99386.394,
2004-06-01 03:00:00,291.851,0.011,99549.643,0.000,0.000,0.000,2413257.665,295.908,295.908,291.046,291.450,99300.000,291.613,99386.394,
2004-06-01 03:05:00,291.959,0.012,99549.653,0.000,0.000,0.000,2413257.665,295.850,295.850,291.099,291.408,99308.333,291.590,99386.416,
2004-06-01 03:10:00,291.784,0.011,99549.736,0.000,0.000,0.000,2413257.665,295.837,295.837,291.029,291.367,99316.667,291.536,99386.447,
2004-06-01 03:15:00,291.878,0.011,99549.757,0.000,0.000,0.000,2413257.665,295.782,295.782,291.068,291.325,99325.000,291.503,99386.473,
2004-06-01 03:20:00,291.705,0.011,99549.840,0.000,0.000,0.000,2413257.665,295.769,295.769,290.993,291.283,99333.333,291.449,99386.505,
2004-06-01 03:25:00,291.802,0.011,99549.860,0.000,0.000,0.000,2413257.665,295.713,295.713,291.028,291.242,99341.667,291.416,99386.530,
2004-06-01 03:30:00,291.630,0.011,99549.942,0.000,0.000,0.000,2413257.665,295.700,295.700,290.950,291.200,99350.000,291.363,99386.562,
2004-06-01 03:35:00,291.727,0.011,99549.963,0.000,0.000,0.000,2413257.665,295.645,295.645,290.982,291.158,99358.333,291.329,99386.588,
2004-06-01 03:40:00,291.554,0.011,99550.046,0.000,0.000,0.000,2413257.665,295.632,295.632,290.903,291.117,99366.667,291.275,99386.619,
2004-06-01 03:45:00,291.649,0.011,99550.067,0.000,0.000,0.000,2413257.665,295.579,295.579,290.933,291.075,99375.000,291.242,99386.645,
2004-06-01 03:50:00,291.476,0.011,99550.150,0.000,0.000,0.000,2413257.665,295.565,295.565,290.853,291.033,99383.333,291.188,99386.677,
2004-06-01 03:55:00,291.573,0.011,99550.171,0.000,0.000,0.000,2413257.665,295.512,295.512,290.883,290.992,99391.667,291.154,99386.703,
2004-06-01 04:00:00,291.398,0.011,99550.255,0.000,0.000,0.000,2413257.665,295.499,295.499,290.793,290.950,99400.000,291.100,99386.734,
2004-06-01 04:05:00,291.426,0.011,99550.389,0.000,0.000,0.000,2413257.665,295.448,295.448,290.781,290.808,99400.000,290.973,99386.828,
2004-06-01 04:10:00,291.154,0.011,99550.607,0.000,0.000,0.000,2413257.665,295.442,295.437,290.662,290.667,99400.000,290.806,99386.934,
2004-06-01 04:15:00,291.141,0.011,99550.765,0.000,0.000,0.000,2413257.665,295.394,295.385,290.639,290.525,99400.000,290.658,99387.034,
2004-06-01 04:20:00,290.847,0.011,99550.984,0.000,0.000,0.000,2413257.665,295.380,295.368,290.632,290.383,99400.000,290.493,99387.137,
2004-06-01 04:25:00,290.932,0.011,99551.101,0.000,0.000,0.000,2413257.665,295.322,295.307,290.675,290.242,99400.000,290.372,99387.228,
2004-06-01 04:30:00,290.715,0.011,99551.284,0.000,0.000,0.000,2413257.665,295.298,295.280,290.600,290.100,99400.000,290.232,99387.325,
2004-06-01 04:35:00,291.177,0.012,99551.268,0.000,0.000,0.000,2413257.665,295.238,295.218,290.925,289.958,99400.000,290.183,99387.395,
2004-06-01 04:40:00,290.858,0.011,99551.391,0.000,0.000,0.000,2413257.665,295.198,295.176,290.749,289.817,99400.000,290.136,99387.462,
2004-06-01 04:45:00,290.935,0.012,99551.579,0.000,0.000,0.000,2413257.665,295.163,295.140,290.839,289.675,99400.000,289.958,99387.566,
2004-06-01 04:50:00,290.478,0.011,99551.803,0.000,0.000,0.000,2413257.665,295.133,295.110,290.532,289.533,99400.000,289.802,99387.667,
2004-06-01 04:55:00,290.649,0.011,99551.951,0.000,0.000,0.000,2681397.405,295.091,295.067,290.659,289.392,99400.000,289.643,99387.769,
2004-06-01 05:00:00,290.259,0.011,99552.121,154.059,0.000,0.000,2681397.405,295.042,295.016,290.363,289.250,99400.000,289.538,99387.855,
2004-06-01 05:05:00,291.286,0.011,99551.667,143.681,0.000,0.000,2681397.405,294.992,294.965,291.134,289.208,99408.333,289.856,99387.788,
2004-06-01 05:10:00,290.863,0.011,99551.807,134.327,0.000,0.000,2681397.405,294.944,294.916,290.808,289.167,99416.667,289.791,99387.829,
2004-06-01 05:15:00,290.957,0.011,99551.940,68.877,0.000,0.000,2681397.405,294.940,294.914,290.920,289.125,99425.000,289.650,99387.897,
2004-06-01 05:20:00,290.356,0.011,99552.230,61.263,0.000,0.000,2681397.405,294.939,294.914,290.500,289.083,99433.333,289.445,99387.983,
2004-06-01 05:25:00,290.553,0.011,99552.306,64.524,0.000,0.000,2681397.405,294.921,294.897,290.645,289.042,99441.667,289.346,99388.039,
2004-06-01 05:30:00,290.247,0.011,99552.384,59.231,0.000,0.000,2681397.405,294.893,294.870,290.414,289.000,99450.000,289.314,99388.073,
2004-06-01 05:35:00,290.414,0.011,99552.475,62.307,0.000,0.000,2681397.405,294.858,294.837,290.552,288.958,99458.333,289.209,99388.129,
2004-06-01 05:40:00,290.119,0.011,99552.550,57.346,0.000,0.000,2681397.405,294.838,294.819,290.336,288.917,99466.667,289.176,99388.163,
2004-06-01 05:45:00,290.291,0.011,99552.636,60.508,0.000,0.000,2681397.405,294.806,294.788,290.481,288.875,99475.000,289.076,99388.217,
2004-06-01 05:50:00,290.007,0.011,99552.706,55.736,0.000,0.000,2681397.405,294.791,294.775,290.274,288.833,99483.333,289.048,99388.251,
2004-06-01 05:55:00,290.181,0.011,99552.788,58.949,4693737.011,0.000,3763959.645,294.762,294.746,290.421,288.792,99491.667,288.951,99388.304,
2004-06-01 06:00:00,289.900,0.011,99552.857,108.465,4502557.068,0.000,3719865.954,294.752,294.737,290.221,288.750,99500.000,288.923,99388.336,
2004-06-01 06:05:00,290.368,0.011,99552.725,60.259,4822706.469,0.000,3793705.126,294.723,294.710,290.602,288.842,99508.333,288.993,99388.327,
2004-06-01 06:10:00,289.857,0.011,99552.924,53.883,4503926.847,0.000,3720181.880,294.740,294.716,290.233,288.933,99516.667,288.871,99388.374,
2004-06-01 06:15:00,290.108,0.011,99552.961,57.573,4686514.312,0.000,3762293.804,294.769,294.728,290.459,289.025,99525.000,288.800,99388.410,
2004-06-01 06:20:00,289.866,0.010,99552.983,53.428,4544731.689,0.000,3729593.098,294.819,294.760,290.309,289.117,99533.333,288.811,99388.421,
2004-06-01 06:25:00,290.179,0.011,99552.995,58.805,4763784.062,0.000,3780115.278,294.850,294.777,290.588,289.208,99541.667,288.763,99388.451,
2004-06-01 06:30:00,289.925,0.010,99553.017,54.030,4610681.385,0.000,3744803.718,294.912,294.832,290.522,289.300,99550.000,288.776,99388.464,
2004-06-01 06:35:00,290.310,0.011,99553.009,60.875,4874895.867,0.000,3805742.075,294.944,294.865,290.955,289.392,99558.333,288.738,99388.492,
2004-06-01 06:40:00,290.076,0.011,99553.003,56.114,4744746.576,0.000,3775724.477,295.010,294.940,290.932,289.483,99566.667,288.776,99388.500,
2004-06-01 06:45:00,290.519,0.011,99552.984,64.202,5091641.137,0.000,3855732.146,295.046,294.986,291.439,289.575,99575.000,288.742,99388.529,
2004-06-01 06:50:00,290.271,0.011,99552.972,58.918,4990378.013,0.000,3832376.846,295.150,295.083,291.440,289.667,99583.333,288.788,99388.537,
2004-06-01 06:55:00,290.767,0.011,99552.945,68.148,7244020.209,0.000,5424715.237,295.232,295.143,292.011,289.758,99591.667,288.754,99388.568,
2004-06-01 07:00:00,290.499,0.011,99552.931,124.487,7142639.204,0.000,5401332.749,295.385,295.260,292.016,289.850,99600.000,288.805,99388.575,
2004-06-01 07:05:00,291.458,0.012,99552.546,80.235,7811670.919,0.000,5555638.044,295.504,295.331,292.935,290.033,99600.000,289.045,99388.480,
2004-06-01 07:10:00,291.010,0.011,99552.548,74.910,7561989.970,0.000,5498051.697,295.692,295.446,292.797,290.217,99600.000,289.102,99388.435,
2004-06-01 07:15:00,291.681,0.012,99552.371,88.317,8048265.534,0.000,5610206.162,295.852,295.513,293.494,290.400,99600.000,289.180,99388.388,
2004-06-01 07:20:00,291.467,0.012,99552.201,82.043,7959063.513,0.000,5589632.632,296.080,295.631,293.532,290.583,99600.000,289.370,99388.308,
2004-06-01 07:25:00,292.152,0.013,99552.032,97.960,8464929.645,0.000,5706305.460,296.252,295.676,294.238,290.767,99600.000,289.446,99388.261,
2004-06-01 07:30:00,291.891,0.012,99551.874,89.295,8354488.800,0.000,5680833.414,296.516,295.799,294.212,290.950,99600.000,289.630,99388.186,
2004-06-01 07:35:00,292.611,0.013,99551.722,107.944,8893291.784,0.000,5805102.789,296.712,295.837,294.919,291.133,99600.000,289.684,99388.148,
2004-06-01 07:40:00,292.295,0.012,99551.568,96.453,8755397.095,0.000,5773298.795,297.012,295.966,294.859,291.317,99600.000,289.871,99388.073,
2004-06-01 07:45:00,293.079,0.013,99551.418,118.672,9343474.858,0.000,5908932.892,297.230,295.996,295.625,291.500,99600.000,289.916,99388.038,
2004-06-01 07:50:00,292.714,0.013,99551.257,104.242,9180961.738,0.000,5871450.909,297.566,296.134,295.535,291.683,99600.000,290.116,99387.961,
2004-06-01 07:55:00,293.561,0.014,99551.112,129.942,20605695.690,0.000,14405522.762,297.802,296.156,296.363,291.867,99600.000,290.148,99387.931,
2004-06-01 08:00:00,293.142,0.013,99550.945,107.632,20429127.328,0.000,14364799.083,298.176,296.305,296.247,292.050,99600.000,290.362,99387.851,
2004-06-01 08:05:00,294.009,0.015,99550.861,138.720,21059202.856,0.000,14510119.533,298.427,296.318,297.113,292.142,99600.000,290.336,99387.855,
2004-06-01 08:10:00,293.444,0.013,99550.768,118.302,20748885.327,0.000,14438547.981,298.808,296.486,296.963,292.233,99600.000,290.498,99387.807,
2004-06-01 08:15:00,294.395,0.015,99550.680,154.145,21432447.056,0.000,14596204.474,299.014,296.493,297.977,292.325,99600.000,290.461,99387.815,
2004-06-01 08:20:00,293.889,0.014,99550.521,133.320,21159131.710,0.000,14533167.096,299.377,296.672,297.912,292.417,99600.000,290.676,99387.753,
2004-06-01 08:25:00,294.951,0.016,99550.395,174.263,21913409.183,0.000,14707133.450,299.554,296.671,299.058,292.508,99600.000,290.664,99387.754,
2004-06-01 08:30:00,294.442,0.015,99550.213,151.854,21636713.975,0.000,14643316.541,299.920,296.868,298.914,292.600,99600.000,290.902,99387.685,
2004-06-01 08:35:00,295.476,0.017,99550.123,138.885,22371116.376,0.000,14812698.913,300.089,296.870,299.938,292.692,99600.000,290.859,99387.694,
2004-06-01 08:40:00,294.580,0.015,99550.170,164.247,21839357.058,0.000,14690054.088,300.468,297.088,299.541,292.783,99600.000,290.919,99387.676,
2004-06-01 08:45:00,295.952,0.017,99549.900,146.195,22793541.614,0.000,14910126.956,300.630,297.089,300.788,292.875,99600.000,291.002,99387.649,
2004-06-01 08:50:00,294.982,0.016,99549.953,179.051,22212180.530,0.000,14776041.993,300.995,297.300,300.327,292.967,99600.000,291.073,99387.625,
2004-06-01 08:55:00,296.391,0.018,99549.677,153.423,23188389.932,0.000,15001194.666,301.150,297.299,301.618,293.058,99600.000,291.154,99387.599,
2004-06-01 09:00:00,295.346,0.017,99549.765,140.155,22556759.281,0.000,14855515.543,301.520,297.518,301.137,293.150,99600.000,291.198,99387.582,
2004-06-01 09:05:00,296.563,0.019,99549.572,157.088,23386326.097,0.000,15046846.610,301.668,297.516,302.323,293.242,99600.000,291.217,99387.543,
2004-06-01 09:10:00,295.927,0.017,99549.333,145.755,23001731.487,0.000,14958143.813,302.028,297.736,301.988,293.333,99600.000,291.518,99387.421,
2004-06-01 09:15:00,297.167,0.019,99549.074,164.643,23843408.813,0.000,15152268.045,302.135,297.709,303.021,293.425,99600.000,291.619,99387.353,
2004-06-01 09:20:00,296.378,0.018,99548.923,150.458,23357537.785,0.000,15040206.881,302.487,297.936,302.531,293.517,99600.000,291.864,99387.245,
2004-06-01 09:25:00,297.432,0.019,99548.754,167.594,24075387.865,0.000,15205771.631,302.581,297.910,303.364,293.608,99600.000,291.901,99387.194,
2004-06-01 09:30:00,296.610,0.017,99548.633,151.911,23565868.447,0.000,15088256.209,302.921,298.136,302.775,293.700,99600.000,292.120,99387.093,
2004-06-01 09:35:00,297.608,0.019,99548.486,168.157,24245333.930,0.000,15244967.945,302.984,298.091,303.520,293.792,99600.000,292.141,99387.046,
2004-06-01 09:40:00,296.775,0.017,99548.376,152.133,23726738.588,0.000,15125359.255,303.303,298.305,302.887,293.883,99600.000,292.351,99386.947,
2004-06-01 09:45:00,297.742,0.019,99548.240,168.390,24383532.013,0.000,15276841.914,303.338,298.240,303.594,293.975,99600.000,292.364,99386.902,
2004-06-01 09:50:00,296.907,0.017,99548.134,149.278,23862655.416,0.000,15156707.076,303.639,298.445,302.939,294.067,99600.000,292.571,99386.803,
2004-06-01 09:55:00,297.827,0.019,99548.019,168.439,24486791.915,0.000,15300657.750,303.650,298.363,303.608,294.158,99600.000,292.569,99386.761,
2004-06-01 10:00:00,297.007,0.016,99547.906,147.216,23973783.371,0.000,15182337.597,303.937,298.561,302.942,294.250,99600.000,292.781,99386.660,
2004-06-01 10:05:00,297.868,0.018,99547.853,165.953,24559113.788,0.000,15317338.047,303.922,298.460,303.559,294.342,99600.000,292.728,99386.651,
2004-06-01 10:10:00,296.892,0.015,99547.876,190.892,23944200.665,0.000,15175514.650,304.198,298.660,302.927,294.433,99600.000,292.828,99386.601,
2004-06-01 10:15:00,298.056,0.018,99547.664,164.947,24725526.623,0.000,15355719.459,304.158,298.552,303.929,294.525,99600.000,292.883,99386.562,
2004-06-01 10:20:00,297.044,0.015,99547.715,191.456,24085539.914,0.000,15208113.096,304.413,298.746,303.302,294.617,99600.000,292.956,99386.519,
2004-06-01 10:25:00,298.316,0.018,99547.451,167.203,24935758.635,0.000,15404207.313,304.366,298.641,304.428,294.708,99600.000,293.044,99386.472,
2004-06-01 10:30:00,297.344,0.016,99547.474,197.290,24319768.088,0.000,15262135.419,304.621,298.844,303.840,294.800,99600.000,293.142,99386.420,
2004-06-01 10:35:00,298.609,0.018,99547.203,169.424,25163780.611,0.000,15456798.240,304.578,298.751,304.958,294.892,99600.000,293.241,99386.368,
2004-06-01 10:40:00,297.628,0.016,99547.244,148.934,24540668.380,0.000,15313083.803,304.839,298.970,304.395,294.983,99600.000,293.320,99386.321,
2004-06-01 10:45:00,298.593,0.018,99547.144,170.343,25187188.003,0.000,15462196.915,304.801,298.890,305.303,295.075,99600.000,293.287,99386.305,
2004-06-01 10:50:00,297.915,0.016,99547.013,151.343,24759954.120,0.000,15363659.807,305.061,299.114,304.973,295.167,99600.000,293.492,99386.223,
2004-06-01 10:55:00,298.893,0.018,99546.882,172.798,25414153.183,0.000,15514544.103,305.010,299.028,305.894,295.258,99600.000,293.495,99386.194,
2004-06-01 11:00:00,298.221,0.016,99546.764,148.566,24989145.097,0.000,15416520.352,305.270,299.259,305.596,295.350,99600.000,293.684,99386.115,
2004-06-01 11:05:00,299.219,0.018,99546.528,170.579,25606769.282,0.000,15558969.028,305.224,299.184,306.533,295.442,99600.000,293.776,99386.012,
2004-06-01 11:10:00,298.767,0.016,99546.184,154.569,25277032.094,0.000,15482918.532,305.454,299.412,306.256,295.533,99600.000,294.155,99385.826,
2004-06-01 11:15:00,299.698,0.019,99545.921,175.407,25849577.164,0.000,15614970.173,305.360,299.335,307.070,295.625,99600.000,294.298,99385.704,
2004-06-01 11:20:00,299.179,0.017,99545.651,159.060,25474481.097,0.000,15528458.117,305.558,299.564,306.776,295.717,99600.000,294.619,99385.535,
2004-06-01 11:25:00,300.138,0.019,99545.349,178.863,26063906.020,0.000,15664402.922,305.443,299.493,307.472,295.808,99600.000,294.792,99385.406,
2004-06-01 11:30:00,299.691,0.017,99545.053,163.073,25735203.041,0.000,15588590.956,305.609,299.714,306.945,295.900,99600.000,295.135,99385.231,
2004-06-01 11:35:00,300.399,0.019,99544.844,178.873,26160060.487,0.000,15686579.963,305.477,299.648,307.192,295.992,99600.000,295.258,99385.114,
2004-06-01 11:40:00,299.826,0.017,99544.652,161.610,25748687.013,0.000,15591700.895,305.622,299.866,306.475,296.083,99600.000,295.522,99384.961,
2004-06-01 11:45:00,300.362,0.018,99544.508,174.974,26061076.984,0.000,15663750.434,305.469,299.794,306.541,296.175,99600.000,295.602,99384.857,
2004-06-01 11:50:00,299.756,0.016,99544.366,157.682,25626791.308,0.000,15563586.903,305.576,299.990,305.768,296.267,99600.000,295.818,99384.718,
2004-06-01 11:55:00,300.199,0.018,99544.257,169.769,23838840.740,0.000,14614934.984,305.390,299.898,305.779,296.358,99600.000,295.871,99384.624,
2004-06-01 12:00:00,299.638,0.016,99544.118,159.706,23433334.595,0.000,14521409.156,305.460,300.065,305.037,296.450,99600.000,296.077,99384.489,
2004-06-01 12:05:00,299.909,0.017,99544.261,170.382,23643626.058,0.000,14569910.723,305.244,299.952,304.940,296.450,99600.000,295.917,99384.554,
2004-06-01 12:10:00,299.294,0.015,99544.380,154.305,23273996.399,0.000,14484659.438,305.327,300.105,304.024,296.450,99600.000,295.881,99384.594,
2004-06-01 12:15:00,299.059,0.016,99544.822,160.492,23151999.832,0.000,14456522.182,305.163,299.988,303.825,296.450,99600.000,295.475,99384.731,
2004-06-01 12:20:00,298.323,0.014,99545.054,192.384,22701167.098,0.000,14352542.242,305.279,300.130,303.314,296.450,99600.000,295.325,99384.802,
2004-06-01 12:25:00,299.145,0.016,99544.929,162.992,23267516.489,0.000,14483164.913,305.113,299.982,304.056,296.450,99600.000,295.335,99384.829,
2004-06-01 12:30:00,298.549,0.015,99545.047,153.634,22906429.029,0.000,14399883.798,305.217,300.087,303.857,296.450,99600.000,295.292,99384.869,
2004-06-01 12:35:00,299.298,0.017,99545.002,172.707,23422548.223,0.000,14518921.390,305.099,299.968,304.687,296.450,99600.000,295.233,99384.913,
2004-06-01 12:40:00,298.902,0.016,99544.984,162.411,23189305.726,0.000,14465126.404,305.257,300.115,304.636,296.450,99600.000,295.302,99384.921,
2004-06-01 12:45:00,299.593,0.018,99544.975,179.938,23665167.466,0.000,14574879.027,305.183,300.033,305.471,296.450,99600.000,295.221,99384.970,
2004-06-01 12:50:00,299.173,0.017,99544.975,168.697,23413581.683,0.000,14516853.350,305.380,300.214,305.501,296.450,99600.000,295.265,99384.985,
2004-06-01 12:55:00,299.937,0.019,99544.943,186.894,25973830.167,0.000,15643627.852,305.335,300.158,306.419,296.450,99600.000,295.192,99385.030,
2004-06-01 13:00:00,299.477,0.017,99544.951,173.144,25694677.762,0.000,15579244.216,305.546,300.355,306.481,296.450,99600.000,295.230,99385.045,
2004-06-01 13:05:00,300.315,0.019,99544.807,192.098,26236945.787,0.000,15704312.767,305.517,300.315,307.490,296.500,99600.000,295.249,99385.014,
2004-06-01 13:10:00,300.334,0.018,99544.414,182.790,26242070.104,0.000,15705494.638,305.725,300.507,307.289,296.550,99600.000,295.613,99384.886,
2004-06-01 13:15:00,301.029,0.020,99544.246,198.812,26686953.120,0.000,15808102.337,305.684,300.460,307.661,296.600,99600.000,295.719,99384.822,
2004-06-01 13:20:00,300.416,0.018,99544.208,181.780,26276222.532,0.000,15713371.545,305.899,300.664,307.155,296.650,99600.000,295.852,99384.751,
2004-06-01 13:25:00,300.885,0.019,99544.172,193.966,26569381.407,0.000,15780985.629,305.859,300.626,307.387,296.700,99600.000,295.839,99384.720,
2004-06-01 13:30:00,300.302,0.017,99544.125,176.850,26173647.596,0.000,15689713.690,306.037,300.801,306.883,296.750,99600.000,295.956,99384.655,
2004-06-01 13:35:00,300.895,0.019,99544.047,193.165,26542975.495,0.000,15774895.377,305.944,300.718,307.240,296.800,99600.000,295.961,99384.620,
2004-06-01 13:40:00,300.334,0.017,99543.962,176.725,26156805.583,0.000,15685829.252,306.084,300.864,306.727,296.850,99600.000,296.116,99384.543,
2004-06-01 13:45:00,300.993,0.019,99543.870,195.376,26563923.846,0.000,15779726.899,305.955,300.753,307.130,296.900,99600.000,296.127,99384.504,
2004-06-01 13:50:00,300.406,0.016,99543.779,177.484,26155003.012,0.000,15685413.508,306.080,300.893,306.603,296.950,99600.000,296.291,99384.424,
2004-06-01 13:55:00,301.102,0.019,99543.687,197.235,26580960.269,0.000,15783656.175,305.928,300.769,307.037,297.000,99600.000,296.294,99384.386,
2004-06-01 14:00:00,300.478,0.016,99543.592,178.230,26141466.536,0.000,15682291.459,306.042,300.912,306.471,297.050,99600.000,296.467,99384.303,
2004-06-01 14:05:00,301.228,0.019,99543.472,199.367,26583160.923,0.000,15784163.733,305.864,300.775,306.937,297.142,99600.000,296.489,99384.247,
2004-06-01 14:10:00,300.484,0.016,99543.407,177.958,26047701.657,0.000,15660665.552,305.955,300.924,306.441,297.233,99600.000,296.647,99384.156,
2004-06-01 14:15:00,301.300,0.019,99543.281,200.858,26529201.552,0.000,15771718.558,305.733,300.780,307.129,297.325,99600.000,296.660,99384.103,
2004-06-01 14:20:00,300.711,0.016,99543.116,181.309,26091141.266,0.000,15670684.452,305.796,300.931,306.787,297.417,99600.000,296.887,99383.994,
2004-06-01 14:25:00,301.665,0.019,99542.933,207.472,26658970.446,0.000,15801648.421,305.542,300.778,307.619,297.508,99600.000,296.943,99383.930,
2004-06-01 14:30:00,301.088,0.017,99542.747,187.409,26224868.509,0.000,15701527.267,305.597,300.942,307.246,297.600,99600.000,297.191,99383.815,
2004-06-01 14:35:00,302.016,0.020,99542.585,213.232,26768680.209,0.000,15826951.851,305.335,300.799,307.985,297.692,99600.000,297.229,99383.754,
2004-06-01 14:40:00,301.390,0.017,99542.426,192.775,26265404.097,0.000,15710876.384,305.387,300.980,307.607,297.783,99600.000,297.453,99383.646,
2004-06-01 14:45:00,302.352,0.020,99542.256,219.277,26792096.454,0.000,15832352.568,305.092,300.843,308.356,297.875,99600.000,297.496,99383.584,
2004-06-01 14:50:00,301.698,0.018,99542.100,198.136,26259306.770,0.000,15709470.098,305.094,301.027,307.965,297.967,99600.000,297.719,99383.475,
2004-06-01 14:55:00,302.693,0.021,99541.930,226.219,26799062.730,0.000,15833959.268,304.751,300.890,308.725,298.058,99600.000,297.760,99383.414,
2004-06-01 15:00:00,301.994,0.018,99541.780,205.886,26228148.136,0.000,15702283.680,304.712,301.078,308.317,298.150,99600.000,297.980,99383.305,
2004-06-01 15:05:00,302.969,0.022,99541.738,235.303,26747095.454,0.000,15821973.549,304.327,300.939,309.058,298.058,99600.000,297.907,99383.328,
2004-06-01 15:10:00,302.120,0.019,99541.759,211.199,26317873.701,0.000,15722977.960,304.252,301.126,308.519,297.967,99600.000,297.973,99383.319,
2004-06-01 15:15:00,302.983,0.022,99541.804,238.884,27012103.211,0.000,15883094.867,303.987,300.984,309.180,297.875,99600.000,297.818,99383.366,
2004-06-01 15:20:00,302.036,0.019,99541.868,213.814,26531980.348,0.000,15772359.459,304.156,301.171,308.661,297.783,99600.000,297.854,99383.363,
2004-06-01 15:25:00,302.998,0.022,99541.853,238.810,27304234.713,0.000,15950471.998,304.067,301.021,309.380,297.692,99600.000,297.743,99383.398,
2004-06-01 15:30:00,302.102,0.019,99541.897,215.775,26835373.344,0.000,15842333.938,304.369,301.197,308.857,297.600,99600.000,297.792,99383.391,
2004-06-01 15:35:00,302.936,0.022,99541.918,236.050,27477355.643,0.000,15990400.563,304.380,301.049,309.393,297.508,99600.000,297.665,99383.428,
2004-06-01 15:40:00,302.049,0.019,99541.974,214.047,27002746.991,0.000,15880936.951,304.723,301.217,308.793,297.417,99600.000,297.705,99383.422,
2004-06-01 15:45:00,302.899,0.021,99541.949,234.297,27666315.840,0.000,16033982.291,304.770,301.070,309.208,297.325,99600.000,297.625,99383.447,
2004-06-01 15:50:00,302.014,0.019,99542.020,212.694,27205590.721,0.000,15927720.774,305.136,301.222,308.521,297.233,99600.000,297.657,99383.442,
2004-06-01 15:55:00,302.658,0.021,99542.060,228.583,27748152.374,0.000,16052857.048,305.225,301.076,308.732,297.142,99600.000,297.545,99383.473,
2004-06-01 16:00:00,301.832,0.018,99542.130,203.923,27341632.809,0.000,15959097.485,305.623,301.217,308.029,297.050,99600.000,297.571,99383.469,
2004-06-01 16:05:00,302.417,0.020,99542.189,217.747,27861964.287,0.000,16079106.597,305.755,301.068,308.164,296.958,99600.000,297.447,99383.515,
2004-06-01 16:10:00,301.649,0.018,99542.285,199.307,27509787.487,0.000,15997880.634,306.182,301.192,307.359,296.867,99600.000,297.442,99383.530,
2004-06-01 16:15:00,301.961,0.019,99542.427,207.932,27871493.078,0.000,16081304.314,306.361,301.043,307.300,296.775,99600.000,297.277,99383.585,
2004-06-01 16:20:00,301.082,0.017,99542.640,187.252,27469308.469,0.000,15988544.564,306.828,301.154,306.586,296.683,99600.000,297.174,99383.625,
2004-06-01 16:25:00,301.236,0.018,99542.831,192.290,27760319.713,0.000,16055663.320,307.062,301.003,306.537,296.592,99600.000,296.969,99383.690,
2004-06-01 16:30:00,300.368,0.015,99543.085,171.762,27499013.948,0.000,15995395.828,307.566,301.083,305.918,296.500,99600.000,296.818,99383.741,
2004-06-01 16:35:00,300.293,0.015,99543.341,172.240,27781963.254,0.000,16060655.180,307.929,300.922,305.812,296.408,99600.000,296.576,99383.815,
2004-06-01 16:40:00,299.328,0.013,99543.682,150.480,27517810.960,0.000,15999731.166,308.602,300.977,305.217,296.317,99600.000,296.356,99383.880,
2004-06-01 16:45:00,298.874,0.013,99544.025,155.023,27486505.887,0.000,15992510.972,309.142,300.811,304.952,296.225,99600.000,296.078,99383.956,
2004-06-01 16:50:00,297.861,0.010,99544.390,123.582,26737562.433,0.000,15819774.856,309.878,300.834,304.398,296.133,99600.000,295.851,99384.008,
2004-06-01 16:55:00,297.358,0.010,99544.654,112.737,23243575.504,0.000,13405084.209,310.184,300.640,304.065,296.042,99600.000,295.661,99384.048,
2004-06-01 17:00:00,296.923,0.008,99544.764,91.544,23052302.694,0.000,13360969.099,310.490,300.605,303.686,295.950,99600.000,295.609,99384.051,
2004-06-01 17:05:00,297.047,0.009,99544.817,97.910,23125227.682,0.000,13377788.499,310.622,300.376,303.515,295.767,99600.000,295.541,99384.095,
2004-06-01 17:10:00,296.858,0.009,99544.898,92.347,23000160.573,0.000,13348943.055,310.879,300.311,303.126,295.583,99600.000,295.486,99384.131,
2004-06-01 17:15:00,296.918,0.009,99544.944,97.761,23046262.512,0.000,13359575.993,310.960,300.096,302.861,295.400,99600.000,295.433,99384.160,
2004-06-01 17:20:00,296.750,0.009,99544.977,93.090,22953466.460,0.000,13338173.537,311.189,300.045,302.474,295.217,99600.000,295.422,99384.161,
2004-06-01 17:25:00,296.837,0.009,99544.943,98.532,22956683.847,0.000,13338915.594,311.272,299.855,302.159,295.033,99600.000,295.444,99384.143,
2004-06-01 17:30:00,296.791,0.009,99544.873,95.292,22730170.736,0.000,13286672.671,311.435,299.801,301.675,294.850,99600.000,295.517,99384.096,
2004-06-01 17:35:00,296.890,0.010,99544.790,99.344,22599630.989,0.000,13256565.019,311.334,299.624,301.319,294.667,99600.000,295.585,99384.047,
2004-06-01 17:40:00,296.837,0.009,99544.787,96.089,22369133.871,0.000,13203403.226,311.271,299.580,300.847,294.483,99600.000,295.596,99384.041,
2004-06-01 17:45:00,297.420,0.010,99543.876,104.551,19717758.329,0.000,12591890.685,311.020,299.433,300.584,294.300,99600.000,296.378,99383.497,
2004-06-01 17:50:00,297.685,0.010,99543.784,107.961,19891112.778,0.000,12631873.109,309.003,299.285,300.233,294.117,99600.000,296.524,99383.548,
2004-06-01 17:55:00,297.123,0.010,99544.488,102.854,15523433.430,0.000,9479394.796,307.433,299.067,299.606,293.933,99600.000,295.887,99383.918,
2004-06-01 18:00:00,296.213,0.009,99545.204,90.830,14919426.249,0.000,9340086.742,306.346,298.972,298.782,293.750,99600.000,295.285,99384.204,
2004-06-01 18:05:00,295.807,0.009,99545.577,88.679,14645252.544,0.000,9276851.393,305.409,298.787,298.037,293.467,99600.000,294.975,99384.382,
2004-06-01 18:10:00,295.611,0.009,99545.848,86.071,14508598.600,0.000,9245333.564,304.682,298.640,297.441,293.183,99600.000,294.741,99384.543,
2004-06-01 18:15:00,295.385,0.009,99546.148,86.202,14351982.804,0.000,9209211.739,304.006,298.418,296.826,292.900,99600.000,294.483,99384.708,
2004-06-01 18:20:00,295.040,0.009,99546.495,81.226,14117023.801,0.000,9155020.858,303.503,298.278,296.182,292.617,99600.000,294.197,99384.882,
2004-06-01 18:25:00,294.744,0.009,99546.833,79.882,13914371.736,0.000,9108281.240,303.009,298.085,295.591,292.333,99600.000,293.912,99385.055,
2004-06-01 18:30:00,294.414,0.009,99547.175,75.092,13689695.652,0.000,9056462.009,302.626,297.955,294.996,292.050,99600.000,293.628,99385.229,
2004-06-01 18:35:00,294.124,0.009,99547.514,73.726,13490375.167,0.000,9010490.786,302.226,297.770,294.443,291.767,99600.000,293.343,99385.402,
2004-06-01 18:40:00,293.774,0.008,99547.864,68.687,13252490.550,0.000,8955625.142,301.908,297.640,293.878,291.483,99600.000,293.055,99385.577,
2004-06-01 18:45:00,293.489,0.008,99548.204,67.144,13056569.838,0.000,8910438.042,301.562,297.460,293.363,291.200,99600.000,292.769,99385.751,
2004-06-01 18:50:00,293.133,0.008,99548.556,62.176,12814429.406,0.000,8854590.838,301.283,297.330,292.829,290.917,99600.000,292.482,99385.927,
2004-06-01 18:55:00,292.860,0.008,99548.893,60.833,12626178.044,0.000,8811172.594,300.971,297.152,292.352,290.633,99600.000,292.198,99386.101,
2004-06-01 19:00:00,292.514,0.008,99549.239,56.147,12390729.302,0.000,8756868.760,300.717,297.020,291.870,290.350,99600.000,291.917,99386.276,
2004-06-01 19:05:00,292.308,0.008,99549.516,55.823,12254417.129,0.000,8725429.757,300.427,296.842,291.472,290.075,99600.000,291.681,99386.421,
2004-06-01 19:10:00,292.027,0.008,99549.792,52.609,12068972.723,0.000,8682658.909,300.193,296.710,290.863,289.800,99600.000,291.458,99386.561,
2004-06-01 19:15:00,291.855,0.008,99550.049,52.264,11954875.960,0.000,8656343.662,299.927,296.540,290.522,289.525,99600.000,291.238,99386.699,
2004-06-01 19:20:00,291.577,0.008,99550.318,48.989,11771215.200,0.000,8613984.194,299.716,296.416,290.153,289.250,99600.000,291.022,99386.835,
2004-06-01 19:25:00,291.435,0.008,99550.556,49.225,11677540.235,0.000,8592379.026,299.471,296.253,289.886,288.975,99600.000,290.817,99386.966,
2004-06-01 19:30:00,291.165,0.007,99550.812,45.902,11499014.770,0.000,8551203.960,299.278,296.137,289.575,288.700,99600.000,290.613,99387.095,
2004-06-01 19:35:00,291.047,0.008,99551.034,46.201,11420748.767,0.000,8533152.711,299.051,295.980,289.350,288.425,99600.000,290.420,99387.219,
2004-06-01 19:40:00,290.782,0.007,99551.278,42.957,11245691.220,0.000,8492777.485,298.873,295.870,289.078,288.150,99600.000,290.227,99387.342,
2004-06-01 19:45:00,290.684,0.008,99551.484,43.375,11180506.088,0.000,8477743.204,298.661,295.720,288.882,287.875,99600.000,290.046,99387.459,
2004-06-01 19:50:00,290.429,0.007,99551.713,40.485,11012180.015,0.000,8438920.524,298.496,295.615,288.637,287.600,99600.000,289.867,99387.573,
2004-06-01 19:55:00,290.350,0.008,99551.901,40.883,7752634.377,0.000,6078301.353,298.296,295.471,288.463,287.325,99600.000,289.701,99387.681,
2004-06-01 20:00:00,290.103,0.007,99552.113,38.018,7584844.573,0.000,6039602.357,298.141,295.369,288.209,287.050,99600.000,289.537,99387.785,
2004-06-01 20:05:00,290.119,0.008,99552.162,39.259,7591612.836,0.000,6041163.388,297.951,295.230,288.039,286.908,99600.000,289.484,99387.812,
2004-06-01 20:10:00,289.996,0.007,99552.209,37.424,7506653.894,0.000,6021568.480,297.806,295.133,287.821,286.767,99600.000,289.458,99387.827,
2004-06-01 20:15:00,290.078,0.008,99552.204,39.237,7556430.904,0.000,6033049.036,297.630,295.002,287.665,286.625,99600.000,289.450,99387.834,
2004-06-01 20:20:00,289.975,0.007,99552.228,37.568,7484807.572,0.000,6016529.850,297.502,294.918,287.461,286.483,99600.000,289.442,99387.837,
2004-06-01 20:25:00,290.051,0.008,99552.210,39.287,7531414.098,0.000,6027279.167,297.345,294.801,287.313,286.342,99600.000,289.448,99387.832,
2004-06-01 20:30:00,289.967,0.007,99552.211,37.762,7472436.053,0.000,6013676.487,297.234,294.729,287.117,286.200,99600.000,289.459,99387.822,
2004-06-01 20:35:00,290.067,0.008,99552.163,39.631,7534540.143,0.000,6028000.157,297.091,294.624,286.965,286.058,99600.000,289.490,99387.801,
2004-06-01 20:40:00,290.012,0.008,99552.129,38.395,7494747.584,0.000,6018822.412,296.993,294.562,286.768,285.917,99600.000,289.528,99387.774,
2004-06-01 20:45:00,290.128,0.008,99552.049,40.385,7567511.006,0.000,6035604.548,296.862,294.466,286.605,285.775,99600.000,289.587,99387.735,
2004-06-01 20:50:00,290.116,0.008,99551.974,39.541,7556193.127,0.000,6032994.196,296.773,294.410,286.406,285.633,99600.000,289.658,99387.686,
2004-06-01 20:55:00,290.255,0.008,99551.852,41.716,7644502.344,0.000,6053361.810,296.655,294.323,286.232,285.492,99600.000,289.752,99387.624,
2004-06-01 21:00:00,290.291,0.008,99551.728,0.000,7664074.713,0.000,6057875.976,296.576,294.275,286.021,285.350,99600.000,289.862,99387.550,
2004-06-01 21:05:00,290.233,0.008,99551.669,0.000,7622503.933,0.000,6048288.102,296.470,294.198,285.775,285.400,99600.000,289.917,99387.464,
2004-06-01 21:10:00,290.275,0.008,99551.479,0.000,7646729.354,0.000,6053875.447,296.411,294.166,285.550,285.450,99600.000,290.077,99387.337,
2004-06-01 21:15:00,290.526,0.009,99551.442,0.000,7808601.467,0.000,6091209.587,296.321,294.103,285.288,285.500,99600.000,290.026,99387.310,
2004-06-01 21:20:00,290.633,0.008,99551.394,0.000,7875887.251,0.000,6106728.362,296.271,294.079,285.053,285.550,99600.000,289.998,99387.244,
2004-06-01 21:25:00,290.735,0.009,99551.358,0.000,7939662.210,0.000,6121437.402,296.219,294.047,285.042,285.600,99600.000,289.910,99387.155,
2004-06-01 21:30:00,290.591,0.009,99551.323,0.000,7841557.501,0.000,6098810.558,296.200,294.051,285.027,285.650,99600.000,289.826,99387.051,
2004-06-01 21:35:00,290.521,0.009,99551.250,0.000,7792123.942,0.000,6087409.215,296.162,294.033,285.014,285.700,99600.000,289.781,99386.920,
2004-06-01 21:40:00,290.429,0.009,99551.105,0.000,7727558.531,0.000,6072517.866,296.138,294.031,284.886,285.750,99600.000,289.790,99386.757,
2004-06-01 21:45:00,290.487,0.009,99550.893,0.000,7762614.860,0.000,6080603.248,296.090,294.004,284.787,285.800,99600.000,289.842,99386.569,
2004-06-01 21:50:00,290.454,0.009,99550.639,0.000,7737669.755,0.000,6074849.916,296.061,293.995,284.715,285.850,99600.000,289.934,99386.342,
2004-06-01 21:55:00,290.515,0.009,99550.308,0.000,0.000,0.000,2681397.405,296.017,293.970,284.634,285.900,99600.000,290.088,99386.045,
2004-06-01 22:00:00,290.503,0.009,99550.183,0.000,0.000,0.000,2681397.405,295.993,293.966,284.541,285.950,99600.000,290.344,99385.947,
2004-06-01 22:05:00,290.638,0.009,99550.169,0.000,0.000,0.000,2681397.405,295.955,293.947,284.425,285.992,99600.000,290.534,99386.002,
2004-06-01 22:10:00,290.691,0.009,99550.426,0.000,0.000,0.000,2681397.405,295.932,293.942,284.389,286.033,99600.000,290.537,99386.310,
2004-06-01 22:15:00,290.753,0.010,99550.826,0.000,0.000,0.000,2681397.405,295.893,293.921,284.550,286.075,99600.000,290.338,99386.729,
2004-06-01 22:20:00,290.617,0.009,99551.415,0.000,0.000,0.000,2681397.405,295.871,293.917,284.863,286.117,99600.000,290.160,99387.244,
2004-06-01 22:25:00,290.339,0.009,99552.018,0.000,0.000,0.000,2681397.405,295.831,293.894,285.501,286.158,99600.000,289.661,99387.626,
2004-06-01 22:30:00,289.932,0.009,99552.538,0.000,0.000,0.000,2681397.405,295.797,293.879,285.964,286.200,99600.000,289.209,99387.912,
2004-06-01 22:35:00,289.751,0.009,99552.883,0.000,0.000,0.000,2681397.405,295.733,293.832,286.240,286.242,99600.000,288.893,99388.122,
2004-06-01 22:40:00,289.230,0.009,99553.178,0.000,0.000,0.000,2681397.405,295.667,293.782,286.284,286.283,99600.000,288.664,99388.290,
2004-06-01 22:45:00,288.834,0.008,99553.437,0.000,0.000,0.000,2681397.405,295.579,293.712,286.293,286.325,99600.000,288.476,99388.419,
2004-06-01 22:50:00,288.625,0.008,99553.623,0.000,0.000,0.000,2681397.405,295.472,293.627,286.111,286.367,99600.000,288.333,99388.517,
2004-06-01 22:55:00,288.659,0.008,99553.729,0.000,0.000,0.000,2413257.665,295.343,293.515,286.015,286.408,99600.000,288.227,99388.591,
2004-06-01 23:00:00,288.498,0.008,99553.860,0.000,0.000,0.000,2413257.665,295.234,293.423,285.903,286.450,99600.000,288.128,99388.653,
2004-06-01 23:05:00,288.607,0.008,99553.804,0.000,0.000,0.000,2413257.665,295.124,293.328,285.917,286.450,99600.000,288.157,99388.624,
2004-06-01 23:10:00,288.527,0.008,99553.764,0.000,0.000,0.000,2413257.665,295.038,293.257,285.839,286.450,99600.000,288.202,99388.585,
2004-06-01 23:15:00,288.692,0.008,99553.657,0.000,0.000,0.000,2413257.665,294.948,293.180,285.823,286.450,99600.000,288.276,99388.535,
2004-06-01 23:20:00,288.641,0.008,99553.591,0.000,0.000,0.000,2413257.665,294.885,293.131,285.737,286.450,99600.000,288.341,99388.485,
2004-06-01 23:25:00,288.820,0.008,99553.460,0.000,0.000,0.000,2413257.665,294.813,293.071,285.707,286.450,99600.000,288.435,99388.421,
2004-06-01 23:30:00,288.795,0.008,99553.369,0.000,0.000,0.000,2413257.665,294.768,293.040,285.614,286.450,99600.000,288.520,99388.357,
2004-06-01 23:35:00,288.984,0.008,99553.213,0.000,0.000,0.000,2413257.665,294.709,292.993,285.553,286.450,99600.000,288.634,99388.279,
2004-06-01 23:40:00,288.977,0.008,99553.116,0.000,0.000,0.000,2413257.665,294.677,292.973,285.435,286.450,99600.000,288.719,99388.214,
2004-06-01 23:45:00,289.194,0.009,99552.902,0.000,0.000,0.000,2413257.665,294.629,292.937,285.341,286.450,99600.000,288.881,99388.100,
2004-06-01 23:50:00,289.311,0.009,99552.885,0.000,0.000,0.000,2413257.665,294.608,292.926,285.226,286.450,99600.000,288.842,99388.078,
2004-06-01 23:55:00,289.627,0.009,99552.808,0.000,0.000,0.000,2413257.665,294.570,292.899,285.199,286.450,99600.000,288.829,99388.026,
2004-06-02 00:00:00,289.629,0.009,99552.780,0.000,0.000,0.000,2413257.665,294.572,292.909,285.311,286.450,99600.000,288.771,99387.956,
2004-06-02 00:05:00,289.631,0.009,99552.795,0.000,0.000,0.000,2413257.665,294.558,292.905,285.487,286.450,99600.000,288.711,99387.944,
2004-06-02 00:10:00,289.527,0.009,99552.843,0.000,0.000,0.000,2413257.665,294.564,292.919,285.571,286.450,99600.000,288.658,99387.951,
2004-06-02 00:15:00,289.548,0.009,99552.866,0.000,0.000,0.000,2413257.665,294.542,292.908,285.688,286.450,99600.000,288.643,99387.974,
2004-06-02 00:20:00,289.473,0.009,99552.915,0.000,0.000,0.000,2413257.665,294.533,292.908,285.829,286.450,99600.000,288.651,99388.013,
2004-06-02 00:25:00,289.511,0.009,99552.942,0.000,0.000,0.000,2413257.665,294.502,292.887,286.047,286.450,99600.000,288.679,99388.054,
2004-06-02 00:30:00,289.420,0.009,99552.971,0.000,0.000,0.000,2413257.665,294.487,292.882,286.203,286.450,99600.000,288.705,99388.076,
2004-06-02 00:35:00,289.467,0.010,99552.964,0.000,0.000,0.000,2413257.665,294.452,292.858,286.374,286.450,99600.000,288.709,99388.082,
2004-06-02 00:40:00,289.382,0.009,99553.004,0.000,0.000,0.000,2413257.665,294.432,292.847,286.455,286.450,99600.000,288.645,99388.096,
2004-06-02 00:45:00,289.458,0.010,99553.008,0.000,0.000,0.000,2413257.665,294.396,292.821,286.540,286.450,99600.000,288.643,99388.117,
2004-06-02 00:50:00,289.406,0.010,99553.022,0.000,0.000,0.000,2413257.665,294.375,292.810,286.613,286.450,99600.000,288.668,99388.133,
2004-06-02 00:55:00,289.505,0.010,99552.964,0.000,0.000,0.000,2413257.665,294.341,292.785,286.730,286.450,99600.000,288.732,99388.113,
2004-06-02 01:00:00,289.439,0.010,99552.983,0.000,0.000,0.000,2413257.665,294.323,292.776,286.781,286.450,99600.000,288.724,99388.124,
2004-06-02 01:05:00,289.499,0.010,99553.047,0.000,0.000,0.000,2413257.665,294.291,292.754,286.845,286.450,99600.000,288.679,99388.187,
2004-06-02 01:10:00,289.417,0.010,99553.147,0.000,0.000,0.000,2413257.665,294.273,292.745,286.869,286.450,99600.000,288.627,99388.260,
2004-06-02 01:15:00,289.146,0.009,99553.276,0.000,0.000,0.000,2413257.665,294.240,292.721,286.828,286.450,99600.000,288.576,99388.344,
2004-06-02 01:20:00,288.710,0.009,99553.503,0.000,0.000,0.000,2413257.665,294.219,292.709,286.729,286.450,99600.000,288.432,99388.448,
2004-06-02 01:25:00,288.625,0.008,99553.653,0.000,0.000,0.000,2413257.665,294.153,292.658,286.474,286.450,99600.000,288.306,99388.538,
2004-06-02 01:30:00,288.496,0.008,99553.804,0.000,0.000,0.000,2413257.665,294.090,292.606,286.256,286.450,99600.000,288.183,99388.619,
2004-06-02 01:35:00,288.493,0.008,99553.912,0.000,0.000,0.000,2413257.665,294.009,292.535,286.080,286.450,99600.000,288.082,99388.689,
2004-06-02 01:40:00,288.352,0.008,99554.044,0.000,0.000,0.000,2413257.665,293.951,292.485,285.935,286.450,99600.000,287.980,99388.754,
2004-06-02 01:45:00,288.337,0.008,99554.137,0.000,0.000,0.000,2413257.665,293.880,292.424,285.870,286.450,99600.000,287.895,99388.810,
2004-06-02 01:50:00,288.177,0.008,99554.255,0.000,0.000,0.000,2413257.665,293.829,292.380,285.786,286.450,99600.000,287.808,99388.863,
2004-06-02 01:55:00,288.171,0.008,99554.329,0.000,0.000,0.000,2413257.665,293.761,292.321,285.781,286.450,99600.000,287.740,99388.908,
2004-06-02 02:00:00,288.015,0.008,99554.431,0.000,0.000,0.000,2413257.665,293.711,292.279,285.729,286.450,99600.000,287.667,99388.952,
2004-06-02 02:05:00,288.058,0.008,99554.426,0.000,0.000,0.000,2413257.665,293.644,292.221,285.756,286.408,99600.000,287.662,99388.951,
2004-06-02 02:10:00,287.961,0.008,99554.442,0.000,0.000,0.000,2413257.665,293.593,292.178,285.714,286.367,99600.000,287.659,99388.947,
2004-06-02 02:15:00,288.046,0.008,99554.409,0.000,0.000,0.000,2413257.665,293.526,292.120,285.720,286.325,99600.000,287.677,99388.936,
2004-06-02 02:20:00,287.970,0.008,99554.411,0.000,0.000,0.000,2413257.665,293.480,292.082,285.675,286.283,99600.000,287.685,99388.927,
2004-06-02 02:25:00,288.069,0.008,99554.367,0.000,0.000,0.000,2413257.665,293.419,292.030,285.679,286.242,99600.000,287.712,99388.911,
2004-06-02 02:30:00,288.000,0.008,99554.360,0.000,0.000,0.000,2413257.665,293.379,291.997,285.633,286.200,99600.000,287.728,99388.897,
2004-06-02 02:35:00,288.109,0.008,99554.305,0.000,0.000,0.000,2413257.665,293.324,291.950,285.633,286.158,99600.000,287.763,99388.875,
2004-06-02 02:40:00,288.048,0.008,99554.287,0.000,0.000,0.000,2413257.665,293.290,291.923,285.583,286.117,99600.000,287.787,99388.855,
2004-06-02 02:45:00,288.168,0.008,99554.220,0.000,0.000,0.000,2413257.665,293.238,291.879,285.580,286.075,99600.000,287.831,99388.827,
2004-06-02 02:50:00,288.113,0.008,99554.191,0.000,0.000,0.000,2413257.665,293.208,291.856,285.529,286.033,99600.000,287.864,99388.800,
2004-06-02 02:55:00,288.240,0.008,99554.112,0.000,0.000,0.000,2413257.665,293.160,291.816,285.522,285.992,99600.000,287.918,99388.765,
2004-06-02 03:00:00,288.195,0.008,99554.070,0.000,0.000,0.000,2413257.665,293.133,291.796,285.448,285.950,99600.000,287.962,99388.730,
2004-06-02 03:05:00,288.259,0.008,99554.112,0.000,0.000,0.000,2413257.665,293.088,291.758,285.388,285.900,99600.000,287.926,99388.773,
2004-06-02 03:10:00,288.121,0.008,99554.228,0.000,0.000,0.000,2413257.665,293.067,291.743,285.297,285.850,99600.000,287.841,99388.833,
2004-06-02 03:15:00,288.122,0.008,99554.322,0.000,0.000,0.000,2413257.665,293.027,291.710,285.244,285.800,99600.000,287.755,99388.894,
2004-06-02 03:20:00,287.952,0.008,99554.456,0.000,0.000,0.000,2413257.665,293.005,291.695,285.145,285.750,99600.000,287.655,99388.958,
2004-06-02 03:25:00,287.955,0.008,99554.548,0.000,0.000,0.000,2413257.665,292.962,291.659,285.067,285.700,99600.000,287.569,99389.018,
2004-06-02 03:30:00,287.787,0.008,99554.678,0.000,0.000,0.000,2413257.665,292.935,291.639,284.941,285.650,99600.000,287.473,99389.080,
2004-06-02 03:35:00,287.806,0.008,99554.766,0.000,0.000,0.000,2413257.665,292.887,291.598,284.851,285.600,99600.000,287.389,99389.139,
2004-06-02 03:40:00,287.874,0.008,99554.854,0.000,0.000,0.000,2413257.665,292.858,291.576,284.781,285.550,99600.000,287.294,99389.197,
2004-06-02 03:45:00,288.187,0.009,99554.919,0.000,0.000,0.000,2413257.665,292.811,291.535,284.888,285.500,99600.000,287.195,99389.257,
2004-06-02 03:50:00,288.101,0.009,99555.055,0.000,0.000,0.000,2413257.665,292.801,291.530,285.011,285.450,99600.000,287.081,99389.321,
2004-06-02 03:55:00,288.112,0.009,99555.153,0.000,0.000,0.000,2413257.665,292.783,291.517,285.215,285.400,99600.000,286.981,99389.384,
2004-06-02 04:00:00,287.926,0.009,99555.273,0.000,0.000,0.000,2413257.665,292.783,291.522,285.296,285.350,99600.000,286.892,99389.443,
2004-06-02 04:05:00,287.545,0.009,99555.419,0.000,0.000,0.000,2413257.665,292.758,291.503,285.269,285.492,99600.000,286.824,99389.512,
2004-06-02 04:10:00,287.094,0.008,99555.550,0.000,0.000,0.000,2413257.665,292.931,291.513,285.174,285.633,99600.000,286.766,99389.545,
2004-06-02 04:15:00,287.116,0.008,99555.589,0.000,0.000,0.000,2413257.665,293.062,291.481,284.927,285.775,99600.000,286.728,99389.578,
2004-06-02 04:20:00,287.059,0.008,99555.662,0.000,0.000,0.000,2413257.665,293.215,291.462,284.956,285.917,99600.000,286.668,99389.619,
2004-06-02 04:25:00,287.180,0.008,99555.698,0.000,0.000,0.000,2413257.665,293.365,291.434,284.864,286.058,99600.000,286.618,99389.663,
2004-06-02 04:30:00,287.099,0.008,99555.785,0.000,0.000,0.000,2413257.665,293.538,291.443,284.837,286.200,99600.000,286.549,99389.711,
2004-06-02 04:35:00,287.202,0.008,99555.817,0.000,0.000,0.000,2413257.665,293.691,291.446,284.900,286.342,99600.000,286.504,99389.746,
2004-06-02 04:40:00,287.105,0.008,99555.871,0.000,0.000,0.000,2413257.665,293.862,291.478,284.945,286.483,99600.000,286.466,99389.770,
2004-06-02 04:45:00,287.233,0.008,99555.869,0.000,0.000,0.000,2413257.665,294.012,291.498,285.271,286.625,99600.000,286.448,99389.782,
2004-06-02 04:50:00,287.057,0.008,99555.912,0.000,0.000,0.000,2413257.665,294.171,291.536,285.454,286.767,99600.000,286.434,99389.789,
2004-06-02 04:55:00,287.206,0.008,99555.875,0.000,0.000,0.000,2681397.405,294.325,291.563,285.772,286.908,99600.000,286.447,99389.785,
2004-06-02 05:00:00,287.083,0.008,99555.891,42.203,0.000,0.000,2681397.405,294.514,291.606,286.014,287.050,99600.000,286.451,99389.783,
2004-06-02 05:05:00,287.636,0.009,99555.457,45.728,0.000,0.000,2681397.405,294.703,291.634,286.495,287.375,99600.000,286.764,99389.607,
2004-06-02 05:10:00,287.851,0.008,99555.107,48.931,0.000,0.000,2681397.405,294.857,291.679,286.873,287.700,99600.000,287.065,99389.426,
2004-06-02 05:15:00,288.201,0.009,99554.775,28.167,0.000,0.000,2681397.405,294.967,291.721,287.376,288.025,99600.000,287.326,99389.259,
2004-06-02 05:20:00,288.142,0.008,99554.604,27.072,0.000,0.000,2681397.405,295.072,291.794,287.736,288.350,99600.000,287.489,99389.121,
2004-06-02 05:25:00,288.452,0.009,99554.295,30.503,0.000,0.000,2681397.405,295.133,291.851,288.227,288.675,99600.000,287.728,99388.961,
2004-06-02 05:30:00,288.593,0.008,99553.993,31.168,0.000,0.000,2681397.405,295.204,291.925,288.601,289.000,99600.000,287.990,99388.794,
2004-06-02 05:35:00,289.026,0.009,99553.624,35.988,0.000,0.000,2681397.405,295.246,291.977,289.102,289.325,99600.000,288.273,99388.620,
2004-06-02 05:40:00,289.245,0.009,99553.288,37.490,0.000,0.000,2681397.405,295.311,292.061,289.503,289.650,99600.000,288.556,99388.446,
2004-06-02 05:45:00,289.813,0.009,99552.872,44.597,0.000,0.000,2681397.405,295.350,292.128,290.071,289.975,99600.000,288.865,99388.265,
2004-06-02 05:50:00,290.047,0.009,99552.505,46.188,0.000,0.000,2681397.405,295.420,292.232,290.469,290.300,99600.000,289.178,99388.083,
2004-06-02 05:55:00,290.645,0.010,99552.082,54.567,6658304.890,0.000,4217067.051,295.466,292.322,291.063,290.625,99600.000,289.496,99387.899,
2004-06-02 06:00:00,290.841,0.010,99551.714,110.727,6751563.665,0.000,4238576.230,295.543,292.451,291.434,290.950,99600.000,289.819,99387.713,
2004-06-02 06:05:00,291.770,0.010,99551.195,67.143,7291173.959,0.000,4363031.803,295.590,292.557,292.222,291.133,99600.000,290.208,99387.575,
2004-06-02 06:10:00,291.440,0.010,99551.277,63.444,7006634.733,0.000,4297405.753,295.679,292.705,292.288,291.317,99600.000,290.185,99387.559,
2004-06-02 06:15:00,291.832,0.011,99551.168,70.542,7200980.439,0.000,4342229.594,295.752,292.843,292.766,291.500,99600.000,290.224,99387.530,
2004-06-02 06:20:00,291.761,0.010,99551.046,67.558,7074082.978,0.000,4312961.998,295.841,293.000,292.966,291.683,99600.000,290.347,99387.475,
2004-06-02 06:25:00,292.328,0.011,99550.851,78.199,7354437.004,0.000,4377622.775,295.863,293.109,293.554,291.867,99600.000,290.463,99387.421,
2004-06-02 06:30:00,292.175,0.011,99550.736,73.003,7160679.842,0.000,4332934.675,295.903,293.261,293.734,292.050,99600.000,290.595,99387.362,
2004-06-02 06:35:00,292.821,0.012,99550.552,86.373,7493571.062,0.000,4409712.616,295.873,293.365,294.419,292.233,99600.000,290.687,99387.315,
2004-06-02 06:40:00,292.584,0.011,99550.437,78.954,7271297.394,0.000,4358447.477,295.879,293.523,294.560,292.417,99600.000,290.826,99387.256,
2004-06-02 06:45:00,293.347,0.012,99550.243,95.470,7857707.360,0.000,4493696.914,295.823,293.621,295.346,292.600,99600.000,290.913,99387.210,
2004-06-02 06:50:00,293.028,0.011,99550.118,85.352,7737521.483,0.000,4465977.276,295.930,293.793,295.450,292.783,99600.000,291.072,99387.145,
2004-06-02 06:55:00,293.926,0.013,99549.894,105.941,10283122.956,0.000,6125653.076,296.030,293.890,296.343,292.967,99600.000,291.170,99387.097,
2004-06-02 07:00:00,293.595,0.012,99549.734,189.669,10166789.405,0.000,6098821.937,296.272,294.076,296.447,293.150,99600.000,291.364,99387.021,
2004-06-02 07:05:00,295.228,0.014,99549.083,133.278,11329137.142,0.000,6366905.506,296.464,294.174,297.815,293.292,99600.000,291.781,99386.880,
2004-06-02 07:10:00,294.362,0.013,99549.215,117.319,10838838.815,0.000,6253823.232,296.788,294.382,297.605,293.433,99600.000,291.778,99386.852,
2004-06-02 07:15:00,295.165,0.014,99549.095,145.039,11424262.492,0.000,6388845.191,297.043,294.511,298.495,293.575,99600.000,291.776,99386.829,
2004-06-02 07:20:00,294.809,0.013,99548.896,127.995,11244702.038,0.000,6347431.416,297.389,294.735,298.626,293.717,99600.000,292.005,99386.740,
2004-06-02 07:25:00,295.736,0.015,99548.682,162.549,11906291.275,0.000,6500020.180,297.595,294.823,299.638,293.858,99600.000,292.099,99386.686,
2004-06-02 07:30:00,295.380,0.014,99548.477,142.402,11724088.715,0.000,6457997.030,297.933,295.046,299.703,294.000,99600.000,292.335,99386.592,
2004-06-02 07:35:00,296.233,0.015,99548.318,176.176,12333714.077,0.000,6598600.860,298.131,295.131,300.572,294.142,99600.000,292.382,99386.550,
2004-06-02 07:40:00,295.830,0.014,99548.143,153.787,12117990.837,0.000,6548846.510,298.474,295.363,300.623,294.283,99600.000,292.591,99386.465,
2004-06-02 07:45:00,296.687,0.016,99547.983,189.522,12727893.021,0.000,6689514.185,298.663,295.442,301.491,294.425,99600.000,292.638,99386.422,
2004-06-02 07:50:00,296.279,0.014,99547.802,165.718,12506241.459,0.000,6638392.528,299.005,295.677,301.528,294.567,99600.000,292.855,99386.333,
2004-06-02 07:55:00,297.116,0.016,99547.652,140.882,23889116.470,0.000,15162810.046,299.184,295.750,302.382,294.708,99600.000,292.896,99386.290,
2004-06-02 08:00:00,296.312,0.015,99547.715,165.545,23421343.891,0.000,15054923.104,299.525,295.988,302.177,294.850,99600.000,292.927,99386.251,
2004-06-02 08:05:00,297.443,0.016,99547.409,141.755,24213142.314,0.000,15237543.280,299.694,296.056,303.177,294.942,99591.667,293.074,99386.190,
2004-06-02 08:10:00,296.739,0.015,99547.409,179.450,23800476.629,0.000,15142366.177,300.015,296.270,302.916,295.033,99583.333,293.163,99386.143,
2004-06-02 08:15:00,297.995,0.017,99547.024,150.232,24672357.591,0.000,15343456.567,300.174,296.321,303.888,295.125,99575.000,293.372,99386.064,
2004-06-02 08:20:00,297.234,0.016,99547.050,141.006,24221040.115,0.000,15239364.826,300.497,296.533,303.507,295.217,99566.667,293.453,99386.018,
2004-06-02 08:25:00,298.107,0.017,99546.886,156.449,24840574.937,0.000,15382254.171,300.660,296.586,304.182,295.308,99558.333,293.503,99385.980,
2004-06-02 08:30:00,297.596,0.016,99546.754,147.264,24552182.793,0.000,15315739.484,300.989,296.803,303.888,295.400,99550.000,293.697,99385.903,
2004-06-02 08:35:00,298.466,0.018,99546.577,162.942,25168086.838,0.000,15457791.427,301.133,296.836,304.532,295.492,99541.667,293.770,99385.858,
2004-06-02 08:40:00,297.909,0.017,99546.476,152.550,24848555.366,0.000,15384094.775,301.462,297.053,304.182,295.583,99533.333,293.942,99385.786,
2004-06-02 08:45:00,298.725,0.018,99546.330,167.803,25427645.876,0.000,15517656.054,301.601,297.081,304.772,295.675,99525.000,293.990,99385.747,
2004-06-02 08:50:00,298.159,0.017,99546.234,156.915,25101169.366,0.000,15442357.600,301.927,297.297,304.402,295.767,99516.667,294.155,99385.676,
2004-06-02 08:55:00,298.954,0.019,99546.098,171.657,25665290.839,0.000,15572466.424,302.055,297.315,304.983,295.858,99508.333,294.196,99385.638,
2004-06-02 09:00:00,298.377,0.017,99546.006,159.284,25330798.639,0.000,15495319.233,302.377,297.527,304.589,295.950,99500.000,294.360,99385.567,
2004-06-02 09:05:00,299.167,0.019,99545.858,174.032,25885149.600,0.000,15623174.590,302.493,297.535,305.169,296.083,99500.000,294.410,99385.516,
2004-06-02 09:10:00,298.516,0.017,99545.789,160.759,25496583.241,0.000,15533555.749,302.802,297.751,304.852,296.217,99500.000,294.560,99385.438,
2004-06-02 09:15:00,299.321,0.019,99545.646,175.440,26057726.959,0.000,15662977.785,302.893,297.758,305.612,296.350,99500.000,294.598,99385.390,
2004-06-02 09:20:00,298.799,0.017,99545.509,162.368,25751454.402,0.000,15592339.165,303.184,297.975,305.443,296.483,99500.000,294.788,99385.302,
2004-06-02 09:25:00,299.688,0.019,99545.323,180.573,26366161.004,0.000,15734114.930,303.254,297.975,306.323,296.617,99500.000,294.855,99385.245,
2004-06-02 09:30:00,299.217,0.018,99545.155,167.014,26090858.439,0.000,15670619.221,303.542,298.199,306.197,296.750,99500.000,295.071,99385.149,
2004-06-02 09:35:00,300.085,0.020,99544.976,185.596,26689371.080,0.000,15808660.015,303.608,298.206,307.045,296.883,99500.000,295.136,99385.092,
2004-06-02 09:40:00,299.616,0.018,99544.813,171.310,26414137.144,0.000,15745180.134,303.899,298.443,306.948,297.017,99500.000,295.343,99384.997,
2004-06-02 09:45:00,300.461,0.020,99544.637,189.497,26995653.976,0.000,15879301.020,303.964,298.457,307.784,297.150,99500.000,295.409,99384.938,
2004-06-02 09:50:00,300.000,0.018,99544.476,174.740,26724496.468,0.000,15816761.325,304.254,298.700,307.705,297.283,99500.000,295.613,99384.843,
2004-06-02 09:55:00,300.815,0.020,99544.305,192.487,27284251.880,0.000,15945863.163,304.315,298.718,308.523,297.417,99500.000,295.678,99384.784,
2004-06-02 10:00:00,300.364,0.018,99544.148,178.862,27017484.322,0.000,15884335.965,304.599,298.964,308.459,297.550,99500.000,295.877,99384.690,
2004-06-02 10:05:00,301.118,0.020,99544.055,196.629,27522749.622,0.000,16000870.218,304.655,298.983,309.239,297.550,99491.667,295.878,99384.678,
2004-06-02 10:10:00,300.744,0.018,99543.920,182.893,27291505.368,0.000,15947536.105,304.926,299.230,309.007,297.550,99483.333,296.044,99384.626,
2004-06-02 10:15:00,301.456,0.020,99543.817,199.566,27767806.437,0.000,16057390.055,304.958,299.249,309.471,297.550,99475.000,296.064,99384.609,
2004-06-02 10:20:00,300.958,0.018,99543.746,184.103,27453633.119,0.000,15984929.206,305.207,299.493,309.053,297.550,99466.667,296.201,99384.560,
2004-06-02 10:25:00,301.508,0.019,99543.701,198.126,27822719.110,0.000,16070055.100,305.223,299.514,309.311,297.550,99458.333,296.193,99384.547,
2004-06-02 10:30:00,300.961,0.017,99543.667,181.715,27475620.475,0.000,15990000.364,305.448,299.750,308.762,297.550,99450.000,296.298,99384.505,
2004-06-02 10:35:00,301.430,0.019,99543.657,194.950,27790931.484,0.000,16062723.610,305.435,299.754,308.911,297.550,99441.667,296.262,99384.500,
2004-06-02 10:40:00,300.864,0.017,99543.642,178.409,27430204.893,0.000,15979525.726,305.632,299.974,308.316,297.550,99433.333,296.352,99384.461,
2004-06-02 10:45:00,301.299,0.018,99543.642,191.542,27722386.185,0.000,16046914.341,305.591,299.960,308.435,297.550,99425.000,296.307,99384.457,
2004-06-02 10:50:00,300.732,0.016,99543.632,175.222,27360128.819,0.000,15963363.399,305.763,300.164,307.825,297.550,99416.667,296.392,99384.418,
2004-06-02 10:55:00,301.146,0.018,99543.641,188.653,27637244.227,0.000,16027277.223,305.696,300.133,307.936,297.550,99408.333,296.339,99384.416,
2004-06-02 11:00:00,300.583,0.016,99543.633,166.123,27277437.515,0.000,15944291.499,305.849,300.326,307.330,297.550,99400.000,296.421,99384.378,
2004-06-02 11:05:00,300.931,0.018,99543.694,178.799,27525153.172,0.000,16001424.572,305.762,300.283,307.408,297.600,99391.667,296.324,99384.397,
2004-06-02 11:10:00,300.246,0.016,99543.787,161.497,27099212.240,0.000,15903185.670,305.921,300.455,306.892,297.650,99383.333,296.319,99384.393,
2004-06-02 11:15:00,300.700,0.017,99543.817,175.922,27414504.926,0.000,15975904.690,305.854,300.378,307.240,297.700,99375.000,296.229,99384.412,
2004-06-02 11:20:00,300.212,0.016,99543.792,161.318,27115700.856,0.000,15906988.600,306.022,300.521,306.906,297.750,99366.667,296.308,99384.386,
2004-06-02 11:25:00,300.808,0.018,99543.756,178.818,27521958.344,0.000,16000687.717,305.963,300.423,307.414,297.800,99358.333,296.267,99384.390,
2004-06-02 11:30:00,300.349,0.016,99543.704,164.369,27240438.394,0.000,15935758.032,306.153,300.567,307.192,297.850,99350.000,296.372,99384.356,
2004-06-02 11:35:00,300.988,0.018,99543.651,182.035,27673095.190,0.000,16035545.879,306.115,300.474,307.807,297.900,99341.667,296.345,99384.355,
2004-06-02 11:40:00,300.549,0.016,99543.582,167.745,27403060.282,0.000,15973265.101,306.326,300.629,307.635,297.950,99333.333,296.463,99384.317,
2004-06-02 11:45:00,301.214,0.018,99543.518,186.092,27850880.444,0.000,16076550.222,306.303,300.543,308.294,298.000,99325.000,296.442,99384.314,
2004-06-02 11:50:00,300.781,0.017,99543.441,171.354,27582740.589,0.000,16014706.518,306.528,300.707,308.151,298.050,99316.667,296.566,99384.272,
2004-06-02 11:55:00,301.467,0.019,99543.370,190.119,26003423.991,0.000,15114173.882,306.514,300.626,308.837,298.100,99308.333,296.550,99384.267,
2004-06-02 12:00:00,301.030,0.017,99543.288,181.849,25729196.733,0.000,15050926.181,306.748,300.796,308.698,298.150,99300.000,296.678,99384.223,
2004-06-02 12:05:00,301.806,0.019,99543.134,201.803,26184522.373,0.000,15155942.364,306.738,300.719,309.444,298.150,99300.000,296.730,99384.177,
2004-06-02 12:10:00,301.436,0.017,99542.957,187.582,25892744.991,0.000,15088646.908,306.934,300.896,309.296,298.150,99300.000,296.943,99384.086,
2004-06-02 12:15:00,302.117,0.019,99542.827,206.568,26286400.831,0.000,15179439.584,306.849,300.826,309.916,298.150,99300.000,296.990,99384.039,
2004-06-02 12:20:00,301.706,0.018,99542.691,192.086,25967903.225,0.000,15105981.382,306.992,301.011,309.732,298.150,99300.000,297.170,99383.958,
2004-06-02 12:25:00,302.313,0.019,99542.580,209.437,26313554.705,0.000,15185702.347,306.866,300.945,310.271,298.150,99300.000,297.206,99383.914,
2004-06-02 12:30:00,301.915,0.018,99542.454,195.295,26004153.888,0.000,15114342.226,306.971,301.126,309.886,298.150,99300.000,297.375,99383.835,
2004-06-02 12:35:00,302.395,0.020,99542.395,210.974,26267075.663,0.000,15174982.433,306.814,301.056,310.118,298.150,99300.000,297.376,99383.801,
2004-06-02 12:40:00,301.942,0.018,99542.321,197.175,25922584.350,0.000,15095529.049,306.889,301.229,309.673,298.150,99300.000,297.497,99383.736,
2004-06-02 12:45:00,302.386,0.020,99542.263,211.782,26162867.538,0.000,15150947.899,306.709,301.153,309.833,298.150,99300.000,297.501,99383.701,
2004-06-02 12:50:00,301.948,0.018,99542.196,199.091,25829414.948,0.000,15074040.484,306.754,301.310,309.362,298.150,99300.000,297.616,99383.637,
2004-06-02 12:55:00,302.338,0.020,99542.149,212.617,28075063.008,0.000,16128255.628,306.557,301.229,309.465,298.150,99300.000,297.616,99383.604,
2004-06-02 13:00:00,301.921,0.018,99542.089,198.583,27757284.629,0.000,16054963.308,306.579,301.372,308.990,298.150,99300.000,297.721,99383.543,
2004-06-02 13:05:00,302.278,0.020,99542.014,210.853,27914610.321,0.000,16091248.864,306.370,301.288,309.058,298.150,99291.667,297.749,99383.486,
2004-06-02 13:10:00,301.954,0.018,99541.885,200.040,27630519.031,0.000,16025726.125,306.361,301.419,308.578,298.150,99283.333,297.912,99383.393,
2004-06-02 13:15:00,302.266,0.020,99541.797,210.682,27761575.604,0.000,16055952.978,306.123,301.333,308.545,298.150,99275.000,297.965,99383.329,
