Time (GMT-8),Urban_DBT_C,Rural_DBT_C,Urban_DBT_C_1.2,Urban_DBT_C_20.0,Rural_Pres_Pa
2008-07-01 00:30:00,,18.603601075,18.66,18.9,9925.337500000001
2008-07-01 01:00:00,,18.13424072,18.82,19.3,9926.900000000001
2008-07-01 01:30:00,,17.83008728,19.03,19.34,9927.300500000001
2008-07-01 02:00:00,,17.52593384,18.52,18.59,9927.701000000001
2008-07-01 02:30:00,,16.985406495,17.7,17.65,9929.113000000001
2008-07-01 03:00:00,,16.44487915,17.31,17.35,9930.525
2008-07-01 03:30:00,,16.210198974999997,17.05,17.0,9931.657
2008-07-01 04:00:00,,15.9755188,16.52,16.35,9932.788999999999
2008-07-01 04:30:00,,16.053460695,16.06,15.97,9934.982
2008-07-01 05:00:00,,16.13140259,15.84,15.69,9937.175000000001
2008-07-01 05:30:00,,16.382180785000003,15.92,15.77,9937.075
2008-07-01 06:00:00,,16.63295898,16.19,15.82,9936.975
2008-07-01 06:30:00,,17.206948850000003,16.03,15.31,9937.976499999999
2008-07-01 07:00:00,,17.78093872,15.98,15.03,9938.978000000001
2008-07-01 07:30:00,,18.16474304,16.64,15.1,9938.5775
2008-07-01 08:00:00,,18.54854736,17.09,15.3,9938.177
2008-07-01 08:30:00,,18.909890745,17.39,15.39,9937.3357
2008-07-01 09:00:00,,19.27123413,18.05,15.81,9936.4944
2008-07-01 09:30:00,,19.683831785000002,19.34,16.51,9937.92645
2008-07-01 10:00:00,,20.09642944,19.7,16.65,9939.3585
2008-07-01 10:30:00,,20.459466550000002,19.79,16.79,9938.417050000002
2008-07-01 11:00:00,,20.82250366,20.22,17.0,9937.4756
2008-07-01 11:30:00,,21.116906735,20.74,17.37,9935.9633
2008-07-01 12:00:00,,21.41130981,21.07,17.83,9934.451
2008-07-01 12:30:00,,21.641336055,22.12,18.1,9932.8485
2008-07-01 13:00:00,,21.8713623,22.19,18.88,9931.246000000001
2008-07-01 13:30:00,,21.958627315,22.62,19.19,9928.9725
2008-07-01 14:00:00,,22.04589233,22.71,19.66,9926.699
2008-07-01 14:30:00,,22.129342649999998,23.32,19.55,9924.2355
2008-07-01 15:00:00,,22.21279297,23.87,20.03,9921.772
2008-07-01 15:30:00,,22.379693605,24.01,20.84,9919.4985
2008-07-01 16:00:00,,22.54659424,24.09,21.01,9917.225
2008-07-01 16:30:00,,22.460610965,23.29,20.47,9916.1035
2008-07-01 17:00:00,,22.37462769,23.47,20.63,9914.982
2008-07-01 17:30:00,,22.122994995,23.55,20.62,9915.522500000001
2008-07-01 18:00:00,,21.8713623,22.62,20.37,9916.063
2008-07-01 18:30:00,,21.6349884,23.11,20.15,9916.554
2008-07-01 19:00:00,,21.3986145,21.89,19.71,9917.045
2008-07-01 19:30:00,,21.25246582,20.43,19.38,9919.749
2008-07-01 20:00:00,,21.10631714,19.82,19.23,9922.453
2008-07-01 20:30:00,,21.036416625,19.14,18.72,9923.73525
2008-07-01 21:00:00,,20.96651611,18.65,18.46,9925.0175
2008-07-01 21:30:00,,20.90679321,18.61,18.58,9923.67525
2008-07-01 22:00:00,,20.84707031,18.36,18.69,9922.333
2008-07-01 22:30:00,,20.715753175,18.07,17.96,9920.0795
2008-07-01 23:00:00,,20.58443604,17.32,17.7,9917.826
2008-07-01 23:30:00,,20.38405762,17.31,18.41,9919.008
2008-07-02 00:00:00,,20.1836792,17.21,17.52,9920.189999999999
2008-07-02 00:30:00,,18.649362185,16.81,17.4,9918.66775
2008-07-02 01:00:00,,17.11504517,16.52,17.21,9917.145499999999
2008-07-02 01:30:00,,17.289559939999997,16.29,16.88,9917.57575
2008-07-02 02:00:00,,17.46407471,15.95,15.86,9918.006
2008-07-02 02:30:00,,17.369622805,15.32,15.36,9916.7945
2008-07-02 03:00:00,,17.2751709,14.92,14.9,9915.582999999999
2008-07-02 03:30:00,,17.245080565000002,14.49,14.55,9914.391
2008-07-02 04:00:00,,17.21499023,14.3,14.57,9913.199
2008-07-02 04:30:00,,17.34293518,14.32,14.84,9912.958499999999
2008-07-02 05:00:00,,17.47088013,14.28,15.08,9912.717999999999
2008-07-02 05:30:00,,17.755960084999998,15.15,15.99,9912.357499999998
2008-07-02 06:00:00,,18.04104004,15.09,15.45,9911.997
2008-07-02 06:30:00,,18.633248899999998,15.61,15.9,9912.6483
2008-07-02 07:00:00,,19.22545776,16.27,15.97,9913.2996
2008-07-02 07:30:00,,19.94010315,17.74,16.68,9912.59805
2008-07-02 08:00:00,,20.65474854,19.66,18.14,9911.8965
2008-07-02 08:30:00,,21.41428528,21.13,19.21,9910.19425
2008-07-02 09:00:00,,22.17382202,21.94,20.07,9908.492
2008-07-02 09:30:00,,22.93166504,22.96,20.83,9909.69375
2008-07-02 10:00:00,,23.68950806,23.59,21.38,9910.895499999999
2008-07-02 10:30:00,,24.34484253,23.75,21.61,9908.381749999999
2008-07-02 11:00:00,,25.000177,23.94,22.01,9905.868
2008-07-02 11:30:00,,25.53307495,25.76,22.92,9902.503
2008-07-02 12:00:00,,26.0659729,26.06,23.5,9899.138
2008-07-02 12:30:00,,26.00370178,26.53,23.79,9895.8125
2008-07-02 13:00:00,,25.94143066,26.29,24.05,9892.487
2008-07-02 13:30:00,,26.107064815,27.1,24.41,9891.015
2008-07-02 14:00:00,,26.27269897,27.52,25.33,9889.543
2008-07-02 14:30:00,,26.552713009999998,28.57,25.21,9885.447
2008-07-02 15:00:00,,26.83272705,29.65,25.67,9881.350999999999
2008-07-02 15:30:00,,27.111032105,29.19,26.01,9877.2645
2008-07-02 16:00:00,,27.38933716,28.92,26.41,9873.178
2008-07-02 16:30:00,,27.527856444999998,27.11,26.06,9869.773000000001
2008-07-02 17:00:00,,27.66637573,27.55,26.3,9866.368
2008-07-02 17:30:00,,27.544808959999997,26.36,25.1,9866.188
2008-07-02 18:00:00,,27.42324219,27.25,25.59,9866.008
2008-07-02 18:30:00,,27.086465455000003,27.04,25.5,9866.909
2008-07-02 19:00:00,,26.74968872,25.27,24.76,9867.81
2008-07-02 19:30:00,,26.16213379,23.42,23.05,9871.175500000001
2008-07-02 20:00:00,,25.57457886,21.6,21.06,9874.541000000001
2008-07-02 20:30:00,,25.068795780000002,20.93,20.75,9876.093
2008-07-02 21:00:00,,24.5630127,20.57,20.08,9877.645
2008-07-02 21:30:00,,23.91784058,19.24,18.79,9878.757
2008-07-02 22:00:00,,23.27266846,19.38,19.8,9879.868999999999
2008-07-02 22:30:00,,22.694863894999997,20.18,20.51,9882.572999999999
2008-07-02 23:00:00,,22.11705933,20.42,20.81,9885.277
2008-07-02 23:30:00,,21.609140015,20.75,21.18,9885.296750000001
2008-07-03 00:00:00,,21.1012207,20.67,20.9,9885.3165
2008-07-03 00:30:00,,21.0203186,19.4,19.4,9886.207999999999
2008-07-03 01:00:00,,20.9394165,19.28,19.45,9887.0995
2008-07-03 01:30:00,,20.732690429999998,19.52,19.83,9886.809249999998
2008-07-03 02:00:00,,20.52596436,19.24,19.43,9886.519
2008-07-03 02:30:00,,19.69695435,18.77,19.66,9887.961
2008-07-03 03:00:00,,18.86794434,19.12,19.58,9889.403
2008-07-03 03:30:00,,18.438394165,16.54,16.61,9890.224
2008-07-03 04:00:00,,18.00884399,16.77,17.86,9891.045
2008-07-03 04:30:00,,17.800012205,17.27,17.64,9891.646
2008-07-03 05:00:00,,17.59118042,17.05,17.66,9892.247000000001
2008-07-03 05:30:00,,17.754693605,18.01,18.64,9893.409
2008-07-03 06:00:00,,17.91820679,18.68,18.88,9894.571
2008-07-03 06:30:00,,17.983010864999997,18.93,19.26,9896.363500000001
2008-07-03 07:00:00,,18.04781494,18.64,18.62,9898.156
2008-07-03 07:30:00,,17.851693724999997,18.21,17.49,9899.0175
2008-07-03 08:00:00,,17.65557251,17.92,17.26,9899.879
2008-07-03 08:30:00,,17.633966065,17.26,16.61,9900.64
2008-07-03 09:00:00,,17.61235962,17.21,16.42,9901.401
2008-07-03 09:30:00,,17.97411499,17.45,16.26,9901.250999999998
2008-07-03 10:00:00,,18.33587036,18.38,16.8,9901.101
2008-07-03 10:30:00,,18.886575315,18.51,16.73,9900.54
2008-07-03 11:00:00,,19.43728027,19.3,17.3,9899.979000000001
2008-07-03 11:30:00,,19.96807251,19.53,17.72,9898.81725
2008-07-03 12:00:00,,20.49886475,20.46,18.12,9897.6555
2008-07-03 12:30:00,,20.426416019999998,20.43,18.49,9895.7825
2008-07-03 13:00:00,,20.35396729,20.51,18.93,9893.9095
2008-07-03 13:30:00,,20.355249025,20.88,18.84,9891.776249999999
2008-07-03 14:00:00,,20.35653076,21.4,19.24,9889.643
2008-07-03 14:30:00,,20.34253845,22.84,20.34,9888.241
2008-07-03 15:00:00,,20.32854614,23.59,20.49,9886.839
2008-07-03 15:30:00,,20.33448181,23.6,20.62,9884.565499999999
2008-07-03 16:00:00,,20.34041748,23.8,20.78,9882.292
2008-07-03 16:30:00,,20.087106325,22.84,20.32,9881.04
2008-07-03 17:00:00,,19.83379517,21.9,19.13,9879.788
2008-07-03 17:30:00,,19.49024353,21.1,18.68,9879.557700000001
2008-07-03 18:00:00,,19.14669189,19.68,17.6,9879.3274
2008-07-03 18:30:00,,18.753991695,18.67,16.97,9881.7107
2008-07-03 19:00:00,,18.3612915,18.68,16.93,9884.094000000001
2008-07-03 19:30:00,,18.091455075,17.88,16.67,9886.1275
2008-07-03 20:00:00,,17.82161865,17.39,16.4,9888.161
2008-07-03 20:30:00,,17.634805295,16.85,16.1,9889.2125
2008-07-03 21:00:00,,17.44799194,16.47,16.04,9890.264000000001
2008-07-03 21:30:00,,17.400964355,16.57,16.17,9887.780499999999
2008-07-03 22:00:00,,17.35393677,16.8,16.65,9885.297
2008-07-03 22:30:00,,17.28615723,17.43,17.23,9884.5955
2008-07-03 23:00:00,,17.21837769,17.54,17.39,9883.894
2008-07-03 23:30:00,,17.067575075,17.58,17.37,9885.3465
2008-07-04 00:00:00,,16.91677246,17.32,17.28,9886.799
2008-07-04 00:30:00,,16.846032715,17.18,17.23,9887.7905
2008-07-04 01:00:00,,16.77529297,17.2,17.29,9888.782000000001
2008-07-04 01:30:00,,16.5185791,17.14,17.24,9888.041000000001
2008-07-04 02:00:00,,16.26186523,16.94,16.96,9887.300000000001
2008-07-04 02:30:00,,16.015756225,16.51,16.59,9887.721000000001
2008-07-04 03:00:00,,15.76964722,16.27,16.35,9888.142
2008-07-04 03:30:00,,15.542581179999999,15.59,15.5,9888.452000000001
2008-07-04 04:00:00,,15.31551514,15.08,15.1,9888.762
2008-07-04 04:30:00,,15.31170044,15.12,15.06,9890.75475
2008-07-04 05:00:00,,15.30788574,15.1,15.27,9892.7475
2008-07-04 05:30:00,,15.478601075,15.15,15.2,9894.45025
2008-07-04 06:00:00,,15.64931641,15.07,14.69,9896.153
2008-07-04 06:30:00,,15.89840088,15.16,14.57,9898.6365
2008-07-04 07:00:00,,16.14748535,15.19,14.71,9901.12
2008-07-04 07:30:00,,16.21061096,15.06,14.44,9901.2705
2008-07-04 08:00:00,,16.27373657,15.88,14.95,9901.421
2008-07-04 08:30:00,,16.58764038,15.53,15.01,9903.083499999999
2008-07-04 09:00:00,,16.90154419,15.84,14.94,9904.746
2008-07-04 09:30:00,,17.061242675,16.51,15.5,9906.869499999999
2008-07-04 10:00:00,,17.22094116,17.47,16.43,9908.993
2008-07-04 10:30:00,,17.46917114,18.24,16.7,9908.6923
2008-07-04 11:00:00,,17.71740112,18.69,16.96,9908.3916
2008-07-04 11:30:00,,18.008843995,19.6,17.42,9908.8523
2008-07-04 12:00:00,,18.30028687,19.85,17.48,9909.313
2008-07-04 12:30:00,,18.401116945,18.59,16.86,9910.064199999999
2008-07-04 13:00:00,,18.50194702,18.32,16.54,9910.8154
2008-07-04 13:30:00,,18.78914795,18.61,17.02,9910.625450000001
2008-07-04 14:00:00,,19.07634888,19.85,18.0,9910.4355
2008-07-04 14:30:00,,19.178445435,20.75,18.73,9910.6655
2008-07-04 15:00:00,,19.28054199,21.03,18.97,9910.895499999999
2008-07-04 15:30:00,,19.26529846,22.57,19.9,9910.48475
2008-07-04 16:00:00,,19.25005493,22.41,20.23,9910.074
2008-07-04 16:30:00,,19.21657715,22.66,20.33,9910.154
2008-07-04 17:00:00,,19.18309937,23.01,20.29,9910.234
2008-07-04 17:30:00,,19.01915894,22.57,20.3,9910.47475
2008-07-04 18:00:00,,18.85521851,22.24,19.83,9910.7155
2008-07-04 18:30:00,,18.742547610000003,20.9,19.65,9912.67855
2008-07-04 19:00:00,,18.62987671,19.9,19.13,9914.6416
2008-07-04 19:30:00,,18.499826050000003,19.59,19.0,9917.3256
2008-07-04 20:00:00,,18.36977539,19.24,18.66,9920.0096
2008-07-04 20:30:00,,18.16855774,18.74,18.38,9919.9295
2008-07-04 21:00:00,,17.96734009,18.42,18.21,9919.8494
2008-07-04 21:30:00,,17.79281006,18.3,18.08,9917.1352
2008-07-04 22:00:00,,17.61828003,17.99,18.03,9914.421
2008-07-04 22:30:00,,17.489083865,17.39,18.1,9913.2295
2008-07-04 23:00:00,,17.3598877,16.97,18.09,9912.038
2008-07-04 23:30:00,,17.271768190000003,17.03,17.65,9910.525300000001
2008-07-05 00:00:00,,17.18364868,17.13,17.28,9909.0126
2008-07-05 00:30:00,,17.197213745,17.21,17.24,9907.570300000001
2008-07-05 01:00:00,,17.21077881,17.28,17.13,9906.127999999999
2008-07-05 01:30:00,,17.049798584999998,17.25,17.19,9905.0365
2008-07-05 02:00:00,,16.88881836,17.27,17.21,9903.945
2008-07-05 02:30:00,,16.83036194,17.08,17.39,9903.244
2008-07-05 03:00:00,,16.77190552,17.36,17.59,9902.543
2008-07-05 03:30:00,,16.66980896,17.5,17.54,9901.071
2008-07-05 04:00:00,,16.5677124,17.42,17.41,9899.599
2008-07-05 04:30:00,,16.49146423,17.34,17.36,9900.9107
2008-07-05 05:00:00,,16.41521606,17.34,17.54,9902.222399999999
2008-07-05 05:30:00,,16.404199215,17.38,17.47,9903.4342
2008-07-05 06:00:00,,16.39318237,17.4,17.31,9904.645999999999
2008-07-05 06:30:00,,16.37455139,17.31,17.17,9905.5275
2008-07-05 07:00:00,,16.35592041,17.24,16.81,9906.409
2008-07-05 07:30:00,,16.330499269999997,16.99,16.17,9908.20175
2008-07-05 08:00:00,,16.30507813,16.77,15.78,9909.9945
2008-07-05 08:30:00,,16.302957155,16.86,15.96,9912.55825
2008-07-05 09:00:00,,16.30083618,17.26,16.45,9915.122
2008-07-05 09:30:00,,16.35845337,17.56,16.87,9916.7045
2008-07-05 10:00:00,,16.41607056,17.71,16.77,9918.287
2008-07-05 10:30:00,,16.649484255,17.74,17.04,9918.237
2008-07-05 11:00:00,,16.88289795,18.03,17.13,9918.187
2008-07-05 11:30:00,,16.82105408,18.11,17.19,9919.9795
2008-07-05 12:00:00,,16.75921021,18.13,17.2,9921.772
2008-07-05 12:30:00,,16.936273195,17.67,17.36,9922.132500000002
2008-07-05 13:00:00,,17.11333618,17.68,17.4,9922.493
2008-07-05 13:30:00,,17.517037965,18.23,17.29,9923.865000000002
2008-07-05 14:00:00,,17.92073975,18.93,17.54,9925.237
2008-07-05 14:30:00,,18.02579651,18.55,17.67,9926.8295
2008-07-05 15:00:00,,18.13085327,19.06,17.72,9928.422
2008-07-05 15:30:00,,17.958016965,19.84,17.86,9927.3505
2008-07-05 16:00:00,,17.78518066,20.76,18.7,9926.278999999999
2008-07-05 16:30:00,,17.680551145000003,20.6,18.8,9925.3275
2008-07-05 17:00:00,,17.57592163,22.47,19.09,9924.376
2008-07-05 17:30:00,,17.432321164999998,22.55,19.43,9926.7395
2008-07-05 18:00:00,,17.2887207,21.45,19.53,9929.103000000001
2008-07-05 18:30:00,,17.212045285000002,20.19,19.45,9929.714000000002
2008-07-05 19:00:00,,17.13536987,19.83,19.14,9930.325
2008-07-05 19:30:00,,16.95151672,19.24,18.9,9933.7603
2008-07-05 20:00:00,,16.76766357,18.5,18.36,9937.1956
2008-07-05 20:30:00,,16.46351013,17.82,17.69,9939.2788
2008-07-05 21:00:00,,16.15935669,17.14,17.04,9941.362
2008-07-05 21:30:00,,15.8374115,16.75,16.6,9939.51875
2008-07-05 22:00:00,,15.51546631,16.43,16.29,9937.675500000001
2008-07-05 22:30:00,,15.181237795000001,16.22,16.16,9938.58725
2008-07-05 23:00:00,,14.84700928,16.05,15.96,9939.499
2008-07-05 23:30:00,,14.482278445,15.91,15.8,9942.5035
2008-07-06 00:00:00,,14.11754761,15.79,15.73,9945.508
2008-07-06 00:30:00,,14.314950565,15.74,15.68,9946.869999999999
2008-07-06 01:00:00,,14.51235352,15.62,15.57,9948.232
2008-07-06 01:30:00,,14.112039185,15.61,15.58,9950.37525
2008-07-06 02:00:00,,13.71172485,15.27,14.97,9952.5185
2008-07-06 02:30:00,,13.44060669,14.85,14.52,9954.641749999999
2008-07-06 03:00:00,,13.16948853,14.52,14.1,9956.765
2008-07-06 03:30:00,,13.039865115000001,14.0,13.64,9958.3275
2008-07-06 04:00:00,,12.9102417,13.91,13.64,9959.89
2008-07-06 04:30:00,,12.80857239,13.87,13.61,9962.193299999999
2008-07-06 05:00:00,,12.70690308,13.9,13.72,9964.4966
2008-07-06 05:30:00,,12.851358035,13.97,13.81,9967.6013
2008-07-06 06:00:00,,12.99581299,14.11,13.93,9970.706
2008-07-06 06:30:00,,13.313104249999999,14.48,14.06,9971.958
2008-07-06 07:00:00,,13.63039551,14.81,14.2,9973.210000000001
2008-07-06 07:30:00,,14.011636355,15.26,14.4,9974.8025
2008-07-06 08:00:00,,14.3928772,15.99,14.65,9976.394999999999
2008-07-06 08:30:00,,14.68984375,16.34,15.03,9977.5365
2008-07-06 09:00:00,,14.9868103,16.94,15.42,9978.678
2008-07-06 09:30:00,,15.273583985,17.81,15.96,9979.258999999998
2008-07-06 10:00:00,,15.56035767,18.48,16.56,9979.84
2008-07-06 10:30:00,,15.86324463,17.55,16.5,9979.3595
2008-07-06 11:00:00,,16.16613159,17.37,16.38,9978.879
2008-07-06 11:30:00,,16.444451905,18.24,16.79,9979.1795
2008-07-06 12:00:00,,16.72277222,20.57,17.8,9979.48
2008-07-06 12:30:00,,17.061654665,20.77,18.35,9979.4
2008-07-06 13:00:00,,17.40053711,20.64,18.35,9979.32
2008-07-06 13:30:00,,17.408166504999997,22.06,18.74,9978.358199999999
2008-07-06 14:00:00,,17.4157959,22.01,19.17,9977.396400000001
2008-07-06 14:30:00,,17.588204955000002,22.05,19.38,9976.094449999999
2008-07-06 15:00:00,,17.76061401,22.88,19.3,9974.7925
2008-07-06 15:30:00,,17.802560425000003,21.76,19.37,9972.54925
2008-07-06 16:00:00,,17.84450684,21.68,19.18,9970.305999999999
2008-07-06 16:30:00,,17.78688965,21.23,19.25,9969.3243
2008-07-06 17:00:00,,17.72927246,21.35,19.21,9968.3426
2008-07-06 17:30:00,,17.624642944999998,21.29,19.26,9967.9018
2008-07-06 18:00:00,,17.52001343,21.33,19.16,9967.461
2008-07-06 18:30:00,,17.399697875,20.67,18.94,9967.8215
2008-07-06 19:00:00,,17.27938232,19.87,18.77,9968.182
2008-07-06 19:30:00,,17.152307125,19.01,18.61,9970.3155
2008-07-06 20:00:00,,17.02523193,18.33,18.22,9972.449
2008-07-06 20:30:00,,16.86171875,17.58,17.78,9973.4405
2008-07-06 21:00:00,,16.69820557,16.92,17.38,9974.432
2008-07-06 21:30:00,,16.49782715,16.2,16.99,9975.3135
2008-07-06 22:00:00,,16.29744873,15.26,16.46,9976.195
2008-07-06 22:30:00,,16.079721069999998,14.96,16.63,9975.2635
2008-07-06 23:00:00,,15.86199341,14.76,16.26,9974.332
2008-07-06 23:30:00,,15.68026123,14.75,15.49,9975.083
2008-07-07 00:00:00,,15.49852905,14.55,14.95,9975.834
2008-07-07 00:30:00,,14.79363403,13.95,14.79,9976.8555
2008-07-07 01:00:00,,14.08873901,13.39,14.6,9977.876999999999
2008-07-07 01:30:00,,14.015878295,12.87,14.55,9977.4565
2008-07-07 02:00:00,,13.94301758,12.48,14.21,9977.036
2008-07-07 02:30:00,,13.878625490000001,12.21,14.21,9977.2063
2008-07-07 03:00:00,,13.8142334,12.34,13.59,9977.3766
2008-07-07 03:30:00,,13.744332885,12.22,13.42,9977.0463
2008-07-07 04:00:00,,13.67443237,11.9,13.43,9976.716
2008-07-07 04:30:00,,13.591409299999999,11.88,13.31,9979.720000000001
2008-07-07 05:00:00,,13.50838623,11.69,13.15,9982.724
2008-07-07 05:30:00,,13.527871704999999,12.16,13.53,9984.156500000001
2008-07-07 06:00:00,,13.54735718,12.96,14.27,9985.589
2008-07-07 06:30:00,,13.885400390000001,14.07,14.31,9986.18975
2008-07-07 07:00:00,,14.2234436,15.11,14.51,9986.7905
2008-07-07 07:30:00,,14.7000061,16.14,14.69,9987.64175
2008-07-07 08:00:00,,15.1765686,16.53,14.81,9988.493
2008-07-07 08:30:00,,15.788690185,17.45,15.64,9989.06425
2008-07-07 09:00:00,,16.40081177,18.32,16.21,9989.6355
2008-07-07 09:30:00,,16.812570190000002,19.05,16.81,9994.14175
2008-07-07 10:00:00,,17.22432861,19.78,17.38,9998.648
2008-07-07 10:30:00,,17.50348816,20.94,18.13,9998.628200000001
2008-07-07 11:00:00,,17.78264771,21.15,18.44,9998.608400000001
2008-07-07 11:30:00,,18.077050784999997,22.47,18.9,9997.3367
2008-07-07 12:00:00,,18.37145386,22.21,19.27,9996.065
2008-07-07 12:30:00,,18.69890747,22.25,19.61,9995.36375
2008-07-07 13:00:00,,19.02636108,22.8,19.94,9994.6625
2008-07-07 13:30:00,,19.305535885,22.79,20.24,9994.09175
2008-07-07 14:00:00,,19.58471069,23.39,20.71,9993.521
2008-07-07 14:30:00,,19.752023315000002,23.09,20.68,9992.229000000001
2008-07-07 15:00:00,,19.91933594,23.71,20.74,9990.937
2008-07-07 15:30:00,,19.948999025,24.01,20.88,9988.353000000001
2008-07-07 16:00:00,,19.97866211,23.86,21.19,9985.769
2008-07-07 16:30:00,,19.87191162,23.43,21.14,9985.268
2008-07-07 17:00:00,,19.76516113,23.25,20.82,9984.767
2008-07-07 17:30:00,,19.559701535000002,23.18,21.0,9985.0975
2008-07-07 18:00:00,,19.35424194,23.05,21.17,9985.428
2008-07-07 18:30:00,,19.20005188,22.93,20.96,9986.960500000001
2008-07-07 19:00:00,,19.04586182,22.42,21.02,9988.493
2008-07-07 19:30:00,,18.973840335,21.29,20.84,9991.297499999999
2008-07-07 20:00:00,,18.90181885,20.69,20.67,9994.101999999999
2008-07-07 20:30:00,,18.8069397,19.97,19.96,9994.302
2008-07-07 21:00:00,,18.71206055,19.07,18.94,9994.502
2008-07-07 21:30:00,,18.57354126,17.9,18.14,9994.7725
2008-07-07 22:00:00,,18.43502197,17.19,18.22,9995.043
2008-07-07 22:30:00,,18.235910035,16.86,17.24,9995.133
2008-07-07 23:00:00,,18.0367981,16.29,16.58,9995.223
2008-07-07 23:30:00,,17.795770265,15.66,16.64,9995.0425
2008-07-08 00:00:00,,17.55474243,15.32,16.36,9994.862000000001
2008-07-08 00:30:00,,16.78588257,15.12,15.57,9995.172700000001
2008-07-08 01:00:00,,16.01702271,14.59,15.7,9995.483400000001
2008-07-08 01:30:00,,15.813684084999998,14.15,15.77,9994.2917
2008-07-08 02:00:00,,15.61034546,13.84,15.67,9993.1
2008-07-08 02:30:00,,15.520547485,13.67,15.47,9994.432
2008-07-08 03:00:00,,15.43074951,13.47,15.18,9995.764
2008-07-08 03:30:00,,15.403634645,13.77,14.91,9995.634
2008-07-08 04:00:00,,15.37651978,13.57,14.89,9995.503999999999
2008-07-08 04:30:00,,15.38541565,13.61,14.9,9995.4035
2008-07-08 05:00:00,,15.39431152,13.68,14.99,9995.303
2008-07-08 05:30:00,,15.40065918,14.11,15.13,9995.934
2008-07-08 06:00:00,,15.40700684,14.62,14.84,9996.565
2008-07-08 06:30:00,,15.969155885,14.95,14.86,9996.225
2008-07-08 07:00:00,,16.53130493,15.71,15.51,9995.885
2008-07-08 07:30:00,,17.021417235,17.23,16.29,9996.195499999998
2008-07-08 08:00:00,,17.51152954,18.59,17.18,9996.506
2008-07-08 08:30:00,,18.056298830000003,20.3,18.38,9995.2935
2008-07-08 09:00:00,,18.60106812,21.08,18.94,9994.081
2008-07-08 09:30:00,,19.118722535,21.73,19.33,9996.3447
2008-07-08 10:00:00,,19.63637695,22.97,19.71,9998.608400000001
2008-07-08 10:30:00,,20.06507263,23.5,20.48,9995.8542
2008-07-08 11:00:00,,20.49376831,24.19,21.03,9993.1
2008-07-08 11:30:00,,20.838159179999998,24.82,21.54,9991.73775
2008-07-08 12:00:00,,21.18255005,25.69,22.04,9990.3755
2008-07-08 12:30:00,,21.53373108,25.18,22.54,9989.314250000001
2008-07-08 13:00:00,,21.88491211,25.35,22.35,9988.253
2008-07-08 13:30:00,,21.973443605,26.37,22.66,9986.780999999999
2008-07-08 14:00:00,,22.0619751,26.78,23.25,9985.309
2008-07-08 14:30:00,,22.250909425000003,26.73,23.48,9982.7645
2008-07-08 15:00:00,,22.43984375,27.07,23.65,9980.22
2008-07-08 15:30:00,,22.613107300000003,28.16,23.95,9976.724999999999
2008-07-08 16:00:00,,22.78637085,27.43,24.19,9973.23
2008-07-08 16:30:00,,22.78890381,26.84,24.49,9971.3272
2008-07-08 17:00:00,,22.79143677,26.5,24.43,9969.4244
2008-07-08 17:30:00,,22.64699707,26.47,24.34,9968.222399999999
2008-07-08 18:00:00,,22.50255737,26.42,24.28,9967.0204
2008-07-08 18:30:00,,22.32802734,26.16,24.12,9966.0392
2008-07-08 19:00:00,,22.15349731,25.03,23.84,9965.058
2008-07-08 19:30:00,,21.955239865,23.69,23.49,9967.061000000002
2008-07-08 20:00:00,,21.75698242,22.75,22.92,9969.064
2008-07-08 20:30:00,,21.503656005,21.63,21.82,9968.0925
2008-07-08 21:00:00,,21.25032959,20.56,21.26,9967.121000000001
2008-07-08 21:30:00,,20.98685608,20.12,21.23,9966.4
2008-07-08 22:00:00,,20.72338257,19.51,20.04,9965.679
2008-07-08 22:30:00,,20.418801879999997,18.6,18.8,9964.347000000002
2008-07-08 23:00:00,,20.11422119,17.87,18.14,9963.015
2008-07-08 23:30:00,,19.81810913,17.35,17.75,9961.4422
2008-07-09 00:00:00,,19.52199707,17.0,17.47,9959.8694
2008-07-09 00:30:00,,18.376550295,16.58,16.75,9958.78795
2008-07-09 01:00:00,,17.23110352,16.03,15.88,9957.7065
2008-07-09 01:30:00,,17.079446415,15.58,15.49,9957.41625
2008-07-09 02:00:00,,16.92778931,14.99,14.77,9957.126
2008-07-09 02:30:00,,16.69565735,14.62,14.61,9955.874
2008-07-09 03:00:00,,16.46352539,14.52,14.51,9954.622000000001
2008-07-09 03:30:00,,16.171655275,14.27,14.32,9955.022500000001
2008-07-09 04:00:00,,15.87978516,14.08,14.24,9955.423
2008-07-09 04:30:00,,15.613320925,13.83,13.96,9955.7935
2008-07-09 05:00:00,,15.34685669,13.86,13.85,9956.163999999999
2008-07-09 05:30:00,,15.40871582,14.43,14.29,9957.496000000001
2008-07-09 06:00:00,,15.47057495,14.9,15.0,9958.828
2008-07-09 06:30:00,,16.09836731,15.73,15.69,9957.90675
2008-07-09 07:00:00,,16.72615967,16.38,15.79,9956.9855
2008-07-09 07:30:00,,17.29041443,17.16,16.07,9957.175449999999
2008-07-09 08:00:00,,17.85466919,17.95,16.95,9957.3654
2008-07-09 08:30:00,,18.202874755,18.44,17.4,9956.6147
2008-07-09 09:00:00,,18.55108032,19.67,17.68,9955.864
2008-07-09 09:30:00,,18.93529663,20.84,18.39,9957.326000000001
2008-07-09 10:00:00,,19.31951294,20.86,18.19,9958.788
2008-07-09 10:30:00,,19.690591429999998,21.23,18.57,9957.0155
2008-07-09 11:00:00,,20.06166992,21.69,19.35,9955.243
2008-07-09 11:30:00,,20.396752929999998,22.46,19.93,9952.669
2008-07-09 12:00:00,,20.73183594,22.79,20.26,9950.095000000001
2008-07-09 12:30:00,,20.656015015,23.42,20.89,9949.524
2008-07-09 13:00:00,,20.58019409,24.01,21.64,9948.953
2008-07-09 13:30:00,,20.87545166,24.81,21.9,9945.488000000001
2008-07-09 14:00:00,,21.17070923,24.86,22.1,9942.023000000001
2008-07-09 14:30:00,,21.358789065,24.44,21.63,9939.538999999999
2008-07-09 15:00:00,,21.5468689,24.64,21.64,9937.055
2008-07-09 15:30:00,,21.628198245,24.65,21.52,9934.000499999998
2008-07-09 16:00:00,,21.70952759,24.32,21.51,9930.946
2008-07-09 16:30:00,,21.637094115,23.05,21.14,9928.0817
2008-07-09 17:00:00,,21.56466064,22.67,21.26,9925.2174
2008-07-09 17:30:00,,21.35073242,22.79,21.32,9923.7949
2008-07-09 18:00:00,,21.1368042,23.56,21.67,9922.3724
2008-07-09 18:30:00,,20.877557375000002,23.66,21.89,9922.533200000002
2008-07-09 19:00:00,,20.61831055,22.75,21.59,9922.694
2008-07-09 19:30:00,,20.254434205000003,21.65,21.36,9924.4463
2008-07-09 20:00:00,,19.89055786,20.94,21.04,9926.1986
2008-07-09 20:30:00,,19.491082765,20.5,20.57,9926.4393
2008-07-09 21:00:00,,19.09160767,19.26,19.02,9926.68
2008-07-09 21:30:00,,18.717553715,18.19,17.99,9921.38175
2008-07-09 22:00:00,,18.34349976,17.35,17.25,9916.0835
2008-07-09 22:30:00,,17.902520754999998,16.59,16.63,9915.79275
2008-07-09 23:00:00,,17.46154175,16.18,16.34,9915.501999999999
2008-07-09 23:30:00,,16.987527465,15.68,16.02,9914.4908
2008-07-10 00:00:00,,16.51351318,15.37,16.25,9913.479599999999
2008-07-10 00:30:00,,16.06531677,15.25,16.15,9914.2608
2008-07-10 01:00:00,,15.61712036,14.88,16.05,9915.042
2008-07-10 01:30:00,,15.219354245,15.42,16.41,9915.883199999998
2008-07-10 02:00:00,,14.82158813,16.04,16.25,9916.7244
2008-07-10 02:30:00,,14.544961545,15.85,15.99,9917.435449999999
2008-07-10 03:00:00,,14.26833496,15.59,15.78,9918.1465
2008-07-10 03:30:00,,14.07262573,15.22,15.4,9918.80775
2008-07-10 04:00:00,,13.8769165,14.81,15.0,9919.469
2008-07-10 04:30:00,,13.67443237,14.61,14.83,9921.992499999998
2008-07-10 05:00:00,,13.47194824,14.52,14.69,9924.516
2008-07-10 05:30:00,,13.60411987,14.43,14.61,9926.6495
2008-07-10 06:00:00,,13.7362915,14.58,14.61,9928.783
2008-07-10 06:30:00,,14.110772705,14.86,14.6,9930.064999999999
2008-07-10 07:00:00,,14.48525391,14.68,14.43,9931.347
2008-07-10 07:30:00,,14.969018555000002,15.81,14.52,9932.858999999999
2008-07-10 08:00:00,,15.4527832,16.26,14.93,9934.371000000001
2008-07-10 08:30:00,,15.741677854999999,16.48,14.93,9936.184
2008-07-10 09:00:00,,16.03057251,16.37,15.0,9937.997
2008-07-10 09:30:00,,16.197473145,17.0,15.24,9940.520499999999
2008-07-10 10:00:00,,16.36437378,17.69,15.73,9943.044
2008-07-10 10:30:00,,16.557977295,18.13,16.24,9943.004
2008-07-10 11:00:00,,16.75158081,18.73,16.74,9942.964
2008-07-10 11:30:00,,16.896447755,18.55,16.56,9946.239
2008-07-10 12:00:00,,17.0413147,19.26,17.13,9949.514000000001
2008-07-10 12:30:00,,16.92652283,19.49,17.3,9949.965
2008-07-10 13:00:00,,16.81173096,19.42,17.0,9950.416
2008-07-10 13:30:00,,17.313287355,19.68,17.2,9952.2585
2008-07-10 14:00:00,,17.81484375,20.05,17.49,9954.101
2008-07-10 14:30:00,,18.0690094,20.31,17.63,9954.8925
2008-07-10 15:00:00,,18.32317505,20.02,17.55,9955.684
2008-07-10 15:30:00,,18.40831909,19.98,17.45,9957.2965
2008-07-10 16:00:00,,18.49346313,19.84,17.79,9958.909
2008-07-10 16:30:00,,18.461694334999997,19.5,17.76,9959.86
2008-07-10 17:00:00,,18.42992554,19.88,18.13,9960.811
2008-07-10 17:30:00,,18.257089235000002,19.84,17.97,9961.5825
2008-07-10 18:00:00,,18.08425293,20.47,18.65,9962.354000000001
2008-07-10 18:30:00,,17.75171814,20.62,19.03,9965.4285
2008-07-10 19:00:00,,17.41918335,20.19,19.14,9968.503
2008-07-10 19:30:00,,17.0095459,18.74,18.14,9972.639000000001
2008-07-10 20:00:00,,16.59990845,17.4,17.24,9976.775000000001
2008-07-10 20:30:00,,16.211877445,16.88,16.85,9979.85
2008-07-10 21:00:00,,15.82384644,16.44,16.51,9982.925
2008-07-10 21:30:00,,15.517160035,16.04,16.2,9987.922
2008-07-10 22:00:00,,15.21047363,15.26,15.8,9992.919
2008-07-10 22:30:00,,15.021966549999998,15.05,15.64,9995.422999999999
2008-07-10 23:00:00,,14.83345947,14.56,14.66,9997.927
2008-07-10 23:30:00,,14.721627805,13.97,14.28,10000.030499999999
2008-07-11 00:00:00,,14.60979614,13.47,14.09,10002.134
2008-07-11 00:30:00,,13.945993040000001,12.83,14.2,10003.53625
2008-07-11 01:00:00,,13.28218994,12.54,14.3,10004.9385
2008-07-11 01:30:00,,13.34317932,12.47,13.96,10006.40075
2008-07-11 02:00:00,,13.4041687,12.19,13.72,10007.863000000001
2008-07-11 02:30:00,,13.450341795,11.65,13.51,10007.43225
2008-07-11 03:00:00,,13.49651489,11.33,13.44,10007.0015
2008-07-11 03:30:00,,13.479577635,11.25,13.52,10007.91275
2008-07-11 04:00:00,,13.46264038,11.18,13.13,10008.824
2008-07-11 04:30:00,,13.415200805,10.89,13.35,10010.126
2008-07-11 05:00:00,,13.36776123,10.63,13.29,10011.428
2008-07-11 05:30:00,,13.29192505,10.86,13.35,10012.379500000001
2008-07-11 06:00:00,,13.21608887,11.49,14.03,10013.331
2008-07-11 06:30:00,,13.863793945000001,13.02,15.32,10015.734499999999
2008-07-11 07:00:00,,14.51149902,14.19,15.01,10018.138
2008-07-11 07:30:00,,15.07618103,16.4,15.7,10017.7775
2008-07-11 08:00:00,,15.64086304,17.28,16.05,10017.417000000001
2008-07-11 08:30:00,,16.2051178,18.57,16.27,10016.795999999998
2008-07-11 09:00:00,,16.76937256,19.08,17.15,10016.175
2008-07-11 09:30:00,,17.29845581,19.64,17.5,10019.820749999999
2008-07-11 10:00:00,,17.82753906,20.82,18.11,10023.4665
2008-07-11 10:30:00,,18.350274655,21.35,19.19,10021.303249999999
2008-07-11 11:00:00,,18.87301025,22.05,19.28,10019.14
2008-07-11 11:30:00,,19.277993770000002,21.72,18.91,10017.7075
2008-07-11 12:00:00,,19.68297729,22.19,19.4,10016.275
2008-07-11 12:30:00,,20.066766355,21.85,19.36,10015.283500000001
2008-07-11 13:00:00,,20.45055542,22.94,20.32,10014.292000000001
2008-07-11 13:30:00,,20.662789915,23.61,20.66,10012.529499999999
2008-07-11 14:00:00,,20.87502441,24.17,21.29,10010.767
2008-07-11 14:30:00,,20.9817749,24.34,21.83,10008.654
2008-07-11 15:00:00,,21.08852539,24.48,21.87,10006.541
2008-07-11 15:30:00,,21.10376892,25.31,22.48,10003.8465
2008-07-11 16:00:00,,21.11901245,25.5,23.05,10001.152
2008-07-11 16:30:00,,21.069451905,25.39,23.06,9998.3675
2008-07-11 17:00:00,,21.01989136,24.43,22.3,9995.583
2008-07-11 17:30:00,,20.905099489999998,24.07,22.25,9994.331500000002
2008-07-11 18:00:00,,20.79030762,24.62,22.7,9993.08
2008-07-11 18:30:00,,20.687783815,24.16,23.03,9991.867999999999
2008-07-11 19:00:00,,20.58526001,22.81,21.97,9990.655999999999
2008-07-11 19:30:00,,20.516641235,21.5,21.5,9993.0895
2008-07-11 20:00:00,,20.44802246,20.63,20.92,9995.523
2008-07-11 20:30:00,,20.392099,19.69,20.05,9995.1625
2008-07-11 21:00:00,,20.33617554,18.76,19.58,9994.802
2008-07-11 21:30:00,,20.300180055,18.24,19.57,9993.19
2008-07-11 22:00:00,,20.26418457,18.18,19.36,9991.578
2008-07-11 22:30:00,,20.227319335,17.6,19.31,9991.3775
2008-07-11 23:00:00,,20.1904541,16.65,19.35,9991.177
2008-07-11 23:30:00,,20.08539734,16.37,18.52,9990.646
2008-07-12 00:00:00,,19.98034058,15.69,18.13,9990.115
2008-07-12 00:30:00,,18.828546145,15.33,17.9,9990.4257
2008-07-12 01:00:00,,17.67675171,15.18,17.16,9990.7364
2008-07-12 01:30:00,,17.70385132,14.61,17.37,9989.835
2008-07-12 02:00:00,,17.73095093,14.18,17.57,9988.9336
2008-07-12 02:30:00,,17.630990599999997,14.47,17.28,9988.2928
2008-07-12 03:00:00,,17.53103027,14.44,16.78,9987.652
2008-07-12 03:30:00,,17.45392761,14.01,16.91,9989.3545
2008-07-12 04:00:00,,17.37682495,13.92,16.42,9991.057
2008-07-12 04:30:00,,17.37555847,13.9,16.05,9992.309000000001
2008-07-12 05:00:00,,17.37429199,13.92,15.96,9993.561
2008-07-12 05:30:00,,17.425119015,14.26,16.0,9993.881500000001
2008-07-12 06:00:00,,17.47594604,14.68,16.68,9994.202
2008-07-12 06:30:00,,17.92116699,15.73,17.57,9995.0935
2008-07-12 07:00:00,,18.36638794,17.34,18.15,9995.985
2008-07-12 07:30:00,,18.9518219,19.37,19.3,9994.723
2008-07-12 08:00:00,,19.53725586,20.61,19.32,9993.461000000001
2008-07-12 08:30:00,,20.049401855,21.2,19.6,9993.300500000001
2008-07-12 09:00:00,,20.56154785,21.59,19.73,9993.14
2008-07-12 09:30:00,,21.022012330000003,22.52,20.58,9996.1445
2008-07-12 10:00:00,,21.48247681,23.4,21.3,9999.149
2008-07-12 10:30:00,,21.899743655,24.04,21.47,9997.667
2008-07-12 11:00:00,,22.3170105,24.31,21.77,9996.185
2008-07-12 11:30:00,,22.64107666,25.38,22.43,9995.354000000001
2008-07-12 12:00:00,,22.96514282,25.1,22.36,9994.523
2008-07-12 12:30:00,,23.091790770000003,25.22,22.62,9992.789999999999
2008-07-12 13:00:00,,23.21843872,26.07,23.22,9991.057
2008-07-12 13:30:00,,23.541238405,26.78,24.06,9989.3945
2008-07-12 14:00:00,,23.86403809,27.0,24.17,9987.732
2008-07-12 14:30:00,,24.094064335,26.94,24.5,9985.8193
2008-07-12 15:00:00,,24.32409058,27.21,24.27,9983.9066
2008-07-12 15:30:00,,24.46683655,27.1,24.67,9981.3225
2008-07-12 16:00:00,,24.60958252,26.73,23.95,9978.7384
2008-07-12 16:30:00,,24.612130739999998,26.77,24.41,9976.6252
2008-07-12 17:00:00,,24.61467896,26.95,25.03,9974.512
2008-07-12 17:30:00,,24.494378665,27.52,25.25,9971.968200000001
2008-07-12 18:00:00,,24.37407837,27.37,25.57,9969.4244
2008-07-12 18:30:00,,24.21734009,27.51,25.7,9969.404199999999
2008-07-12 19:00:00,,24.06060181,26.84,25.41,9969.384
2008-07-12 19:30:00,,23.905984500000002,25.3,25.07,9969.925000000001
2008-07-12 20:00:00,,23.75136719,24.47,24.57,9970.466
2008-07-12 20:30:00,,23.592935179999998,23.09,23.56,9969.655
2008-07-12 21:00:00,,23.43450317,22.08,23.38,9968.844
2008-07-12 21:30:00,,23.151101685,21.46,22.94,9966.8205
2008-07-12 22:00:00,,22.8677002,20.54,22.26,9964.797
2008-07-12 22:30:00,,22.518640140000002,20.4,21.71,9963.915500000001
2008-07-12 23:00:00,,22.16958008,20.41,21.26,9963.034
2008-07-12 23:30:00,,21.78875122,20.05,20.82,9963.1045
2008-07-13 00:00:00,,21.40792236,19.18,20.13,9963.175
2008-07-13 00:30:00,,20.229425045,18.16,19.04,9962.413499999999
2008-07-13 01:00:00,,19.05092773,17.17,19.4,9961.652
2008-07-13 01:30:00,,18.683663940000002,16.74,18.89,9960.5805
2008-07-13 02:00:00,,18.31640015,16.48,18.01,9959.509
2008-07-13 02:30:00,,17.897866825,15.68,17.93,9958.858
2008-07-13 03:00:00,,17.4793335,15.46,17.66,9958.207
2008-07-13 03:30:00,,17.217538455,15.19,16.99,9958.2975
2008-07-13 04:00:00,,16.95574341,14.43,16.8,9958.387999999999
2008-07-13 04:30:00,,16.888391114999997,13.96,16.63,9957.716499999999
2008-07-13 05:00:00,,16.82103882,14.1,16.57,9957.045
2008-07-13 05:30:00,,16.867211915,14.15,17.25,9957.2052
2008-07-13 06:00:00,,16.91338501,15.01,17.42,9957.3654
2008-07-13 06:30:00,,17.394189455,16.52,17.17,9956.3142
2008-07-13 07:00:00,,17.8749939,17.18,16.93,9955.262999999999
2008-07-13 07:30:00,,18.36765442,18.45,17.32,9955.512999999999
2008-07-13 08:00:00,,18.86031494,19.3,17.56,9955.763
2008-07-13 08:30:00,,19.327981565,19.92,17.96,9954.931999999999
2008-07-13 09:00:00,,19.79564819,20.75,18.48,9954.101
2008-07-13 09:30:00,,20.23621521,21.66,18.85,9959.288999999999
2008-07-13 10:00:00,,20.67678223,22.07,19.37,9964.476999999999
2008-07-13 10:30:00,,21.033029175000003,22.51,19.8,9962.003
2008-07-13 11:00:00,,21.38927612,23.63,20.34,9959.529
2008-07-13 11:30:00,,21.690042115,24.12,21.0,9957.98675
2008-07-13 12:00:00,,21.99080811,25.4,21.59,9956.444500000001
2008-07-13 12:30:00,,21.938714599999997,26.29,21.9,9954.071
2008-07-13 13:00:00,,21.88662109,25.71,22.46,9951.6975
2008-07-13 13:30:00,,21.997186274999997,25.84,23.18,9948.85275
2008-07-13 14:00:00,,22.10775146,26.16,23.35,9946.008
2008-07-13 14:30:00,,22.349633785,26.34,23.21,9943.174
2008-07-13 15:00:00,,22.59151611,26.31,23.55,9940.34
2008-07-13 15:30:00,,22.68300781,26.35,23.68,9936.965
2008-07-13 16:00:00,,22.77449951,26.81,24.2,9933.59
2008-07-13 16:30:00,,22.684701535,26.45,24.09,9930.996500000001
2008-07-13 17:00:00,,22.59490356,26.24,24.04,9928.403
2008-07-13 17:30:00,,22.32251892,26.6,24.14,9927.130249999998
2008-07-13 18:00:00,,22.05013428,26.18,23.88,9925.8575
2008-07-13 18:30:00,,21.577371215,25.39,23.45,9925.10675
2008-07-13 19:00:00,,21.10460815,24.61,23.19,9924.356
2008-07-13 19:30:00,,20.49588928,23.32,23.02,9927.4105
2008-07-13 20:00:00,,19.88717041,22.45,22.27,9930.465
2008-07-13 20:30:00,,19.364419554999998,20.87,20.5,9931.4568
2008-07-13 21:00:00,,18.8416687,19.72,19.37,9932.4486
2008-07-13 21:30:00,,18.479058835,18.7,18.53,9930.4853
2008-07-13 22:00:00,,18.11644897,18.03,17.77,9928.521999999999
2008-07-13 22:30:00,,17.897012325,17.43,17.25,9930.926
2008-07-13 23:00:00,,17.67757568,16.73,16.4,9933.33
2008-07-13 23:30:00,,17.428918455,16.07,15.83,9932.62875
2008-07-14 00:00:00,,17.18026123,15.53,15.26,9931.9275
2008-07-14 00:30:00,,16.644815065,15.01,14.85,9932.85875
2008-07-14 01:00:00,,16.1093689,14.82,14.63,9933.79
2008-07-14 01:30:00,,15.74251709,14.59,14.33,9934.430800000002
2008-07-14 02:00:00,,15.37566528,14.35,14.11,9935.071600000001
2008-07-14 02:30:00,,15.1062561,14.31,14.08,9935.442299999999
2008-07-14 03:00:00,,14.83684692,14.23,14.1,9935.813
2008-07-14 03:30:00,,14.65215454,14.17,14.08,9934.591199999999
2008-07-14 04:00:00,,14.46746216,13.96,14.16,9933.3694
2008-07-14 04:30:00,,14.448815920000001,13.43,14.1,9934.9319
2008-07-14 05:00:00,,14.43016968,13.63,14.09,9936.4944
2008-07-14 05:30:00,,14.71907959,13.88,14.31,9937.9162
2008-07-14 06:00:00,,15.0079895,14.19,14.49,9939.338
2008-07-14 06:30:00,,15.46590576,14.79,14.75,9938.918
2008-07-14 07:00:00,,15.92382202,15.3,15.23,9938.498
2008-07-14 07:30:00,,16.447412110000002,16.68,15.52,9939.1585
2008-07-14 08:00:00,,16.9710022,17.51,15.68,9939.819
2008-07-14 08:30:00,,17.50348816,17.95,16.38,9940.059500000001
2008-07-14 09:00:00,,18.03597412,18.99,16.75,9940.300000000001
2008-07-14 09:30:00,,18.553201295,19.58,17.2,9942.1528
2008-07-14 10:00:00,,19.07042847,21.05,17.98,9944.0056
2008-07-14 10:30:00,,19.471170045,21.25,18.57,9942.6838
2008-07-14 11:00:00,,19.87191162,21.04,18.74,9941.362
2008-07-14 11:30:00,,20.190042114999997,22.67,19.49,9941.482
2008-07-14 12:00:00,,20.50817261,23.43,20.09,9941.602
2008-07-14 12:30:00,,20.59458313,23.91,21.01,9939.268699999999
2008-07-14 13:00:00,,20.68099365,25.06,21.91,9936.9354
2008-07-14 13:30:00,,20.837319945,24.83,21.75,9935.633450000001
2008-07-14 14:00:00,,20.99364624,25.35,22.27,9934.3315
2008-07-14 14:30:00,,20.969064330000002,25.74,22.68,9931.18625
2008-07-14 15:00:00,,20.94448242,24.76,22.66,9928.041000000001
2008-07-14 15:30:00,,20.86231384,23.04,21.71,9926.478500000001
2008-07-14 16:00:00,,20.78014526,23.69,21.0,9924.916000000001
2008-07-14 16:30:00,,20.833932495,22.82,20.68,9921.701500000001
2008-07-14 17:00:00,,20.88771973,23.32,20.82,9918.487000000001
2008-07-14 17:30:00,,20.747079470000003,24.07,21.53,9917.9765
2008-07-14 18:00:00,,20.60643921,24.17,21.97,9917.466
2008-07-14 18:30:00,,20.46199951,23.88,22.17,9917.1255
2008-07-14 19:00:00,,20.31755981,23.33,21.47,9916.785
2008-07-14 19:30:00,,20.19046936,21.74,20.89,9918.958
2008-07-14 20:00:00,,20.06337891,20.25,19.97,9921.131
2008-07-14 20:30:00,,19.899865724999998,19.32,19.53,9922.112200000001
2008-07-14 21:00:00,,19.73635254,18.62,19.06,9923.0934
2008-07-14 21:30:00,,19.475823974999997,18.02,18.33,9925.0267
2008-07-14 22:00:00,,19.21529541,17.59,18.39,9926.96
2008-07-14 22:30:00,,18.91665039,17.44,18.24,9926.1485
2008-07-14 23:00:00,,18.61800537,17.5,17.89,9925.337
2008-07-14 23:30:00,,18.40407715,17.65,17.77,9925.377
2008-07-15 00:00:00,,18.19014893,16.65,16.4,9925.417
2008-07-15 00:30:00,,16.895593265,15.89,15.85,9925.437500000002
2008-07-15 01:00:00,,15.6010376,15.33,15.41,9925.458
2008-07-15 01:30:00,,15.661187745,14.84,14.99,9925.9485
2008-07-15 02:00:00,,15.72133789,14.45,14.64,9926.439
2008-07-15 02:30:00,,15.6357666,14.03,14.27,9926.3287
2008-07-15 03:00:00,,15.55019531,13.55,13.81,9926.2184
2008-07-15 03:30:00,,15.470132445,13.5,13.63,9926.458700000001
2008-07-15 04:00:00,,15.39006958,13.35,13.51,9926.699
2008-07-15 04:30:00,,15.25536499,13.08,13.48,9928.1513
2008-07-15 05:00:00,,15.1206604,12.96,13.37,9929.6036
2008-07-15 05:30:00,,15.20623169,13.44,13.59,9932.2278
2008-07-15 06:00:00,,15.29180298,14.08,13.91,9934.851999999999
2008-07-15 06:30:00,,15.87003479,14.14,14.07,9935.84375
2008-07-15 07:00:00,,16.4482666,14.77,14.7,9936.8355
2008-07-15 07:30:00,,17.030740355,16.47,15.61,9937.85675
2008-07-15 08:00:00,,17.61321411,16.56,15.41,9938.878
2008-07-15 08:30:00,,18.182550050000003,18.35,16.03,9939.0785
2008-07-15 09:00:00,,18.75188599,19.03,16.6,9939.279
2008-07-15 09:30:00,,19.22590027,20.28,16.96,9942.023000000001
2008-07-15 10:00:00,,19.69991455,20.53,17.68,9944.767
2008-07-15 10:30:00,,20.085824584999997,21.85,18.37,9943.395
2008-07-15 11:00:00,,20.47173462,22.0,19.2,9942.023000000001
2008-07-15 11:30:00,,20.82079468,22.65,19.89,9942.183
2008-07-15 12:00:00,,21.16985474,23.75,20.59,9942.342999999999
2008-07-15 12:30:00,,21.166467285000003,24.57,21.27,9941.632
2008-07-15 13:00:00,,21.16307983,25.02,21.99,9940.921
2008-07-15 13:30:00,,21.5112854,24.93,22.03,9940.760800000002
2008-07-15 14:00:00,,21.85949097,25.17,22.39,9940.6006
2008-07-15 14:30:00,,22.005212405,25.24,22.06,9938.8778
2008-07-15 15:00:00,,22.15093384,25.43,22.42,9937.155
2008-07-15 15:30:00,,22.159829715,25.34,22.89,9935.863000000001
2008-07-15 16:00:00,,22.16872559,25.35,22.69,9934.571
2008-07-15 16:30:00,,22.16619263,25.37,22.73,9933.2092
2008-07-15 17:00:00,,22.16365967,24.85,22.85,9931.847399999999
2008-07-15 17:30:00,,22.051828005,24.82,22.71,9933.0687
2008-07-15 18:00:00,,21.93999634,24.71,22.43,9934.29
2008-07-15 18:30:00,,21.774362185,24.45,22.44,9935.332
2008-07-15 19:00:00,,21.60872803,23.71,22.39,9936.374
2008-07-15 19:30:00,,21.40708313,22.36,22.12,9939.519000000002
2008-07-15 20:00:00,,21.20543823,21.71,22.01,9942.664
2008-07-15 20:30:00,,20.97710571,21.23,21.37,9944.987500000001
2008-07-15 21:00:00,,20.74877319,20.4,20.52,9947.311
2008-07-15 21:30:00,,20.514093015,19.78,20.13,9944.917000000001
2008-07-15 22:00:00,,20.27941284,19.25,19.83,9942.523
2008-07-15 22:30:00,,20.070993039999998,18.69,19.31,9944.065499999999
2008-07-15 23:00:00,,19.86257324,18.13,19.1,9945.608
2008-07-15 23:30:00,,19.67745361,18.01,18.68,9947.330500000002
2008-07-16 00:00:00,,19.49233398,17.58,18.19,9949.053
2008-07-16 00:30:00,,18.105004880000003,16.42,17.74,9949.374
2008-07-16 01:00:00,,16.71767578,15.63,17.07,9949.695
2008-07-16 01:30:00,,16.766397095000002,15.4,16.05,9951.177
2008-07-16 02:00:00,,16.81511841,14.86,15.65,9952.659
2008-07-16 02:30:00,,16.724465945,14.23,15.41,9953.65075
2008-07-16 03:00:00,,16.63381348,14.37,15.15,9954.6425
2008-07-16 03:30:00,,16.421151735000002,14.14,15.06,9955.73375
2008-07-16 04:00:00,,16.20848999,13.95,14.78,9956.825
2008-07-16 04:30:00,,16.01659546,13.74,14.54,9959.8695
2008-07-16 05:00:00,,15.82470093,13.93,14.37,9962.914
2008-07-16 05:30:00,,15.767510985000001,14.26,14.47,9966.48925
2008-07-16 06:00:00,,15.71032104,14.68,14.77,9970.064499999999
2008-07-16 06:30:00,,16.175881955,15.29,15.34,9971.597249999999
2008-07-16 07:00:00,,16.64144287,15.79,15.57,9973.130000000001
2008-07-16 07:30:00,,17.12604675,16.98,15.57,9974.842499999999
2008-07-16 08:00:00,,17.61065063,17.67,15.87,9976.555
2008-07-16 08:30:00,,18.069009395000002,18.49,16.49,9977.3565
2008-07-16 09:00:00,,18.52736816,19.28,17.06,9978.158000000001
2008-07-16 09:30:00,,18.947167965,20.25,17.61,9982.094000000001
2008-07-16 10:00:00,,19.36696777,20.88,18.26,9986.029999999999
2008-07-16 10:30:00,,19.73381958,21.84,18.85,9984.407
2008-07-16 11:00:00,,20.10067139,22.26,19.19,9982.784
2008-07-16 11:30:00,,20.431085205,23.1,19.68,9982.733999999999
2008-07-16 12:00:00,,20.76149902,23.93,19.98,9982.684000000001
2008-07-16 12:30:00,,20.82969055,24.64,20.27,9980.350699999999
2008-07-16 13:00:00,,20.89788208,24.05,20.91,9978.0174
2008-07-16 13:30:00,,21.153756715,24.05,21.22,9977.3262
2008-07-16 14:00:00,,21.40963135,24.14,21.3,9976.635
2008-07-16 14:30:00,,21.512994385,24.63,21.54,9974.82225
2008-07-16 15:00:00,,21.61635742,25.0,22.35,9973.0095
2008-07-16 15:30:00,,21.618463135,25.14,22.6,9972.14825
2008-07-16 16:00:00,,21.62056885,25.44,22.66,9971.287
2008-07-16 16:30:00,,21.531610110000003,25.16,22.69,9969.033500000001
2008-07-16 17:00:00,,21.44265137,25.13,22.97,9966.78
2008-07-16 17:30:00,,21.224496459999997,25.33,22.87,9967.5015
2008-07-16 18:00:00,,21.00634155,24.98,22.15,9968.223
2008-07-16 18:30:00,,20.780984495,24.58,22.03,9968.253
2008-07-16 19:00:00,,20.55562744,23.78,21.82,9968.283
2008-07-16 19:30:00,,20.264596554999997,21.85,21.08,9970.5463
2008-07-16 20:00:00,,19.97356567,20.79,20.3,9972.809599999999
2008-07-16 20:30:00,,19.607995605,19.7,19.5,9974.2016
2008-07-16 21:00:00,,19.24242554,18.97,19.24,9975.5936
2008-07-16 21:30:00,,18.87345276,18.46,19.42,9973.1098
2008-07-16 22:00:00,,18.50447998,17.96,19.52,9970.626
2008-07-16 22:30:00,,18.156274415,17.24,19.16,9971.317
2008-07-16 23:00:00,,17.80806885,16.97,18.92,9972.008
2008-07-16 23:30:00,,17.470452880000003,16.81,18.37,9971.8975
2008-07-17 00:00:00,,17.13283691,16.36,17.86,9971.787
2008-07-17 00:30:00,,16.078027340000002,15.95,17.17,9972.238
2008-07-17 01:00:00,,15.02321777,15.61,16.74,9972.689
2008-07-17 01:30:00,,14.88894043,15.14,16.07,9971.287
2008-07-17 02:00:00,,14.75466309,14.56,14.96,9969.884999999998
2008-07-17 02:30:00,,14.561074829999999,14.06,14.38,9969.685
2008-07-17 03:00:00,,14.36748657,13.77,14.03,9969.485
2008-07-17 03:30:00,,14.14380798,13.39,13.61,9969.6447
2008-07-17 04:00:00,,13.92012939,13.04,13.19,9969.804399999999
2008-07-17 04:30:00,,13.763818355,12.75,12.9,9970.9162
2008-07-17 05:00:00,,13.60750732,12.57,12.64,9972.028
2008-07-17 05:30:00,,13.848550415,12.67,12.63,9973.570000000002
2008-07-17 06:00:00,,14.08959351,12.95,12.85,9975.112
2008-07-17 06:30:00,,14.586480715,13.48,13.19,9973.860999999999
2008-07-17 07:00:00,,15.08336792,14.25,13.94,9972.61
2008-07-17 07:30:00,,15.55401001,15.45,14.38,9972.299
2008-07-17 08:00:00,,16.0246521,16.22,14.78,9971.988000000001
2008-07-17 08:30:00,,16.47791443,16.97,15.24,9971.617499999998
2008-07-17 09:00:00,,16.93117676,17.82,15.77,9971.247
2008-07-17 09:30:00,,17.317941285,18.95,16.15,9974.2315
2008-07-17 10:00:00,,17.70470581,19.57,16.52,9977.216
2008-07-17 10:30:00,,18.067315675,19.95,16.85,9974.922499999999
2008-07-17 11:00:00,,18.42992554,20.49,17.58,9972.629
2008-07-17 11:30:00,,18.691720585,21.27,17.76,9971.227
2008-07-17 12:00:00,,18.95351563,21.48,18.24,9969.825
2008-07-17 12:30:00,,18.39138184,22.55,18.93,9967.882
2008-07-17 13:00:00,,17.82924805,21.91,19.12,9965.939
2008-07-17 13:30:00,,18.02114258,21.94,19.22,9963.8155
2008-07-17 14:00:00,,18.21303711,22.24,19.6,9961.692
2008-07-17 14:30:00,,18.537942504999997,22.71,19.48,9959.2585
2008-07-17 15:00:00,,18.8628479,22.34,19.55,9956.825
2008-07-17 15:30:00,,19.067453004999997,22.27,19.59,9953.51
2008-07-17 16:00:00,,19.27205811,22.07,19.6,9950.195
2008-07-17 16:30:00,,19.235635379999998,22.85,19.76,9946.2088
2008-07-17 17:00:00,,19.19921265,22.0,19.65,9942.2226
2008-07-17 17:30:00,,18.954354860000002,22.08,19.62,9942.40305
2008-07-17 18:00:00,,18.70949707,22.01,19.39,9942.5835
2008-07-17 18:30:00,,18.32444153,21.94,19.32,9942.60325
2008-07-17 19:00:00,,17.93938599,21.26,19.24,9942.623
2008-07-17 19:30:00,,17.52340088,19.73,18.83,9945.087000000001
2008-07-17 20:00:00,,17.10741577,18.95,18.43,9947.551
2008-07-17 20:30:00,,16.718530275,18.13,17.74,9948.021700000001
2008-07-17 21:00:00,,16.32964478,17.3,17.12,9948.492400000001
2008-07-17 21:30:00,,16.01786194,16.74,16.6,9947.19045
2008-07-17 22:00:00,,15.7060791,16.27,16.17,9945.8885
2008-07-17 22:30:00,,15.473519894999999,15.93,15.98,9947.91145
2008-07-17 23:00:00,,15.24096069,15.69,15.7,9949.9344
2008-07-17 23:30:00,,15.024926755,15.26,15.32,9949.0032
2008-07-18 00:00:00,,14.80889282,14.85,14.91,9948.072
2008-07-18 00:30:00,,14.294198605,14.47,14.35,9947.8715
2008-07-18 01:00:00,,13.77950439,13.93,13.85,9947.671
2008-07-18 01:30:00,,13.518548580000001,13.6,13.5,9948.0115
2008-07-18 02:00:00,,13.25759277,13.33,13.11,9948.351999999999
2008-07-18 02:30:00,,13.064431760000002,13.08,12.89,9948.5925
2008-07-18 03:00:00,,12.87127075,12.95,12.76,9948.833
2008-07-18 03:30:00,,12.73656616,12.87,12.8,9949.404
2008-07-18 04:00:00,,12.60186157,12.81,12.8,9949.975
2008-07-18 04:30:00,,12.520516965,12.67,12.71,9951.467200000001
2008-07-18 05:00:00,,12.43917236,12.54,12.65,9952.9594
2008-07-18 05:30:00,,12.80561218,12.86,12.76,9954.7217
2008-07-18 06:00:00,,13.172052,13.18,12.99,9956.484
2008-07-18 06:30:00,,13.62996826,14.05,13.53,9958.107000000002
2008-07-18 07:00:00,,14.08788452,14.49,13.79,9959.73
2008-07-18 07:30:00,,14.454736324999999,15.5,13.94,9960.7215
2008-07-18 08:00:00,,14.82158813,17.02,14.2,9961.713
2008-07-18 08:30:00,,15.032968135,16.59,14.55,9963.145
2008-07-18 09:00:00,,15.24434814,16.36,14.86,9964.577
2008-07-18 09:30:00,,15.547235104999999,17.75,15.1,9966.119499999999
2008-07-18 10:00:00,,15.85012207,18.82,15.8,9967.662
2008-07-18 10:30:00,,15.99880371,18.41,15.67,9967.771999999999
2008-07-18 11:00:00,,16.14748535,18.71,15.67,9967.882
2008-07-18 11:30:00,,16.43682251,19.08,16.06,9968.2125
2008-07-18 12:00:00,,16.72615967,20.55,16.37,9968.543
2008-07-18 12:30:00,,16.92060242,20.2,16.78,9968.843499999999
2008-07-18 13:00:00,,17.11504517,20.89,17.14,9969.144
2008-07-18 13:30:00,,17.190438845,19.5,17.19,9966.669999999998
2008-07-18 14:00:00,,17.26583252,19.64,17.3,9964.196
2008-07-18 14:30:00,,17.124765015,19.68,17.71,9962.794
2008-07-18 15:00:00,,16.98369751,20.55,18.07,9961.392
2008-07-18 15:30:00,,17.00446472,22.02,18.54,9959.0385
2008-07-18 16:00:00,,17.02523193,21.29,18.7,9956.685
2008-07-18 16:30:00,,16.95533142,22.2,18.83,9954.792000000001
2008-07-18 17:00:00,,16.88543091,21.45,18.97,9952.899
2008-07-18 17:30:00,,16.72361145,21.56,19.3,9952.5283
2008-07-18 18:00:00,,16.56179199,21.18,19.05,9952.1576
2008-07-18 18:30:00,,16.33219299,20.68,18.8,9952.1576
2008-07-18 19:00:00,,16.10259399,19.73,18.48,9952.1576
2008-07-18 19:30:00,,15.876809689999998,18.67,18.14,9952.828800000001
2008-07-18 20:00:00,,15.65102539,18.01,17.77,9953.5
2008-07-18 20:30:00,,15.467599485,17.45,17.3,9954.732
2008-07-18 21:00:00,,15.28417358,16.86,16.91,9955.964
2008-07-18 21:30:00,,15.151162719999999,16.26,16.67,9955.193
2008-07-18 22:00:00,,15.01815186,15.69,16.36,9954.421999999999
2008-07-18 22:30:00,,14.906732179999999,15.48,16.13,9955.884
2008-07-18 23:00:00,,14.7953125,15.18,15.83,9957.346
2008-07-18 23:30:00,,14.79192505,14.74,15.57,9954.181
2008-07-19 00:00:00,,14.7885376,14.11,15.29,9951.016
2008-07-19 00:30:00,,14.719918825,13.78,15.19,9951.1265
2008-07-19 01:00:00,,14.65130005,13.45,15.21,9951.237000000001
2008-07-19 01:30:00,,14.554711914999999,13.15,15.12,9949.1535
2008-07-19 02:00:00,,14.45812378,12.84,15.07,9947.07
2008-07-19 02:30:00,,14.25309143,12.88,14.78,9947.260499999999
2008-07-19 03:00:00,,14.04805908,12.61,14.69,9947.451
2008-07-19 03:30:00,,13.80195007,12.2,14.36,9946.80975
2008-07-19 04:00:00,,13.55584106,11.82,14.09,9946.1685
2008-07-19 04:30:00,,13.474496460000001,12.0,13.66,9945.948250000001
2008-07-19 05:00:00,,13.39315186,11.98,13.26,9945.728
2008-07-19 05:30:00,,13.594796755,12.07,13.35,9946.6195
2008-07-19 06:00:00,,13.79644165,12.88,13.84,9947.511
2008-07-19 06:30:00,,14.267922975000001,13.82,13.82,9948.432499999999
2008-07-19 07:00:00,,14.7394043,14.17,13.84,9949.354
2008-07-19 07:30:00,,15.206643679999999,15.35,14.42,9949.033
2008-07-19 08:00:00,,15.67388306,16.15,14.87,9948.712
2008-07-19 08:30:00,,16.140283205,17.1,15.14,9947.851
2008-07-19 09:00:00,,16.60668335,17.72,15.76,9946.99
2008-07-19 09:30:00,,16.943887330000003,18.61,16.19,9947.260499999999
2008-07-19 10:00:00,,17.28109131,20.34,16.71,9947.530999999999
2008-07-19 10:30:00,,17.73986206,20.38,17.5,9945.658
2008-07-19 11:00:00,,18.19863281,21.25,18.14,9943.785
2008-07-19 11:30:00,,18.767541505,21.47,18.49,9941.722
2008-07-19 12:00:00,,19.3364502,22.47,19.15,9939.659
2008-07-19 12:30:00,,19.580453495,22.51,19.6,9936.8747
2008-07-19 13:00:00,,19.82445679,23.78,20.2,9934.0904
2008-07-19 13:30:00,,20.004495239999997,24.27,20.18,9932.648449999999
2008-07-19 14:00:00,,20.18453369,24.61,20.63,9931.2065
2008-07-19 14:30:00,,20.253152465,24.81,21.05,9928.96325
2008-07-19 15:00:00,,20.32177124,24.49,21.08,9926.720000000001
2008-07-19 15:30:00,,20.308221435,24.73,21.13,9924.166
2008-07-19 16:00:00,,20.29467163,24.79,21.73,9921.612000000001
2008-07-19 16:30:00,,20.230279539999998,24.75,22.0,9920.37975
2008-07-19 17:00:00,,20.16588745,23.97,21.77,9919.1475
2008-07-19 17:30:00,,20.027368165,23.35,21.36,9919.21825
2008-07-19 18:00:00,,19.88884888,22.44,20.7,9919.289
2008-07-19 18:30:00,,19.701608280000002,22.52,20.58,9919.429
2008-07-19 19:00:00,,19.51436768,21.91,20.41,9919.569
2008-07-19 19:30:00,,19.309762575,20.39,20.28,9920.0595
2008-07-19 20:00:00,,19.10515747,19.76,19.88,9920.55
2008-07-19 20:30:00,,18.80524597,19.25,19.55,9920.9905
2008-07-19 21:00:00,,18.50533447,18.7,19.09,9921.431
2008-07-19 21:30:00,,18.19989929,18.24,18.04,9919.228
2008-07-19 22:00:00,,17.89446411,17.12,16.71,9917.025
2008-07-19 22:30:00,,17.678002929999998,16.55,16.34,9917.205
2008-07-19 23:00:00,,17.46154175,16.07,16.15,9917.385
2008-07-19 23:30:00,,17.262872315,15.84,16.11,9916.78425
2008-07-20 00:00:00,,17.06420288,15.24,15.9,9916.1835
2008-07-20 00:30:00,,16.45334778,14.91,16.19,9915.62275
2008-07-20 01:00:00,,15.84249268,14.77,16.14,9915.062
2008-07-20 01:30:00,,15.625604249999999,14.72,15.72,9916.053500000002
2008-07-20 02:00:00,,15.40871582,14.56,15.14,9917.045
2008-07-20 02:30:00,,15.16852722,14.09,14.74,9917.085000000001
2008-07-20 03:00:00,,14.92833862,13.6,14.44,9917.125
2008-07-20 03:30:00,,14.664422605,13.31,14.06,9917.025000000001
2008-07-20 04:00:00,,14.40050659,13.06,13.63,9916.925000000001
2008-07-20 04:30:00,,14.194207765000002,12.8,13.39,9918.647500000001
2008-07-20 05:00:00,,13.98790894,12.75,13.11,9920.369999999999
2008-07-20 05:30:00,,14.07517395,12.82,13.12,9922.182499999999
2008-07-20 06:00:00,,14.16243896,13.11,13.27,9923.994999999999
2008-07-20 06:30:00,,14.85123596,13.37,13.16,9925.627499999999
2008-07-20 07:00:00,,15.54003296,13.86,13.3,9927.26
2008-07-20 07:30:00,,16.218667605,15.09,13.87,9927.9313
2008-07-20 08:00:00,,16.89730225,16.53,14.78,9928.6026
2008-07-20 08:30:00,,17.474252319999998,17.51,15.67,9927.2705
2008-07-20 09:00:00,,18.05120239,18.19,16.3,9925.9384
2008-07-20 09:30:00,,18.585382080000002,19.03,16.68,9928.1017
2008-07-20 10:00:00,,19.11956177,19.38,16.96,9930.265
2008-07-20 10:30:00,,19.568170164999998,20.11,17.52,9927.721
2008-07-20 11:00:00,,20.01677856,20.96,18.12,9925.177
2008-07-20 11:30:00,,20.42894897,21.63,18.48,9923.3745
2008-07-20 12:00:00,,20.84111938,22.29,19.15,9921.572
2008-07-20 12:30:00,,21.537545774999998,23.1,19.68,9920.35975
2008-07-20 13:00:00,,22.23397217,22.93,19.93,9919.1475
2008-07-20 13:30:00,,22.373757935,24.09,20.57,9918.266249999999
2008-07-20 14:00:00,,22.5135437,25.25,21.73,9917.385
2008-07-20 14:30:00,,22.647409055,25.73,21.95,9916.3535
2008-07-20 15:00:00,,22.78127441,26.16,22.37,9915.322
2008-07-20 15:30:00,,22.82024536,26.57,22.89,9913.0785
2008-07-20 16:00:00,,22.85921631,26.3,22.92,9910.835000000001
2008-07-20 16:30:00,,22.7219635,25.79,22.5,9909.463500000002
2008-07-20 17:00:00,,22.58471069,25.06,22.31,9908.092
2008-07-20 17:30:00,,22.26743469,24.98,22.22,9907.530750000002
2008-07-20 18:00:00,,21.95015869,24.64,22.17,9906.9695
2008-07-20 18:30:00,,21.63752136,24.53,22.05,9908.731749999999
2008-07-20 19:00:00,,21.32488403,23.57,21.89,9910.494
2008-07-20 19:30:00,,21.00548706,22.08,21.46,9914.140000000001
2008-07-20 20:00:00,,20.68609009,20.91,20.66,9917.786
2008-07-20 20:30:00,,20.29593811,19.59,19.53,9917.5355
2008-07-20 21:00:00,,19.90578613,18.68,19.16,9917.285
2008-07-20 21:30:00,,19.46946106,18.37,18.93,9913.179
2008-07-20 22:00:00,,19.03313599,17.99,18.7,9909.072999999999
2008-07-20 22:30:00,,18.588769535,17.5,18.4,9909.253499999999
2008-07-20 23:00:00,,18.14440308,16.87,18.18,9909.434000000001
2008-07-20 23:30:00,,17.75045166,16.47,17.76,9911.2962
2008-07-21 00:00:00,,17.35650024,15.9,15.99,9913.1584
2008-07-21 00:30:00,,16.75284729,15.23,15.27,9914.711
2008-07-21 01:00:00,,16.14919434,14.93,14.67,9916.2636
2008-07-21 01:30:00,,15.7988678,14.55,14.43,9918.0263
2008-07-21 02:00:00,,15.44854126,14.15,14.75,9919.789
2008-07-21 02:30:00,,15.166406250000001,14.33,14.76,9920.35975
2008-07-21 03:00:00,,14.88427124,14.25,14.2,9920.9305
2008-07-21 03:30:00,,14.604699705,13.83,13.99,9922.43275
2008-07-21 04:00:00,,14.32512817,13.49,13.83,9923.935
2008-07-21 04:30:00,,14.32639465,13.23,13.66,9926.1285
2008-07-21 05:00:00,,14.32766113,13.13,13.58,9928.322
2008-07-21 05:30:00,,14.63477478,13.48,13.68,9929.9745
2008-07-21 06:00:00,,14.94188843,13.84,13.86,9931.627
2008-07-21 06:30:00,,15.486657715,14.34,14.16,9933.9805
2008-07-21 07:00:00,,16.031427,14.94,14.71,9936.333999999999
2008-07-21 07:30:00,,16.371591185,16.15,14.94,9937.375499999998
2008-07-21 08:00:00,,16.71175537,17.36,15.28,9938.417
2008-07-21 08:30:00,,17.1717926,18.05,15.68,9939.669
2008-07-21 09:00:00,,17.63182983,18.98,16.45,9940.921
2008-07-21 09:30:00,,18.20202026,19.33,16.94,9940.5905
2008-07-21 10:00:00,,18.77221069,20.88,17.52,9940.26
2008-07-21 10:30:00,,19.11109314,21.42,18.18,9938.077000000001
2008-07-21 11:00:00,,19.44997559,20.87,18.72,9935.894
2008-07-21 11:30:00,,19.797769165,22.55,19.65,9935.5335
2008-07-21 12:00:00,,20.14556274,22.88,19.48,9935.173
2008-07-21 12:30:00,,20.287042235,23.35,19.77,9932.509
2008-07-21 13:00:00,,20.42852173,23.7,20.61,9929.845000000001
2008-07-21 13:30:00,,20.615335084999998,23.46,20.7,9929.0335
2008-07-21 14:00:00,,20.80214844,23.6,20.63,9928.222
2008-07-21 14:30:00,,20.936013795,24.08,21.03,9926.278999999999
2008-07-21 15:00:00,,21.06987915,23.92,20.9,9924.336
2008-07-21 15:30:00,,21.10376892,24.19,21.52,9922.333
2008-07-21 16:00:00,,21.13765869,24.49,21.49,9920.33
2008-07-21 16:30:00,,21.028375245,24.33,21.6,9918.247
2008-07-21 17:00:00,,20.9190918,23.98,21.75,9916.164
2008-07-21 17:30:00,,20.681863405,24.45,22.05,9915.1725
2008-07-21 18:00:00,,20.44463501,24.19,22.1,9914.181
2008-07-21 18:30:00,,20.090493775,24.0,21.99,9915.433
2008-07-21 19:00:00,,19.73635254,22.84,21.61,9916.685
2008-07-21 19:30:00,,19.27970276,21.44,21.12,9919.4485
2008-07-21 20:00:00,,18.82305298,20.48,20.49,9922.212
2008-07-21 20:30:00,,18.379953005,19.73,19.8,9922.2725
2008-07-21 21:00:00,,17.93685303,18.77,18.52,9922.333
2008-07-21 21:30:00,,17.57381592,17.88,17.8,9919.148000000001
2008-07-21 22:00:00,,17.21077881,17.4,17.49,9915.963000000002
2008-07-21 22:30:00,,16.930337525,17.08,17.14,9916.3935
2008-07-21 23:00:00,,16.64989624,16.5,16.43,9916.824
2008-07-21 23:30:00,,16.424539185,15.94,15.87,9917.255000000001
2008-07-22 00:00:00,,16.19918213,15.5,15.45,9917.686
2008-07-22 00:30:00,,15.67008362,15.11,14.96,9918.397
2008-07-22 01:00:00,,15.14098511,14.82,14.59,9919.108
2008-07-22 01:30:00,,14.9160553,14.44,14.3,9920.600199999999
2008-07-22 02:00:00,,14.69112549,14.37,14.36,9922.0924
2008-07-22 02:30:00,,14.398828125,14.44,14.64,9922.853449999999
2008-07-22 03:00:00,,14.10653076,14.5,14.91,9923.6145
2008-07-22 03:30:00,,13.840081784999999,14.32,14.99,9924.89675
2008-07-22 04:00:00,,13.57363281,14.78,14.75,9926.179
2008-07-22 04:30:00,,13.36435852,14.46,14.09,9927.9817
2008-07-22 05:00:00,,13.15508423,14.3,13.84,9929.7844
2008-07-22 05:30:00,,13.365625,14.32,13.78,9932.5985
2008-07-22 06:00:00,,13.57616577,14.29,13.59,9935.4126
2008-07-22 06:30:00,,14.025201415,14.37,13.43,9936.644799999998
2008-07-22 07:00:00,,14.47423706,14.58,13.74,9937.877
2008-07-22 07:30:00,,14.84996948,14.99,14.26,9939.349
2008-07-22 08:00:00,,15.2257019,15.94,14.6,9940.821
2008-07-22 08:30:00,,15.491311645,16.21,14.74,9941.65225
2008-07-22 09:00:00,,15.75692139,16.23,14.67,9942.4835
2008-07-22 09:30:00,,16.302545170000002,16.1,14.47,9944.75725
2008-07-22 10:00:00,,16.84816895,16.36,14.48,9947.030999999999
2008-07-22 10:30:00,,17.05318604,16.49,14.43,9945.6185
2008-07-22 11:00:00,,17.25820313,16.67,14.49,9944.206
2008-07-22 11:30:00,,17.285745239999997,17.49,15.15,9945.217499999999
2008-07-22 12:00:00,,17.31328735,19.34,16.06,9946.229
2008-07-22 12:30:00,,16.784616085,21.27,17.05,9948.061999999998
2008-07-22 13:00:00,,16.25594482,20.03,17.04,9949.894999999999
2008-07-22 13:30:00,,16.25847778,20.18,17.07,9950.8265
2008-07-22 14:00:00,,16.26101074,20.49,17.27,9951.758
2008-07-22 14:30:00,,16.24111328,20.72,17.06,9952.479
2008-07-22 15:00:00,,16.22121582,21.34,17.11,9953.199999999999
2008-07-22 15:30:00,,16.30805359,20.82,16.92,9953.369999999999
2008-07-22 16:00:00,,16.39489136,20.72,17.17,9953.539999999999
2008-07-22 16:30:00,,16.33600769,20.08,17.02,9952.649
2008-07-22 17:00:00,,16.27712402,19.86,17.28,9951.758
2008-07-22 17:30:00,,16.064889524999998,20.09,17.32,9952.809500000001
2008-07-22 18:00:00,,15.85265503,19.83,17.36,9953.861
2008-07-22 18:30:00,,15.566293335,19.09,16.96,9954.9825
2008-07-22 19:00:00,,15.27993164,18.57,16.83,9956.104000000001
2008-07-22 19:30:00,,15.01899109,17.38,16.59,9958.6478
2008-07-22 20:00:00,,14.75805054,16.71,16.13,9961.1916
2008-07-22 20:30:00,,14.552590944999999,16.1,15.67,9961.4023
2008-07-22 21:00:00,,14.34713135,15.85,15.47,9961.613
2008-07-22 21:30:00,,14.137872315,15.74,15.36,9961.913
2008-07-22 22:00:00,,13.92861328,15.67,15.29,9962.213
2008-07-22 22:30:00,,13.753228759999999,15.67,15.2,9963.385
2008-07-22 23:00:00,,13.57784424,15.59,15.19,9964.557
2008-07-22 23:30:00,,13.44060669,15.63,15.29,9965.1775
2008-07-23 00:00:00,,13.30336914,15.69,15.4,9965.797999999999
2008-07-23 00:30:00,,13.279214475,15.55,15.11,9965.498
2008-07-23 01:00:00,,13.25505981,15.37,15.14,9965.198
2008-07-23 01:30:00,,13.14873657,15.23,15.02,9967.1605
2008-07-23 02:00:00,,13.04241333,15.15,14.91,9969.123
2008-07-23 02:30:00,,12.957696535,15.12,14.73,9970.175000000001
2008-07-23 03:00:00,,12.87297974,15.02,14.71,9971.227
2008-07-23 03:30:00,,12.755212405,14.91,14.51,9973.1195
2008-07-23 04:00:00,,12.63744507,14.73,14.45,9975.011999999999
2008-07-23 04:30:00,,12.62557373,14.65,14.32,9975.8135
2008-07-23 05:00:00,,12.61370239,14.33,13.87,9976.615
2008-07-23 05:30:00,,12.630654905,14.07,13.6,9978.808
2008-07-23 06:00:00,,12.64760742,13.88,13.44,9981.001
2008-07-23 06:30:00,,12.786553954999999,13.92,13.36,9981.853000000001
2008-07-23 07:00:00,,12.92550049,14.1,13.31,9982.705
2008-07-23 07:30:00,,13.11400757,14.38,13.36,9984.808
2008-07-23 08:00:00,,13.30251465,14.69,13.37,9986.911
2008-07-23 08:30:00,,13.595651245,14.88,13.48,9987.652
2008-07-23 09:00:00,,13.88878784,15.21,13.66,9988.393
2008-07-23 09:30:00,,14.2098938,15.51,13.8,9990.316
2008-07-23 10:00:00,,14.53099976,16.21,14.09,9992.239
2008-07-23 10:30:00,,14.9266449,16.5,14.38,9991.2475
2008-07-23 11:00:00,,15.32229004,16.35,14.53,9990.256
2008-07-23 11:30:00,,15.67220459,16.38,14.31,9989.2145
2008-07-23 12:00:00,,16.02211914,16.65,14.58,9988.173
2008-07-23 12:30:00,,15.341363525,17.26,14.78,9988.4335
2008-07-23 13:00:00,,14.66060791,17.5,15.21,9988.694
2008-07-23 13:30:00,,14.833871460000001,18.45,15.53,9987.321499999998
2008-07-23 14:00:00,,15.00713501,19.68,15.88,9985.948999999999
2008-07-23 14:30:00,,15.05161438,19.97,16.29,9983.976
2008-07-23 15:00:00,,15.09609375,20.22,16.68,9982.003
2008-07-23 15:30:00,,15.094400024999999,20.05,16.72,9981.292
2008-07-23 16:00:00,,15.0927063,20.02,16.98,9980.581
2008-07-23 16:30:00,,15.100335695,20.17,16.95,9979.139000000001
2008-07-23 17:00:00,,15.10796509,19.62,17.09,9977.697
2008-07-23 17:30:00,,14.987649535,19.36,16.9,9978.688500000002
2008-07-23 18:00:00,,14.86733398,19.2,16.42,9979.68
2008-07-23 18:30:00,,14.746179195,18.3,16.18,9979.6695
2008-07-23 19:00:00,,14.62502441,17.48,16.18,9979.659
2008-07-23 19:30:00,,14.523782345,16.49,15.87,9982.584
2008-07-23 20:00:00,,14.42254028,16.0,15.63,9985.509
2008-07-23 20:30:00,,14.32172546,15.39,15.22,9985.9895
2008-07-23 21:00:00,,14.22091064,15.11,14.94,9986.47
2008-07-23 21:30:00,,14.12177429,15.07,14.88,9988.472749999999
2008-07-23 22:00:00,,14.02263794,14.7,14.84,9990.475499999999
2008-07-23 22:30:00,,13.920983884999998,14.08,14.72,9990.27575
2008-07-23 23:00:00,,13.81932983,14.01,14.86,9990.076000000001
2008-07-23 23:30:00,,13.80323181,13.82,14.71,9989.3145
2008-07-24 00:00:00,,13.78713379,13.53,14.21,9988.553
2008-07-24 00:30:00,,13.57871399,13.64,13.87,9988.2725
2008-07-24 01:00:00,,13.37029419,13.91,13.88,9987.992
2008-07-24 01:30:00,,13.44315491,14.08,14.01,9986.529999999999
2008-07-24 02:00:00,,13.51601563,14.19,14.12,9985.068
2008-07-24 02:30:00,,13.592263795000001,14.27,14.19,9985.688999999998
2008-07-24 03:00:00,,13.66851196,14.29,14.13,9986.31
2008-07-24 03:30:00,,13.678262329999999,14.2,14.03,9984.8175
2008-07-24 04:00:00,,13.6880127,14.24,14.16,9983.325
2008-07-24 04:30:00,,13.67275391,14.26,14.21,9982.9545
2008-07-24 05:00:00,,13.65749512,14.29,14.17,9982.584
2008-07-24 05:30:00,,13.886254885,14.4,14.2,9983.6455
2008-07-24 06:00:00,,14.11501465,14.57,14.33,9984.707
2008-07-24 06:30:00,,14.550912475,14.81,14.46,9983.926
2008-07-24 07:00:00,,14.9868103,14.99,14.59,9983.145
2008-07-24 07:30:00,,15.398553464999999,15.73,14.86,9981.8332
2008-07-24 08:00:00,,15.81029663,16.12,15.19,9980.521400000001
2008-07-24 08:30:00,,16.52578125,16.6,15.61,9978.488200000002
2008-07-24 09:00:00,,17.24126587,17.43,16.04,9976.455
2008-07-24 09:30:00,,17.81865845,18.11,16.4,9978.80825
2008-07-24 10:00:00,,18.39605103,19.49,17.26,9981.1615
2008-07-24 10:30:00,,18.86794434,20.8,17.9,9977.54625
2008-07-24 11:00:00,,19.33983765,21.07,18.33,9973.931
2008-07-24 11:30:00,,19.773629765,20.13,18.29,9971.1467
2008-07-24 12:00:00,,20.20742188,21.51,18.66,9968.3624
2008-07-24 12:30:00,,20.12185059,22.05,18.83,9965.7585
2008-07-24 13:00:00,,20.0362793,22.08,19.25,9963.1546
2008-07-24 13:30:00,,20.428109745,22.56,19.16,9961.051549999998
2008-07-24 14:00:00,,20.81994019,23.37,19.91,9958.9485
2008-07-24 14:30:00,,21.105889895,23.47,20.59,9955.72375
2008-07-24 15:00:00,,21.3918396,23.74,20.67,9952.499
2008-07-24 15:30:00,,21.565942385,23.59,20.87,9948.8835
2008-07-24 16:00:00,,21.74004517,24.12,21.14,9945.268
2008-07-24 16:30:00,,21.75402222,24.68,21.72,9941.4425
2008-07-24 17:00:00,,21.76799927,23.14,21.37,9937.617
2008-07-24 17:30:00,,21.564660645,23.86,21.95,9935.924299999999
2008-07-24 18:00:00,,21.36132202,24.4,22.16,9934.2316
2008-07-24 18:30:00,,21.183404539999998,24.38,21.89,9933.429799999998
2008-07-24 19:00:00,,21.00548706,21.6,20.62,9932.628
2008-07-24 19:30:00,,20.859765625,20.11,19.84,9935.5725
2008-07-24 20:00:00,,20.71404419,19.34,19.21,9938.517
2008-07-24 20:30:00,,20.501809695,18.65,18.9,9938.327000000001
2008-07-24 21:00:00,,20.2895752,17.96,18.79,9938.137
2008-07-24 21:30:00,,20.049813845000003,17.45,18.67,9938.4872
2008-07-24 22:00:00,,19.81005249,16.95,18.53,9938.8374
2008-07-24 22:30:00,,19.610116575,16.49,18.08,9938.717700000001
2008-07-24 23:00:00,,19.41018066,16.12,17.55,9938.598
2008-07-24 23:30:00,,19.310205075,15.95,16.92,9937.7263
2008-07-25 00:00:00,,19.21022949,15.74,15.99,9936.854599999999
2008-07-25 00:30:00,,18.263879395,15.26,15.91,9935.843299999999
2008-07-25 01:00:00,,17.3175293,14.75,15.9,9934.832
2008-07-25 01:30:00,,17.47171936,14.49,16.14,9934.061
2008-07-25 02:00:00,,17.62590942,14.24,16.26,9933.289999999999
2008-07-25 02:30:00,,17.415368649999998,13.8,16.59,9933.329699999998
2008-07-25 03:00:00,,17.20482788,13.6,16.43,9933.3694
2008-07-25 03:30:00,,16.785028075,13.6,15.96,9933.9102
2008-07-25 04:00:00,,16.36522827,13.84,15.45,9934.451
2008-07-25 04:30:00,,16.0699707,14.04,15.38,9935.202000000001
2008-07-25 05:00:00,,15.77471313,13.9,15.41,9935.953000000001
2008-07-25 05:30:00,,15.684487915,14.12,15.28,9937.3755
2008-07-25 06:00:00,,15.5942627,14.72,15.17,9938.798
2008-07-25 06:30:00,,16.042016605,15.25,15.27,9940.340499999998
2008-07-25 07:00:00,,16.48977051,15.68,15.28,9941.883
2008-07-25 07:30:00,,16.982019045,16.93,15.79,9943.3048
2008-07-25 08:00:00,,17.47426758,18.48,17.16,9944.7266
2008-07-25 08:30:00,,17.94954834,18.99,17.46,9943.7248
2008-07-25 09:00:00,,18.4248291,20.45,18.05,9942.723
2008-07-25 09:30:00,,18.80439148,20.66,18.43,9944.4362
2008-07-25 10:00:00,,19.18395386,20.49,18.31,9946.1494
2008-07-25 10:30:00,,19.61689148,20.34,18.18,9944.186
2008-07-25 11:00:00,,20.0498291,20.75,17.72,9942.2226
2008-07-25 11:30:00,,20.423883054999997,20.1,17.96,9940.169549999999
2008-07-25 12:00:00,,20.79793701,20.26,18.13,9938.1165
2008-07-25 12:30:00,,20.986016845,19.98,17.34,9938.19695
2008-07-25 13:00:00,,21.17409668,20.58,17.84,9938.277399999999
2008-07-25 13:30:00,,21.36853943,20.52,18.26,9935.8637
2008-07-25 14:00:00,,21.56298218,22.21,18.71,9933.45
2008-07-25 14:30:00,,21.52060852,23.41,19.74,9933.1695
2008-07-25 15:00:00,,21.47823486,23.4,20.2,9932.889
2008-07-25 15:30:00,,21.415551755000003,23.69,20.65,9931.3367
2008-07-25 16:00:00,,21.35286865,23.66,20.31,9929.7844
2008-07-25 16:30:00,,21.12961731,24.66,20.92,9928.362200000001
2008-07-25 17:00:00,,20.90636597,23.82,21.1,9926.94
2008-07-25 17:30:00,,20.58187256,23.72,20.93,9929.053
2008-07-25 18:00:00,,20.25737915,23.17,20.8,9931.166000000001
2008-07-25 18:30:00,,19.918496705,22.62,20.65,9931.667
2008-07-25 19:00:00,,19.57961426,21.61,20.65,9932.168
2008-07-25 19:30:00,,19.214883425,21.15,20.66,9934.181
2008-07-25 20:00:00,,18.85015259,20.74,20.74,9936.194
2008-07-25 20:30:00,,18.50235901,20.48,20.87,9937.746
2008-07-25 21:00:00,,18.15456543,20.16,20.44,9939.297999999999
2008-07-25 21:30:00,,17.845758055,19.5,19.51,9934.581
2008-07-25 22:00:00,,17.53695068,18.98,18.97,9929.864000000001
2008-07-25 22:30:00,,17.304803465,18.57,18.64,9930.2045
2008-07-25 23:00:00,,17.07265625,18.15,18.38,9930.545
2008-07-25 23:30:00,,16.89220581,17.66,18.08,9930.776
2008-07-26 00:00:00,,16.71175537,17.64,18.11,9931.007
2008-07-26 00:30:00,,16.86382446,17.79,17.92,9932.208
2008-07-26 01:00:00,,17.01589355,17.52,17.66,9933.409
2008-07-26 01:30:00,,16.823999020000002,17.33,17.27,9934.0805
2008-07-26 02:00:00,,16.63210449,16.5,16.8,9934.752
2008-07-26 02:30:00,,16.311853024999998,15.78,16.55,9935.4125
2008-07-26 03:00:00,,15.99160156,15.49,16.47,9936.073
2008-07-26 03:30:00,,15.692529295,15.22,15.97,9936.624
2008-07-26 04:00:00,,15.39345703,15.57,15.82,9937.175000000001
2008-07-26 04:30:00,,15.260446165000001,15.65,15.59,9939.228
2008-07-26 05:00:00,,15.1274353,15.46,15.35,9941.280999999999
2008-07-26 05:30:00,,15.18166504,15.4,15.22,9942.432999999999
2008-07-26 06:00:00,,15.23589478,15.62,15.48,9943.585000000001
2008-07-26 06:30:00,,15.70186768,15.66,15.66,9944.015500000001
2008-07-26 07:00:00,,16.16784058,16.35,16.26,9944.446
2008-07-26 07:30:00,,16.51647339,18.09,17.07,9944.376
2008-07-26 08:00:00,,16.8651062,20.24,17.84,9944.306
2008-07-26 08:30:00,,17.123513795,20.14,18.01,9944.87675
2008-07-26 09:00:00,,17.38192139,19.68,17.96,9945.4475
2008-07-26 09:30:00,,17.64624939,19.56,18.18,9944.51625
2008-07-26 10:00:00,,17.91057739,19.43,18.09,9943.585000000001
2008-07-26 10:30:00,,18.192285155,19.32,17.82,9940.871
2008-07-26 11:00:00,,18.47399292,18.91,17.56,9938.157
2008-07-26 11:30:00,,18.701898195,19.43,17.43,9937.395499999999
2008-07-26 12:00:00,,18.92980347,20.47,17.89,9936.634
2008-07-26 12:30:00,,19.17421875,21.47,18.36,9934.8215
2008-07-26 13:00:00,,19.41863403,20.95,18.61,9933.009
2008-07-26 13:30:00,,19.529626465,20.43,18.7,9931.907
2008-07-26 14:00:00,,19.6406189,20.46,18.94,9930.805
2008-07-26 14:30:00,,19.533013920000002,20.33,18.97,9931.076
2008-07-26 15:00:00,,19.42540894,21.01,19.09,9931.347
2008-07-26 15:30:00,,19.375009159999998,21.79,19.76,9929.1135
2008-07-26 16:00:00,,19.32460938,21.65,19.78,9926.88
2008-07-26 16:30:00,,19.219964599999997,21.72,19.97,9925.9785
2008-07-26 17:00:00,,19.11531982,21.66,19.98,9925.077000000001
2008-07-26 17:30:00,,19.014505005,21.22,19.91,9925.457750000001
2008-07-26 18:00:00,,18.91369019,21.17,19.85,9925.8385
2008-07-26 18:30:00,,18.763314819999998,20.39,19.73,9924.025249999999
2008-07-26 19:00:00,,18.61293945,19.89,19.48,9922.212
2008-07-26 19:30:00,,18.494317625,19.58,19.16,9925.888
2008-07-26 20:00:00,,18.3756958,19.08,18.86,9929.564
2008-07-26 20:30:00,,18.232934569999998,18.68,18.58,9928.392
2008-07-26 21:00:00,,18.09017334,18.65,18.72,9927.22
2008-07-26 21:30:00,,17.885995485000002,18.42,18.62,9922.021999999999
2008-07-26 22:00:00,,17.68181763,18.16,18.26,9916.824
2008-07-26 22:30:00,,17.48018799,17.56,17.6,9916.133
2008-07-26 23:00:00,,17.27855835,16.87,17.07,9915.442000000001
2008-07-26 23:30:00,,17.025231935,16.44,16.93,9915.6525
2008-07-27 00:00:00,,16.77190552,16.46,16.71,9915.863
2008-07-27 00:30:00,,16.602456665,16.33,16.29,9914.3608
2008-07-27 01:00:00,,16.43300781,16.23,16.01,9912.8586
2008-07-27 01:30:00,,16.30550537,16.01,15.75,9912.7583
2008-07-27 02:00:00,,16.17800293,16.13,15.79,9912.658000000001
2008-07-27 02:30:00,,16.059381105,15.96,15.62,9912.778
2008-07-27 03:00:00,,15.94075928,15.67,15.43,9912.898
2008-07-27 03:30:00,,15.76624451,15.56,15.21,9913.279
2008-07-27 04:00:00,,15.59172974,15.53,15.03,9913.66
2008-07-27 04:30:00,,15.46251831,15.15,14.73,9915.4225
2008-07-27 05:00:00,,15.33330688,14.78,14.54,9917.185000000001
2008-07-27 05:30:00,,15.348138425,14.91,14.57,9918.417
2008-07-27 06:00:00,,15.36296997,14.88,14.46,9919.649
2008-07-27 06:30:00,,15.541314695,14.97,14.3,9922.012499999999
2008-07-27 07:00:00,,15.71965942,15.14,14.31,9924.376
2008-07-27 07:30:00,,15.73871765,15.11,14.24,9925.10725
2008-07-27 08:00:00,,15.75777588,14.84,14.12,9925.8385
2008-07-27 08:30:00,,15.8335968,15.01,14.11,9926.75975
2008-07-27 09:00:00,,15.90941772,15.13,14.22,9927.681
2008-07-27 09:30:00,,16.266946410000003,15.49,14.35,9929.344000000001
2008-07-27 10:00:00,,16.6244751,15.81,14.48,9931.007
2008-07-27 10:30:00,,16.871026614999998,16.44,14.94,9931.60725
2008-07-27 11:00:00,,17.11757813,17.17,15.55,9932.2075
2008-07-27 11:30:00,,17.45011292,19.0,16.65,9933.048999999999
2008-07-27 12:00:00,,17.78264771,20.05,17.56,9933.8905
2008-07-27 12:30:00,,18.26386414,19.46,18.06,9934.53175
2008-07-27 13:00:00,,18.74508057,19.22,18.07,9935.173
2008-07-27 13:30:00,,18.95435486,20.0,18.44,9935.6735
2008-07-27 14:00:00,,19.16362915,20.7,18.64,9936.173999999999
2008-07-27 14:30:00,,19.062799069999997,21.01,18.94,9935.3625
2008-07-27 15:00:00,,18.96196899,21.73,19.83,9934.551000000001
2008-07-27 15:30:00,,18.92681274,21.59,19.47,9933.79
2008-07-27 16:00:00,,18.89165649,22.28,19.57,9933.029
2008-07-27 16:30:00,,18.653588865,22.25,19.45,9931.8275
2008-07-27 17:00:00,,18.41552124,21.52,19.02,9930.626
2008-07-27 17:30:00,,18.22107849,21.51,18.78,9930.255
2008-07-27 18:00:00,,18.02663574,19.71,17.71,9929.884
2008-07-27 18:30:00,,17.655984495,18.88,17.32,9931.0957
2008-07-27 19:00:00,,17.28533325,18.05,16.82,9932.3074
2008-07-27 19:30:00,,16.860864255000003,17.06,16.56,9936.083200000001
2008-07-27 20:00:00,,16.43639526,16.67,16.33,9939.859
2008-07-27 20:30:00,,16.05599365,16.16,16.04,9941.101
2008-07-27 21:00:00,,15.67559204,15.9,15.85,9942.342999999999
2008-07-27 21:30:00,,15.33373413,15.67,15.76,9941.8025
2008-07-27 22:00:00,,14.99187622,15.48,15.58,9941.262
2008-07-27 22:30:00,,14.708062745,14.96,15.09,9942.76425
2008-07-27 23:00:00,,14.42424927,14.5,14.66,9944.2665
2008-07-27 23:30:00,,14.179818725,14.25,14.43,9944.366450000001
2008-07-28 00:00:00,,13.93538818,14.01,14.16,9944.466400000001
2008-07-28 00:30:00,,13.209313965,13.74,13.91,9944.6767
2008-07-28 01:00:00,,12.48323975,13.44,13.58,9944.887
2008-07-28 01:30:00,,12.376062014999999,13.03,13.19,9943.294499999998
2008-07-28 02:00:00,,12.26888428,12.56,12.95,9941.702
2008-07-28 02:30:00,,12.171029664999999,12.19,12.58,9942.0325
2008-07-28 03:00:00,,12.07317505,11.91,12.25,9942.363000000001
2008-07-28 03:30:00,,12.115548705,11.47,11.85,9941.512
2008-07-28 04:00:00,,12.15792236,11.3,11.78,9940.661
2008-07-28 04:30:00,,12.286691285,11.14,11.56,9940.16
2008-07-28 05:00:00,,12.41546021,11.01,11.34,9939.659
2008-07-28 05:30:00,,12.72808228,11.11,11.38,9939.55875
2008-07-28 06:00:00,,13.04070435,11.54,11.76,9939.4585
2008-07-28 06:30:00,,13.49355469,12.3,12.24,9938.737500000001
2008-07-28 07:00:00,,13.94640503,12.94,12.7,9938.0165
2008-07-28 07:30:00,,14.49074707,14.24,13.29,9937.13525
2008-07-28 08:00:00,,15.03508911,15.64,13.98,9936.253999999999
2008-07-28 08:30:00,,15.528604125000001,16.12,14.35,9936.184
2008-07-28 09:00:00,,16.02211914,17.34,15.03,9936.114000000001
2008-07-28 09:30:00,,16.45758972,18.13,15.36,9937.576
2008-07-28 10:00:00,,16.8930603,18.5,16.02,9939.037999999999
2008-07-28 10:30:00,,17.317514035,19.5,16.49,9936.6943
2008-07-28 11:00:00,,17.74196777,19.9,17.13,9934.3506
2008-07-28 11:30:00,,18.07450256,20.85,17.56,9932.0573
2008-07-28 12:00:00,,18.40703735,21.36,17.86,9929.764
2008-07-28 12:30:00,,18.812860105,21.59,18.48,9928.452
2008-07-28 13:00:00,,19.21868286,22.24,19.04,9927.14
2008-07-28 13:30:00,,19.260202024999998,23.0,19.58,9924.896499999999
2008-07-28 14:00:00,,19.30172119,23.22,20.14,9922.653
2008-07-28 14:30:00,,19.352975465,22.73,20.01,9920.9905
2008-07-28 15:00:00,,19.40422974,23.32,20.37,9919.328
2008-07-28 15:30:00,,19.425408935,23.07,20.24,9916.67425
2008-07-28 16:00:00,,19.44658813,22.25,20.32,9914.020499999999
2008-07-28 16:30:00,,19.402108759999997,22.09,20.37,9914.11055
2008-07-28 17:00:00,,19.35762939,21.67,20.4,9914.2006
2008-07-28 17:30:00,,19.168695065,21.08,20.22,9913.6598
2008-07-28 18:00:00,,18.97976074,20.71,20.11,9913.119
2008-07-28 18:30:00,,18.772195435,20.44,19.72,9913.78
2008-07-28 19:00:00,,18.56463013,19.82,19.4,9914.440999999999
2008-07-28 19:30:00,,18.405770875,19.27,18.96,9916.444
2008-07-28 20:00:00,,18.24691162,18.73,18.67,9918.447
2008-07-28 20:30:00,,18.07619629,18.45,18.4,9917.345500000001
2008-07-28 21:00:00,,17.90548096,18.27,18.3,9916.244
2008-07-28 21:30:00,,17.752557375,18.04,18.37,9913.139000000001
2008-07-28 22:00:00,,17.59963379,17.75,17.79,9910.034
2008-07-28 22:30:00,,17.43189392,17.3,17.6,9909.583499999999
2008-07-28 23:00:00,,17.26415405,16.93,17.61,9909.133
2008-07-28 23:30:00,,17.063348384999998,16.66,16.77,9908.552
2008-07-29 00:00:00,,16.86254272,16.17,16.63,9907.971000000001
2008-07-29 00:30:00,,15.910272214999999,16.25,16.2,9907.540500000001
2008-07-29 01:00:00,,14.95800171,15.83,15.5,9907.11
2008-07-29 01:30:00,,14.799569705,15.44,15.22,9906.729200000002
2008-07-29 02:00:00,,14.6411377,15.17,14.9,9906.3484
2008-07-29 02:30:00,,14.393319705,14.79,14.54,9907.1192
2008-07-29 03:00:00,,14.14550171,14.34,14.25,9907.890000000001
2008-07-29 03:30:00,,13.845162965,14.28,14.19,9907.8205
2008-07-29 04:00:00,,13.54482422,14.11,14.01,9907.751
2008-07-29 04:30:00,,13.387231445000001,13.95,13.89,9908.482
2008-07-29 05:00:00,,13.22963867,13.8,13.66,9909.213
2008-07-29 05:30:00,,13.19364319,13.51,13.38,9909.814
2008-07-29 06:00:00,,13.15764771,13.58,13.39,9910.415
2008-07-29 06:30:00,,13.219918825,13.74,13.64,9911.4465
2008-07-29 07:00:00,,13.28218994,13.84,13.69,9912.478000000001
2008-07-29 07:30:00,,13.407998655,13.76,13.58,9912.528
2008-07-29 08:00:00,,13.53380737,13.53,13.22,9912.578000000001
2008-07-29 08:30:00,,13.663430785,13.39,12.98,9913.4995
2008-07-29 09:00:00,,13.7930542,13.66,13.05,9914.421
2008-07-29 09:30:00,,14.05780945,13.87,13.26,9912.56825
2008-07-29 10:00:00,,14.3225647,14.34,13.44,9910.7155
2008-07-29 10:30:00,,14.41576538,14.53,13.67,9910.96575
2008-07-29 11:00:00,,14.50896606,14.4,13.66,9911.216
2008-07-29 11:30:00,,14.453469845,14.43,13.45,9910.585000000001
2008-07-29 12:00:00,,14.39797363,14.7,13.44,9909.954
2008-07-29 12:30:00,,14.046380615,14.77,13.45,9913.218499999999
2008-07-29 13:00:00,,13.6947876,14.78,13.45,9916.483
2008-07-29 13:30:00,,13.880319215,14.92,13.56,9914.72075
2008-07-29 14:00:00,,14.06585083,14.34,13.53,9912.9585
2008-07-29 14:30:00,,14.065438845,13.95,13.56,9913.30925
2008-07-29 15:00:00,,14.06502686,13.95,13.61,9913.66
2008-07-29 15:30:00,,14.103997804999999,14.09,13.76,9912.0977
2008-07-29 16:00:00,,14.14296875,14.21,13.83,9910.5354
2008-07-29 16:30:00,,14.15101013,14.31,13.99,9908.9327
2008-07-29 17:00:00,,14.15905151,14.57,14.52,9907.33
2008-07-29 17:30:00,,14.136178585,14.48,14.1,9906.338500000002
2008-07-29 18:00:00,,14.11330566,14.71,14.14,9905.347
2008-07-29 18:30:00,,14.12050781,14.76,14.47,9906.198499999999
2008-07-29 19:00:00,,14.12770996,14.78,14.73,9907.05
2008-07-29 19:30:00,,14.077722170000001,14.8,14.89,9910.024
2008-07-29 20:00:00,,14.02773438,14.62,14.75,9912.998
2008-07-29 20:30:00,,13.96164856,14.06,14.43,9913.8295
2008-07-29 21:00:00,,13.89556274,13.77,14.41,9914.661
2008-07-29 21:30:00,,13.658349605000002,13.65,14.15,9913.7598
2008-07-29 22:00:00,,13.42113647,13.24,14.09,9912.8586
2008-07-29 22:30:00,,13.124597165,13.25,13.99,9916.67405
2008-07-29 23:00:00,,12.82805786,12.93,13.63,9920.4895
2008-07-29 23:30:00,,12.606088255,12.82,13.5,9923.32425
2008-07-30 00:00:00,,12.38411865,13.08,13.53,9926.159
2008-07-30 00:30:00,,12.332009885,12.98,13.35,9930.5955
2008-07-30 01:00:00,,12.27990112,12.84,13.14,9935.032
2008-07-30 01:30:00,,12.0024353,12.74,12.97,9937.3155
2008-07-30 02:00:00,,11.72496948,12.44,12.68,9939.599
2008-07-30 02:30:00,,11.58348999,12.33,12.73,9942.223
2008-07-30 03:00:00,,11.4420105,12.06,12.45,9944.847
2008-07-30 03:30:00,,11.44411621,11.97,12.02,9946.259
2008-07-30 04:00:00,,11.44622192,11.86,11.94,9947.671
2008-07-30 04:30:00,,11.369973755,11.81,11.94,9950.786
2008-07-30 05:00:00,,11.29372559,11.89,11.96,9953.901
2008-07-30 05:30:00,,11.193338014999998,11.83,11.88,9956.134
2008-07-30 06:00:00,,11.09295044,11.93,11.75,9958.367
2008-07-30 06:30:00,,11.239099119999999,11.75,11.33,9961.7425
2008-07-30 07:00:00,,11.3852478,12.08,11.43,9965.118
2008-07-30 07:30:00,,11.69660339,12.65,11.8,9967.4315
2008-07-30 08:00:00,,12.00795898,12.75,11.9,9969.745
2008-07-30 08:30:00,,12.373956295,13.09,12.19,9971.357499999998
2008-07-30 09:00:00,,12.73995361,13.67,12.45,9972.97
2008-07-30 09:30:00,,12.941171265000001,14.24,12.87,9975.323199999999
2008-07-30 10:00:00,,13.14238892,15.02,13.31,9977.6764
2008-07-30 10:30:00,,13.408410645,16.06,13.93,9977.1157
2008-07-30 11:00:00,,13.67443237,17.42,14.42,9976.555
2008-07-30 11:30:00,,13.97054443,17.92,14.94,9976.3645
2008-07-30 12:00:00,,14.26665649,18.76,15.82,9976.174
2008-07-30 12:30:00,,14.895303345,19.58,16.3,9975.5835
2008-07-30 13:00:00,,15.5239502,18.98,16.36,9974.993
2008-07-30 13:30:00,,15.587915039999999,19.07,16.98,9973.9415
2008-07-30 14:00:00,,15.65187988,19.04,16.99,9972.89
2008-07-30 14:30:00,,15.691690059999999,19.7,17.08,9972.469
2008-07-30 15:00:00,,15.73150024,19.18,17.02,9972.047999999999
2008-07-30 15:30:00,,15.678552245,19.77,17.26,9970.4158
2008-07-30 16:00:00,,15.62560425,19.3,17.39,9968.7836
2008-07-30 16:30:00,,15.371865845,19.76,17.51,9966.880299999999
2008-07-30 17:00:00,,15.11812744,19.7,17.42,9964.977
2008-07-30 17:30:00,,14.92495117,17.88,16.67,9962.99425
2008-07-30 18:00:00,,14.7317749,17.15,16.04,9961.011499999999
2008-07-30 18:30:00,,14.64789734,16.53,15.78,9959.98
2008-07-30 19:00:00,,14.56401978,16.36,15.71,9958.9485
2008-07-30 19:30:00,,14.528436280000001,16.22,15.69,9958.98825
2008-07-30 20:00:00,,14.49285278,15.28,15.38,9959.028
2008-07-30 20:30:00,,14.48395691,14.42,15.09,9956.965500000002
2008-07-30 21:00:00,,14.47506104,13.71,14.93,9954.903
2008-07-30 21:30:00,,14.45726929,13.45,14.76,9949.935
2008-07-30 22:00:00,,14.43947754,13.45,14.16,9944.967
2008-07-30 22:30:00,,14.44033203,13.57,13.71,9943.3345
2008-07-30 23:00:00,,14.44118652,13.44,13.6,9941.702
2008-07-30 23:30:00,,14.444146725,13.08,13.2,9938.01675
2008-07-31 00:00:00,,14.44710693,12.88,12.9,9934.3315
2008-07-31 00:30:00,,13.732476805000001,12.64,12.6,9931.50725
2008-07-31 01:00:00,,13.01784668,12.27,12.48,9928.682999999999
2008-07-31 01:30:00,,13.03902588,12.01,12.18,9925.227499999999
2008-07-31 02:00:00,,13.06020508,11.76,12.06,9921.772
2008-07-31 02:30:00,,13.02123413,11.68,11.8,9920.55
2008-07-31 03:00:00,,12.98226318,11.44,11.86,9919.328
2008-07-31 03:30:00,,12.84797058,11.61,11.76,9916.644
2008-07-31 04:00:00,,12.71367798,11.54,11.95,9913.960000000001
2008-07-31 04:30:00,,12.78951416,11.38,11.77,9913.6095
2008-07-31 05:00:00,,12.86535034,11.56,12.02,9913.259
2008-07-31 05:30:00,,12.929315185,12.03,12.17,9912.778499999999
2008-07-31 06:00:00,,12.99328003,12.25,12.16,9912.298
2008-07-31 06:30:00,,13.31183777,12.79,12.45,9909.593499999999
2008-07-31 07:00:00,,13.63039551,13.28,12.7,9906.889
2008-07-31 07:30:00,,13.83202515,13.45,12.77,9905.748
2008-07-31 08:00:00,,14.03365479,14.1,13.4,9904.607
2008-07-31 08:30:00,,14.101861575000001,14.27,13.64,9903.755000000001
2008-07-31 09:00:00,,14.17006836,14.78,13.71,9902.903
2008-07-31 09:30:00,,14.250131225,15.06,14.2,9903.424
2008-07-31 10:00:00,,14.33019409,15.26,14.53,9903.945
2008-07-31 10:30:00,,14.32807312,16.06,14.72,9902.913499999999
2008-07-31 11:00:00,,14.32595215,16.62,14.98,9901.882000000001
2008-07-31 11:30:00,,14.209039305000001,16.12,15.19,9900.9405
2008-07-31 12:00:00,,14.09212646,16.04,15.18,9899.999
2008-07-31 12:30:00,,13.767221065,16.08,15.1,9900.02925
2008-07-31 13:00:00,,13.44231567,15.6,14.7,9900.059500000001
2008-07-31 13:30:00,,13.36902771,15.39,14.55,9899.458250000001
2008-07-31 14:00:00,,13.29573975,15.72,15.18,9898.857
2008-07-31 14:30:00,,13.391046145,15.86,14.89,9897.7752
2008-07-31 15:00:00,,13.48635254,15.33,14.34,9896.6934
2008-07-31 15:30:00,,13.430444335,15.3,14.38,9894.019699999999
2008-07-31 16:00:00,,13.37453613,14.91,13.9,9891.346
2008-07-31 16:30:00,,13.34911499,14.7,13.63,9888.6917
2008-07-31 17:00:00,,13.32369385,15.6,13.75,9886.0374
2008-07-31 17:30:00,,13.25422058,15.22,13.72,9882.772399999998
2008-07-31 18:00:00,,13.18474731,14.51,13.72,9879.5074
2008-07-31 18:30:00,,13.074609375000001,14.26,13.65,9878.0052
2008-07-31 19:00:00,,12.96447144,13.68,13.14,9876.502999999999
2008-07-31 19:30:00,,12.925073245,13.2,12.88,9877.424500000001
2008-07-31 20:00:00,,12.88567505,12.93,12.61,9878.346000000001
2008-07-31 20:30:00,,12.88440857,12.72,12.38,9875.592
2008-07-31 21:00:00,,12.88314209,12.59,12.37,9872.838
2008-07-31 21:30:00,,12.90558777,12.59,12.33,9870.5145
2008-07-31 22:00:00,,12.92803345,12.57,12.38,9868.191
2008-07-31 22:30:00,,13.093667605,12.28,12.09,9868.050500000001
2008-07-31 23:00:00,,13.25930176,12.25,12.05,9867.91
