cur_datetime,canTemp,sensWaste,wallSun_K,wallShade_K,roof_K,MeteoData.Tatm,MeteoData.Pre,
2004-06-01 00:00:00,295.744,26.807,288.149,288.271,282.984,291.250,99200.000,
2004-06-01 00:05:00,292.276,21.008,288.287,288.399,282.606,291.258,99200.000,
2004-06-01 00:10:00,291.722,19.818,288.512,288.617,282.743,291.267,99200.000,
2004-06-01 00:15:00,291.713,19.722,288.793,288.890,282.785,291.275,99200.000,
2004-06-01 00:20:00,291.940,20.125,289.121,289.212,282.891,291.283,99200.000,
2004-06-01 00:25:00,292.055,20.270,289.421,289.505,283.188,291.292,99200.000,
2004-06-01 00:30:00,292.094,20.240,289.685,289.762,283.594,291.300,99200.000,
2004-06-01 00:35:00,292.015,19.946,289.892,289.963,284.161,291.308,99200.000,
2004-06-01 00:40:00,291.982,19.756,290.085,290.150,284.674,291.317,99200.000,
2004-06-01 00:45:00,291.926,19.528,290.261,290.313,285.218,291.325,99200.000,
2004-06-01 00:50:00,291.936,19.451,290.440,290.486,285.736,291.333,99200.000,
2004-06-01 00:55:00,291.927,19.327,290.609,290.651,286.243,291.342,99200.000,
2004-06-01 01:00:00,291.960,18.905,290.730,290.768,286.628,291.350,99200.000,
2004-06-01 01:05:00,291.956,18.597,290.817,290.853,286.962,291.350,99200.000,
2004-06-01 01:10:00,291.976,18.455,290.893,290.927,287.302,291.350,99200.000,
2004-06-01 01:15:00,291.967,18.252,290.950,290.982,287.571,291.350,99200.000,
2004-06-01 01:20:00,291.980,18.086,291.002,291.032,287.840,291.350,99200.000,
2004-06-01 01:25:00,291.971,17.874,291.042,291.071,288.054,291.350,99200.000,
2004-06-01 01:30:00,291.979,17.710,291.080,291.107,288.269,291.350,99200.000,
2004-06-01 01:35:00,291.971,17.493,291.110,291.136,288.442,291.350,99200.000,
2004-06-01 01:40:00,291.976,17.301,291.139,291.163,288.615,291.350,99200.000,
2004-06-01 01:45:00,291.968,17.095,291.161,291.185,288.756,291.350,99200.000,
2004-06-01 01:50:00,291.972,16.909,291.184,291.207,288.897,291.350,99200.000,
2004-06-01 01:55:00,291.963,16.705,291.202,291.224,289.012,291.350,99200.000,
2004-06-01 02:00:00,291.965,16.344,291.218,291.239,289.122,291.350,99200.000,
2004-06-01 02:05:00,291.958,16.161,291.230,291.250,289.211,291.358,99208.333,
2004-06-01 02:10:00,291.961,15.968,291.242,291.261,289.302,291.367,99216.667,
2004-06-01 02:15:00,291.957,15.779,291.252,291.270,289.374,291.375,99225.000,
2004-06-01 02:20:00,291.960,15.596,291.262,291.279,289.447,291.383,99233.333,
2004-06-01 02:25:00,291.957,15.469,291.270,291.286,289.506,291.392,99241.667,
2004-06-01 02:30:00,291.960,15.319,291.278,291.294,289.566,291.400,99250.000,
2004-06-01 02:35:00,291.956,15.184,291.285,291.300,289.614,291.408,99258.333,
2004-06-01 02:40:00,291.959,15.065,291.292,291.307,289.663,291.417,99266.667,
2004-06-01 02:45:00,291.957,14.935,291.298,291.312,289.704,291.425,99275.000,
2004-06-01 02:50:00,291.814,14.526,291.260,291.273,289.720,291.433,99283.333,
2004-06-01 02:55:00,291.708,14.195,291.215,291.228,289.685,291.442,99291.667,
2004-06-01 03:00:00,291.724,14.460,291.203,291.215,289.564,291.450,99300.000,
2004-06-01 03:05:00,291.738,14.552,291.201,291.212,289.498,291.408,99308.333,
2004-06-01 03:10:00,291.722,14.448,291.195,291.206,289.470,291.367,99316.667,
2004-06-01 03:15:00,291.686,14.328,291.184,291.194,289.461,291.325,99325.000,
2004-06-01 03:20:00,291.635,14.161,291.165,291.176,289.437,291.283,99333.333,
2004-06-01 03:25:00,291.590,14.029,291.145,291.155,289.425,291.242,99341.667,
2004-06-01 03:30:00,291.545,13.902,291.124,291.134,289.407,291.200,99350.000,
2004-06-01 03:35:00,291.507,13.769,291.104,291.114,289.397,291.158,99358.333,
2004-06-01 03:40:00,291.466,13.640,291.083,291.092,289.386,291.117,99366.667,
2004-06-01 03:45:00,291.426,13.520,291.062,291.071,289.380,291.075,99375.000,
2004-06-01 03:50:00,291.384,13.389,291.040,291.048,289.373,291.033,99383.333,
2004-06-01 03:55:00,291.344,13.261,291.018,291.026,289.370,290.992,99391.667,
2004-06-01 04:00:00,291.302,14.327,290.989,290.996,289.351,290.950,99400.000,
2004-06-01 04:05:00,291.197,14.997,290.938,290.944,289.325,290.808,99400.000,
2004-06-01 04:10:00,291.059,14.781,290.867,290.873,289.318,290.667,99400.000,
2004-06-01 04:15:00,290.899,14.501,290.780,290.786,289.309,290.525,99400.000,
2004-06-01 04:20:00,290.741,14.370,290.831,290.926,289.533,290.383,99400.000,
2004-06-01 04:25:00,290.594,14.124,290.809,290.902,289.607,290.242,99400.000,
2004-06-01 04:30:00,290.446,13.898,290.796,290.907,289.717,290.100,99400.000,
2004-06-01 04:35:00,290.318,13.718,290.792,290.917,289.872,289.958,99400.000,
2004-06-01 04:40:00,290.037,13.393,290.746,290.882,289.905,289.817,99400.000,
2004-06-01 04:45:00,290.002,13.359,290.758,290.901,289.998,289.675,99400.000,
2004-06-01 04:50:00,289.832,13.173,290.749,290.897,290.052,289.533,99400.000,
2004-06-01 04:55:00,289.829,13.174,290.787,290.932,290.125,289.392,99400.000,
2004-06-01 05:00:00,289.609,14.172,290.762,290.897,290.119,289.250,99400.000,
2004-06-01 05:05:00,289.648,16.129,290.793,290.916,290.166,289.208,99408.333,
2004-06-01 05:10:00,289.485,16.190,290.780,290.889,290.164,289.167,99416.667,
2004-06-01 05:15:00,289.545,16.414,290.821,290.918,290.219,289.125,99425.000,
2004-06-01 05:20:00,289.386,16.227,290.812,290.893,290.211,289.083,99433.333,
2004-06-01 05:25:00,289.454,16.434,290.859,290.927,290.266,289.042,99441.667,
2004-06-01 05:30:00,289.293,16.230,290.873,290.930,290.280,289.000,99450.000,
2004-06-01 05:35:00,289.361,16.432,290.951,291.001,290.364,288.958,99458.333,
2004-06-01 05:40:00,289.206,16.243,290.978,291.016,290.381,288.917,99466.667,
2004-06-01 05:45:00,289.276,16.446,291.065,291.094,290.471,288.875,99475.000,
2004-06-01 05:50:00,289.123,16.270,291.095,291.111,290.493,288.833,99483.333,
2004-06-01 05:55:00,289.191,16.454,291.184,291.187,290.585,288.792,99491.667,
2004-06-01 06:00:00,289.042,16.656,291.232,291.221,290.623,288.750,99500.000,
2004-06-01 06:05:00,289.131,17.134,291.352,291.332,290.739,288.842,99508.333,
2004-06-01 06:10:00,289.027,17.046,291.429,291.395,290.818,288.933,99516.667,
2004-06-01 06:15:00,289.159,17.405,291.579,291.536,290.988,289.025,99525.000,
2004-06-01 06:20:00,289.078,17.355,291.678,291.621,291.092,289.117,99533.333,
2004-06-01 06:25:00,289.230,17.750,291.847,291.779,291.284,289.208,99541.667,
2004-06-01 06:30:00,289.145,17.849,292.066,292.055,291.625,289.300,99550.000,
2004-06-01 06:35:00,289.322,18.541,292.411,292.540,292.108,289.392,99558.333,
2004-06-01 06:40:00,289.274,18.802,292.714,292.931,292.536,289.483,99566.667,
2004-06-01 06:45:00,289.480,19.530,293.105,293.393,293.131,289.575,99575.000,
2004-06-01 06:50:00,289.440,19.762,293.441,293.772,293.665,289.667,99583.333,
2004-06-01 06:55:00,289.656,20.509,293.857,294.212,294.341,289.758,99591.667,
2004-06-01 07:00:00,289.624,39.027,294.244,294.660,294.929,289.850,99600.000,
2004-06-01 07:05:00,289.974,19.404,294.734,295.158,295.686,290.033,99600.000,
2004-06-01 07:10:00,290.057,19.826,295.168,295.562,296.314,290.217,99600.000,
2004-06-01 07:15:00,290.389,20.772,295.679,296.021,297.040,290.400,99600.000,
2004-06-01 07:20:00,290.502,21.280,296.142,296.399,297.696,290.583,99600.000,
2004-06-01 07:25:00,290.815,22.402,296.666,296.813,298.428,290.767,99600.000,
2004-06-01 07:30:00,290.930,22.996,296.974,296.992,299.026,290.950,99600.000,
2004-06-01 07:35:00,291.236,24.195,297.343,297.191,299.695,291.133,99600.000,
2004-06-01 07:40:00,291.338,24.832,297.717,297.349,300.311,291.317,99600.000,
2004-06-01 07:45:00,291.639,25.907,298.185,297.558,300.996,291.500,99600.000,
2004-06-01 07:50:00,291.742,26.622,298.708,297.728,301.628,291.683,99600.000,
2004-06-01 07:55:00,292.048,27.696,299.298,297.935,302.346,291.867,99600.000,
2004-06-01 08:00:00,292.157,26.941,299.852,298.052,303.023,292.050,99600.000,
2004-06-01 08:05:00,292.437,27.436,300.482,298.198,303.783,292.142,99600.000,
2004-06-01 08:10:00,292.428,27.882,301.153,298.303,304.552,292.233,99600.000,
2004-06-01 08:15:00,292.710,29.024,301.871,298.430,305.477,292.325,99600.000,
2004-06-01 08:20:00,292.760,29.576,302.550,298.482,306.340,292.417,99600.000,
2004-06-01 08:25:00,293.076,30.886,303.334,298.604,307.355,292.508,99600.000,
2004-06-01 08:30:00,293.125,31.404,304.023,298.702,308.022,292.600,99600.000,
2004-06-01 08:35:00,293.410,32.555,304.768,298.878,308.783,292.692,99600.000,
2004-06-01 08:40:00,293.438,33.021,305.435,298.989,309.462,292.783,99600.000,
2004-06-01 08:45:00,293.721,34.205,306.167,299.173,310.188,292.875,99600.000,
2004-06-01 08:50:00,293.750,34.751,306.864,299.411,310.834,292.967,99600.000,
2004-06-01 08:55:00,294.030,35.979,307.592,299.639,311.547,293.058,99600.000,
2004-06-01 09:00:00,294.056,36.965,308.300,299.830,312.211,293.150,99600.000,
2004-06-01 09:05:00,294.372,37.914,309.108,300.114,312.975,293.242,99600.000,
2004-06-01 09:10:00,294.565,38.732,309.905,300.384,313.501,293.333,99600.000,
2004-06-01 09:15:00,294.888,39.857,310.751,300.704,314.038,293.425,99600.000,
2004-06-01 09:20:00,294.999,40.334,311.541,300.969,314.463,293.517,99600.000,
2004-06-01 09:25:00,295.227,41.110,312.356,301.260,314.879,293.608,99600.000,
2004-06-01 09:30:00,295.304,41.319,313.053,301.476,315.140,293.700,99600.000,
2004-06-01 09:35:00,295.520,41.901,313.757,301.716,315.410,293.792,99600.000,
2004-06-01 09:40:00,295.584,42.044,314.396,301.906,315.608,293.883,99600.000,
2004-06-01 09:45:00,295.786,42.552,315.054,302.124,315.814,293.975,99600.000,
2004-06-01 09:50:00,295.834,42.575,315.653,302.298,315.951,294.067,99600.000,
2004-06-01 09:55:00,296.023,42.977,316.275,302.503,316.118,294.158,99600.000,
2004-06-01 10:00:00,296.064,43.088,316.720,302.595,316.196,294.250,99600.000,
2004-06-01 10:05:00,296.211,42.769,317.135,302.684,316.301,294.342,99600.000,
2004-06-01 10:10:00,296.111,42.407,317.430,302.677,316.534,294.433,99600.000,
2004-06-01 10:15:00,296.324,42.921,317.779,302.738,316.910,294.525,99600.000,
2004-06-01 10:20:00,296.356,42.931,318.059,302.752,317.211,294.617,99600.000,
2004-06-01 10:25:00,296.646,43.637,318.400,302.839,317.648,294.708,99600.000,
2004-06-01 10:30:00,296.664,43.632,318.655,302.888,317.957,294.800,99600.000,
2004-06-01 10:35:00,296.927,44.290,318.963,303.013,318.382,294.892,99600.000,
2004-06-01 10:40:00,296.939,44.318,319.180,303.074,318.715,294.983,99600.000,
2004-06-01 10:45:00,297.212,44.984,319.455,303.209,319.152,295.075,99600.000,
2004-06-01 10:50:00,297.232,45.019,319.640,303.277,319.490,295.167,99600.000,
2004-06-01 10:55:00,297.503,45.669,319.882,303.417,319.924,295.258,99600.000,
2004-06-01 11:00:00,297.518,45.398,320.150,303.546,320.279,295.350,99600.000,
2004-06-01 11:05:00,297.864,46.086,320.542,303.796,320.757,295.442,99600.000,
2004-06-01 11:10:00,298.071,46.771,320.917,304.038,320.969,295.533,99600.000,
2004-06-01 11:15:00,298.327,47.627,321.309,304.307,321.213,295.625,99600.000,
2004-06-01 11:20:00,298.470,48.230,321.660,304.549,321.336,295.717,99600.000,
2004-06-01 11:25:00,298.794,49.317,322.061,304.850,321.424,295.808,99600.000,
2004-06-01 11:30:00,298.889,49.698,322.185,305.033,321.091,295.900,99600.000,
2004-06-01 11:35:00,298.991,50.045,322.221,305.183,320.682,295.992,99600.000,
2004-06-01 11:40:00,298.989,50.191,322.313,305.219,320.247,296.083,99600.000,
2004-06-01 11:45:00,299.133,50.700,322.304,305.318,319.755,296.175,99600.000,
2004-06-01 11:50:00,299.092,50.784,322.187,305.366,319.173,296.267,99600.000,
2004-06-01 11:55:00,299.172,51.192,322.061,305.437,318.607,296.358,99600.000,
2004-06-01 12:00:00,299.169,51.068,321.707,305.399,317.999,296.450,99600.000,
2004-06-01 12:05:00,299.079,50.738,321.240,305.292,317.325,296.450,99600.000,
2004-06-01 12:10:00,298.797,50.141,320.643,305.086,316.595,296.450,99600.000,
2004-06-01 12:15:00,298.535,49.553,319.990,304.840,316.338,296.450,99600.000,
2004-06-01 12:20:00,298.456,49.399,319.366,304.633,316.154,296.450,99600.000,
2004-06-01 12:25:00,298.543,49.693,318.798,304.494,316.126,296.450,99600.000,
2004-06-01 12:30:00,298.635,50.188,318.556,304.451,316.369,296.450,99600.000,
2004-06-01 12:35:00,298.713,50.660,318.409,304.444,316.706,296.450,99600.000,
2004-06-01 12:40:00,298.674,50.880,318.271,304.415,316.982,296.450,99600.000,
2004-06-01 12:45:00,298.694,51.246,318.170,304.408,317.439,296.450,99600.000,
2004-06-01 12:50:00,298.781,51.756,318.108,304.436,317.902,296.450,99600.000,
2004-06-01 12:55:00,298.909,52.349,318.076,304.495,318.453,296.450,99600.000,
2004-06-01 13:00:00,298.870,52.448,318.161,304.597,318.921,296.450,99600.000,
2004-06-01 13:05:00,299.013,52.961,318.350,304.789,319.526,296.500,99600.000,
2004-06-01 13:10:00,299.425,54.343,318.680,305.120,319.694,296.550,99600.000,
2004-06-01 13:15:00,299.503,54.924,318.936,305.383,319.835,296.600,99600.000,
2004-06-01 13:20:00,299.637,55.671,319.201,305.662,319.996,296.650,99600.000,
2004-06-01 13:25:00,299.595,55.994,319.399,305.887,320.094,296.700,99600.000,
2004-06-01 13:30:00,299.773,56.724,319.564,306.097,320.160,296.750,99600.000,
2004-06-01 13:35:00,299.808,57.089,319.652,306.247,320.181,296.800,99600.000,
2004-06-01 13:40:00,299.992,57.838,319.756,306.424,320.207,296.850,99600.000,
2004-06-01 13:45:00,300.017,58.184,319.788,306.548,320.169,296.900,99600.000,
2004-06-01 13:50:00,300.177,58.812,319.833,306.698,320.151,296.950,99600.000,
2004-06-01 13:55:00,300.204,59.115,319.816,306.804,320.084,297.000,99600.000,
2004-06-01 14:00:00,300.358,60.469,319.662,306.846,320.014,297.050,99600.000,
2004-06-01 14:05:00,300.402,61.074,319.395,306.936,319.902,297.142,99600.000,
2004-06-01 14:10:00,300.453,61.363,319.091,306.923,319.991,297.233,99600.000,
2004-06-01 14:15:00,300.569,61.801,318.770,306.892,320.139,297.325,99600.000,
2004-06-01 14:20:00,300.730,62.347,318.435,306.859,320.290,297.417,99600.000,
2004-06-01 14:25:00,300.913,62.937,318.085,306.825,320.493,297.508,99600.000,
2004-06-01 14:30:00,301.056,63.323,317.653,306.802,320.522,297.600,99600.000,
2004-06-01 14:35:00,301.198,63.708,317.188,306.782,320.562,297.692,99600.000,
2004-06-01 14:40:00,301.305,64.013,316.688,306.750,320.588,297.783,99600.000,
2004-06-01 14:45:00,301.438,64.329,316.176,306.723,320.590,297.875,99600.000,
2004-06-01 14:50:00,301.529,64.551,315.638,306.681,320.576,297.967,99600.000,
2004-06-01 14:55:00,301.639,64.838,315.091,306.642,320.545,298.058,99600.000,
2004-06-01 15:00:00,301.698,68.057,314.590,306.631,320.504,298.150,99600.000,
2004-06-01 15:05:00,301.706,68.664,314.076,306.611,320.428,298.058,99600.000,
2004-06-01 15:10:00,301.657,68.714,313.534,306.570,320.276,297.967,99600.000,
2004-06-01 15:15:00,301.381,68.191,312.897,306.442,320.043,297.875,99600.000,
2004-06-01 15:20:00,301.226,67.952,312.261,306.323,319.834,297.783,99600.000,
2004-06-01 15:25:00,301.333,68.418,311.700,306.285,319.636,297.692,99600.000,
2004-06-01 15:30:00,301.361,68.629,311.112,306.231,319.333,297.600,99600.000,
2004-06-01 15:35:00,301.058,68.000,310.400,306.066,318.882,297.508,99600.000,
2004-06-01 15:40:00,300.907,67.726,309.689,305.909,318.496,297.417,99600.000,
2004-06-01 15:45:00,300.975,68.045,309.032,305.815,318.111,297.325,99600.000,
2004-06-01 15:50:00,300.847,67.829,308.317,305.675,317.635,297.233,99600.000,
2004-06-01 15:55:00,300.519,67.137,307.513,305.460,317.084,297.142,99600.000,
2004-06-01 16:00:00,300.430,138.012,306.916,305.461,316.618,297.050,99600.000,
2004-06-01 16:05:00,300.661,141.538,306.546,305.698,316.201,296.958,99600.000,
2004-06-01 16:10:00,300.444,141.448,306.132,305.898,315.643,296.867,99600.000,
2004-06-01 16:15:00,299.947,69.906,305.637,306.021,315.083,296.775,99600.000,
2004-06-01 16:20:00,299.272,68.681,305.060,306.064,314.526,296.683,99600.000,
2004-06-01 16:25:00,298.729,67.709,304.490,306.113,313.993,296.592,99600.000,
2004-06-01 16:30:00,298.111,66.596,303.902,306.138,313.456,296.500,99600.000,
2004-06-01 16:35:00,297.508,65.465,303.308,306.152,312.930,296.408,99600.000,
2004-06-01 16:40:00,297.279,65.295,302.826,306.275,312.477,296.317,99600.000,
2004-06-01 16:45:00,297.308,65.732,302.352,306.437,312.069,296.225,99600.000,
2004-06-01 16:50:00,297.314,66.128,301.995,306.693,311.615,296.133,99600.000,
2004-06-01 16:55:00,297.290,66.535,301.678,306.977,311.137,296.042,99600.000,
2004-06-01 17:00:00,297.235,70.152,301.403,307.347,310.622,295.950,99600.000,
2004-06-01 17:05:00,297.113,71.111,301.132,307.736,310.058,295.767,99600.000,
2004-06-01 17:10:00,296.976,71.573,300.864,308.138,309.486,295.583,99600.000,
2004-06-01 17:15:00,296.880,72.125,300.612,308.563,308.880,295.400,99600.000,
2004-06-01 17:20:00,296.848,72.940,300.387,309.017,308.293,295.217,99600.000,
2004-06-01 17:25:00,296.867,73.832,300.187,309.497,307.674,295.033,99600.000,
2004-06-01 17:30:00,296.903,74.590,299.989,309.836,306.940,294.850,99600.000,
2004-06-01 17:35:00,296.905,75.216,299.786,310.095,306.244,294.667,99600.000,
2004-06-01 17:40:00,296.900,75.716,299.580,310.284,305.499,294.483,99600.000,
2004-06-01 17:45:00,297.486,78.314,299.522,310.586,304.835,294.300,99600.000,
2004-06-01 17:50:00,297.763,79.468,299.439,310.787,304.147,294.117,99600.000,
2004-06-01 17:55:00,297.272,78.237,299.175,310.691,303.322,293.933,99600.000,
2004-06-01 18:00:00,296.431,75.426,298.720,310.326,302.392,293.750,99600.000,
2004-06-01 18:05:00,296.015,74.236,298.269,309.919,301.480,293.467,99600.000,
2004-06-01 18:10:00,295.797,73.509,297.846,309.482,300.658,293.183,99600.000,
2004-06-01 18:15:00,295.582,72.804,297.429,308.985,299.826,292.900,99600.000,
2004-06-01 18:20:00,295.289,71.800,296.998,308.401,298.991,292.617,99600.000,
2004-06-01 18:25:00,294.992,70.826,296.563,307.747,298.179,292.333,99600.000,
2004-06-01 18:30:00,294.686,69.738,296.118,307.034,297.373,292.050,99600.000,
2004-06-01 18:35:00,294.399,68.723,295.676,306.275,296.593,291.767,99600.000,
2004-06-01 18:40:00,294.102,67.571,295.234,305.428,295.821,291.483,99600.000,
2004-06-01 18:45:00,293.814,66.352,294.811,304.283,295.079,291.200,99600.000,
2004-06-01 18:50:00,293.508,64.966,294.334,303.092,294.344,290.917,99600.000,
2004-06-01 18:55:00,293.209,63.673,293.889,301.906,293.642,290.633,99600.000,
2004-06-01 19:00:00,292.902,61.761,293.466,300.734,292.970,290.350,99600.000,
2004-06-01 19:05:00,292.636,60.274,293.069,299.552,292.344,290.075,99600.000,
2004-06-01 19:10:00,292.381,57.928,292.491,296.687,291.460,289.800,99600.000,
2004-06-01 19:15:00,292.101,56.571,292.081,295.270,290.862,289.525,99600.000,
2004-06-01 19:20:00,291.841,55.493,291.732,294.256,290.269,289.250,99600.000,
2004-06-01 19:25:00,291.615,54.567,291.425,293.473,289.760,288.975,99600.000,
2004-06-01 19:30:00,291.394,53.638,291.148,292.840,289.251,288.700,99600.000,
2004-06-01 19:35:00,291.189,52.809,290.895,292.315,288.807,288.425,99600.000,
2004-06-01 19:40:00,290.985,51.959,290.658,291.867,288.363,288.150,99600.000,
2004-06-01 19:45:00,290.796,51.201,290.438,291.479,287.971,287.875,99600.000,
2004-06-01 19:50:00,290.609,50.481,290.230,291.135,287.580,287.600,99600.000,
2004-06-01 19:55:00,290.437,49.761,290.036,290.830,287.231,287.325,99600.000,
2004-06-01 20:00:00,290.899,49.798,290.020,290.724,286.856,287.050,99600.000,
2004-06-01 20:05:00,291.365,49.897,290.081,290.710,286.533,286.908,99600.000,
2004-06-01 20:10:00,291.451,49.677,290.079,290.646,286.268,286.767,99600.000,
2004-06-01 20:15:00,291.379,49.103,290.019,290.534,286.032,286.625,99600.000,
2004-06-01 20:20:00,291.274,48.482,289.928,290.399,285.765,286.483,99600.000,
2004-06-01 20:25:00,291.178,47.904,289.822,290.256,285.508,286.342,99600.000,
2004-06-01 20:30:00,291.109,47.411,289.715,290.116,285.240,286.200,99600.000,
2004-06-01 20:35:00,291.066,46.990,289.613,289.986,284.961,286.058,99600.000,
2004-06-01 20:40:00,291.045,46.628,289.517,289.866,284.678,285.917,99600.000,
2004-06-01 20:45:00,291.040,46.315,289.429,289.757,284.383,285.775,99600.000,
2004-06-01 20:50:00,291.049,46.043,289.349,289.659,284.088,285.633,99600.000,
2004-06-01 20:55:00,291.072,45.816,289.277,289.571,283.783,285.492,99600.000,
2004-06-01 21:00:00,291.108,42.366,289.210,289.491,283.468,285.350,99600.000,
2004-06-01 21:05:00,291.158,41.587,289.150,289.420,283.143,285.400,99600.000,
2004-06-01 21:10:00,291.249,41.373,289.106,289.367,282.810,285.450,99600.000,
2004-06-01 21:15:00,291.377,41.283,289.081,289.334,282.459,285.500,99600.000,
2004-06-01 21:20:00,291.532,41.296,289.074,289.320,282.106,285.550,99600.000,
2004-06-01 21:25:00,291.710,41.393,289.083,289.324,281.738,285.600,99600.000,
2004-06-01 21:30:00,291.904,41.557,289.107,289.343,281.373,285.650,99600.000,
2004-06-01 21:35:00,292.110,41.773,289.142,289.376,280.998,285.700,99600.000,
2004-06-01 21:40:00,292.321,42.017,289.188,289.419,280.626,285.750,99600.000,
2004-06-01 21:45:00,292.537,42.288,289.241,289.470,280.248,285.800,99600.000,
2004-06-01 21:50:00,292.757,42.572,289.300,289.529,279.873,285.850,99600.000,
2004-06-01 21:55:00,292.981,42.887,289.365,289.594,279.495,285.900,99600.000,
2004-06-01 22:00:00,293.183,40.226,289.478,289.708,279.276,285.950,99600.000,
2004-06-01 22:05:00,293.335,39.234,289.598,289.829,279.108,285.992,99600.000,
2004-06-01 22:10:00,293.420,39.060,289.707,289.939,278.944,286.033,99600.000,
2004-06-01 22:15:00,293.194,38.125,289.726,289.957,278.877,286.075,99600.000,
2004-06-01 22:20:00,292.432,35.825,289.563,289.788,278.826,286.117,99600.000,
2004-06-01 22:25:00,291.561,33.218,289.293,289.508,278.888,286.158,99600.000,
2004-06-01 22:30:00,290.977,31.296,289.040,289.246,278.913,286.200,99600.000,
2004-06-01 22:35:00,290.627,29.967,288.839,289.037,278.994,286.242,99600.000,
2004-06-01 22:40:00,290.371,28.889,288.677,288.870,279.097,286.283,99600.000,
2004-06-01 22:45:00,290.146,27.909,288.543,288.730,279.266,286.325,99600.000,
2004-06-01 22:50:00,289.942,26.999,288.429,288.611,279.448,286.367,99600.000,
2004-06-01 22:55:00,289.760,26.168,288.335,288.511,279.699,286.408,99600.000,
2004-06-01 23:00:00,289.598,23.002,288.224,288.394,279.843,286.450,99600.000,
2004-06-01 23:05:00,289.473,21.436,288.118,288.282,280.017,286.450,99600.000,
2004-06-01 23:10:00,289.401,20.770,288.027,288.185,280.150,286.450,99600.000,
2004-06-01 23:15:00,289.383,20.259,287.957,288.110,280.240,286.450,99600.000,
2004-06-01 23:20:00,289.395,19.838,287.907,288.055,280.314,286.450,99600.000,
2004-06-01 23:25:00,289.432,19.486,287.875,288.018,280.342,286.450,99600.000,
2004-06-01 23:30:00,289.482,19.185,287.858,287.996,280.367,286.450,99600.000,
2004-06-01 23:35:00,289.548,18.935,287.856,287.989,280.352,286.450,99600.000,
2004-06-01 23:40:00,289.625,18.730,287.867,287.994,280.334,286.450,99600.000,
2004-06-01 23:45:00,289.719,18.573,287.891,288.013,280.283,286.450,99600.000,
2004-06-01 23:50:00,289.826,18.461,287.929,288.044,280.233,286.450,99600.000,
2004-06-01 23:55:00,289.948,18.399,287.980,288.089,280.156,286.450,99600.000,
2004-06-02 00:00:00,290.083,17.803,288.038,288.145,280.113,286.450,99600.000,
2004-06-02 00:05:00,290.191,17.592,288.095,288.202,280.061,286.450,99600.000,
2004-06-02 00:10:00,290.264,17.454,288.143,288.250,280.017,286.450,99600.000,
2004-06-02 00:15:00,290.298,17.241,288.176,288.285,279.985,286.450,99600.000,
2004-06-02 00:20:00,290.297,16.958,288.194,288.304,279.961,286.450,99600.000,
2004-06-02 00:25:00,290.274,16.627,288.199,288.309,279.949,286.450,99600.000,
2004-06-02 00:30:00,290.242,16.290,288.193,288.305,279.935,286.450,99600.000,
2004-06-02 00:35:00,290.207,15.954,288.181,288.293,279.929,286.450,99600.000,
2004-06-02 00:40:00,290.171,15.623,288.163,288.278,279.922,286.450,99600.000,
2004-06-02 00:45:00,290.135,15.285,288.143,288.258,279.923,286.450,99600.000,
2004-06-02 00:50:00,290.097,14.953,288.120,288.236,279.926,286.450,99600.000,
2004-06-02 00:55:00,290.059,14.624,288.094,288.212,279.935,286.450,99600.000,
2004-06-02 01:00:00,290.019,14.055,288.073,288.191,279.944,286.450,99600.000,
2004-06-02 01:05:00,289.940,13.609,288.042,288.160,279.959,286.450,99600.000,
2004-06-02 01:10:00,289.816,13.191,287.996,288.112,279.982,286.450,99600.000,
2004-06-02 01:15:00,289.659,12.703,287.934,288.047,280.020,286.450,99600.000,
2004-06-02 01:20:00,289.493,12.227,287.861,287.971,280.065,286.450,99600.000,
2004-06-02 01:25:00,289.338,11.826,287.783,287.890,280.123,286.450,99600.000,
2004-06-02 01:30:00,289.199,11.455,287.706,287.810,280.180,286.450,99600.000,
2004-06-02 01:35:00,289.073,11.187,287.631,287.732,280.253,286.450,99600.000,
2004-06-02 01:40:00,288.957,10.963,287.558,287.657,280.331,286.450,99600.000,
2004-06-02 01:45:00,288.848,10.768,287.489,287.585,280.426,286.450,99600.000,
2004-06-02 01:50:00,288.746,10.582,287.422,287.516,280.524,286.450,99600.000,
2004-06-02 01:55:00,288.650,10.404,287.359,287.450,280.638,286.450,99600.000,
2004-06-02 02:00:00,288.560,10.152,287.297,287.386,280.741,286.450,99600.000,
2004-06-02 02:05:00,288.489,9.993,287.241,287.327,280.856,286.408,99600.000,
2004-06-02 02:10:00,288.440,9.859,287.195,287.277,280.946,286.367,99600.000,
2004-06-02 02:15:00,288.413,9.748,287.158,287.238,281.022,286.325,99600.000,
2004-06-02 02:20:00,288.398,9.652,287.130,287.207,281.089,286.283,99600.000,
2004-06-02 02:25:00,288.395,9.567,287.111,287.185,281.138,286.242,99600.000,
2004-06-02 02:30:00,288.396,9.489,287.098,287.169,281.184,286.200,99600.000,
2004-06-02 02:35:00,288.404,9.419,287.091,287.160,281.213,286.158,99600.000,
2004-06-02 02:40:00,288.416,9.356,287.090,287.156,281.241,286.117,99600.000,
2004-06-02 02:45:00,288.434,9.295,287.094,287.156,281.255,286.075,99600.000,
2004-06-02 02:50:00,288.456,9.238,287.102,287.161,281.267,286.033,99600.000,
2004-06-02 02:55:00,288.482,9.188,287.114,287.171,281.269,285.992,99600.000,
2004-06-02 03:00:00,288.513,9.346,287.113,287.169,281.240,285.950,99600.000,
2004-06-02 03:05:00,288.519,9.378,287.100,287.155,281.189,285.900,99600.000,
2004-06-02 03:10:00,288.495,9.311,287.073,287.128,281.146,285.850,99600.000,
2004-06-02 03:15:00,288.445,9.218,287.031,287.086,281.085,285.800,99600.000,
2004-06-02 03:20:00,288.378,9.107,286.976,287.031,281.029,285.750,99600.000,
2004-06-02 03:25:00,288.304,8.987,286.912,286.967,280.958,285.700,99600.000,
2004-06-02 03:30:00,288.228,8.868,286.841,286.896,280.883,285.650,99600.000,
2004-06-02 03:35:00,288.151,8.748,286.765,286.821,280.797,285.600,99600.000,
2004-06-02 03:40:00,288.074,8.625,286.685,286.742,280.711,285.550,99600.000,
2004-06-02 03:45:00,287.996,8.501,286.603,286.660,280.615,285.500,99600.000,
2004-06-02 03:50:00,287.917,8.379,286.517,286.576,280.519,285.450,99600.000,
2004-06-02 03:55:00,287.838,8.256,286.430,286.489,280.415,285.400,99600.000,
2004-06-02 04:00:00,287.759,8.857,286.352,286.412,280.336,285.350,99600.000,
2004-06-02 04:05:00,287.677,9.218,286.278,286.338,280.258,285.492,99600.000,
2004-06-02 04:10:00,287.629,9.175,286.215,286.274,280.169,285.633,99600.000,
2004-06-02 04:15:00,287.596,9.139,286.160,286.220,280.078,285.775,99600.000,
2004-06-02 04:20:00,287.262,9.208,286.262,287.098,280.355,285.917,99600.000,
2004-06-02 04:25:00,286.987,9.040,286.246,287.388,280.393,286.058,99600.000,
2004-06-02 04:30:00,286.928,9.122,286.307,287.929,280.472,286.200,99600.000,
2004-06-02 04:35:00,286.963,9.297,286.422,288.557,280.646,286.342,99600.000,
2004-06-02 04:40:00,287.006,9.484,286.570,289.224,280.842,286.483,99600.000,
2004-06-02 04:45:00,287.077,9.688,286.749,289.914,281.156,286.625,99600.000,
2004-06-02 04:50:00,287.068,9.824,286.929,290.559,281.462,286.767,99600.000,
2004-06-02 04:55:00,287.122,9.985,287.133,291.086,281.869,286.908,99600.000,
2004-06-02 05:00:00,287.145,11.041,287.356,291.580,282.302,287.050,99600.000,
2004-06-02 05:05:00,287.343,12.642,287.639,292.101,282.835,287.375,99600.000,
2004-06-02 05:10:00,287.634,13.440,287.976,292.650,283.385,287.700,99600.000,
2004-06-02 05:15:00,287.951,14.118,288.397,293.473,284.043,288.025,99600.000,
2004-06-02 05:20:00,288.237,14.665,288.814,294.132,284.717,288.350,99600.000,
2004-06-02 05:25:00,288.491,15.164,289.235,294.737,285.497,288.675,99600.000,
2004-06-02 05:30:00,288.730,15.600,289.617,295.263,286.221,289.000,99600.000,
2004-06-02 05:35:00,288.982,16.168,289.991,295.755,287.012,289.325,99600.000,
2004-06-02 05:40:00,289.244,16.740,290.363,296.221,287.800,289.650,99600.000,
2004-06-02 05:45:00,289.520,17.265,290.738,296.669,288.618,289.975,99600.000,
2004-06-02 05:50:00,289.892,17.966,291.136,297.126,289.433,290.300,99600.000,
2004-06-02 05:55:00,290.316,18.721,291.562,297.589,290.264,290.625,99600.000,
2004-06-02 06:00:00,290.699,19.678,291.980,297.986,291.071,290.950,99600.000,
2004-06-02 06:05:00,290.868,20.170,292.346,298.285,291.830,291.133,99600.000,
2004-06-02 06:10:00,291.006,20.655,292.742,298.764,292.579,291.317,99600.000,
2004-06-02 06:15:00,291.221,21.113,293.103,299.060,293.320,291.500,99600.000,
2004-06-02 06:20:00,291.436,21.548,293.450,299.287,294.058,291.683,99600.000,
2004-06-02 06:25:00,291.637,21.955,293.784,299.462,294.780,291.867,99600.000,
2004-06-02 06:30:00,291.812,22.459,294.120,299.650,295.578,292.050,99600.000,
2004-06-02 06:35:00,291.991,22.992,294.455,299.818,296.386,292.233,99600.000,
2004-06-02 06:40:00,292.156,23.695,294.785,299.955,297.199,292.417,99600.000,
2004-06-02 06:45:00,292.310,24.286,295.108,300.057,298.041,292.600,99600.000,
2004-06-02 06:50:00,292.503,24.912,295.440,300.137,298.899,292.783,99600.000,
2004-06-02 06:55:00,292.798,25.729,295.804,300.223,299.807,292.967,99600.000,
2004-06-02 07:00:00,293.107,53.934,296.302,300.449,300.705,293.150,99600.000,
2004-06-02 07:05:00,293.494,26.002,296.776,300.598,301.646,293.292,99600.000,
2004-06-02 07:10:00,293.596,26.403,297.169,300.624,302.525,293.433,99600.000,
2004-06-02 07:15:00,293.731,26.934,297.545,300.597,303.434,293.575,99600.000,
2004-06-02 07:20:00,293.865,27.537,297.910,300.524,304.364,293.717,99600.000,
2004-06-02 07:25:00,294.023,28.168,298.273,300.415,305.323,293.858,99600.000,
2004-06-02 07:30:00,294.150,28.648,298.641,300.270,306.104,294.000,99600.000,
2004-06-02 07:35:00,294.276,29.206,299.110,300.247,306.877,294.142,99600.000,
2004-06-02 07:40:00,294.384,29.726,299.725,300.368,307.645,294.283,99600.000,
2004-06-02 07:45:00,294.518,30.386,300.446,300.557,308.374,294.425,99600.000,
2004-06-02 07:50:00,294.636,31.049,301.214,300.781,309.100,294.567,99600.000,
2004-06-02 07:55:00,294.767,31.717,302.016,301.033,309.803,294.708,99600.000,
2004-06-02 08:00:00,294.877,31.145,302.839,301.305,310.502,294.850,99600.000,
2004-06-02 08:05:00,294.978,31.263,303.671,301.588,311.180,294.942,99591.667,
2004-06-02 08:10:00,295.211,32.211,304.551,301.918,311.805,295.033,99583.333,
2004-06-02 08:15:00,295.479,33.243,305.458,302.280,312.391,295.125,99575.000,
2004-06-02 08:20:00,295.763,34.343,306.383,302.663,312.936,295.217,99566.667,
2004-06-02 08:25:00,295.997,35.350,307.298,303.042,313.420,295.308,99558.333,
2004-06-02 08:30:00,296.241,36.345,308.163,303.362,313.873,295.400,99550.000,
2004-06-02 08:35:00,296.450,37.217,309.000,303.650,314.274,295.492,99541.667,
2004-06-02 08:40:00,296.663,38.126,309.823,303.923,314.672,295.583,99533.333,
2004-06-02 08:45:00,296.848,38.983,310.627,304.178,315.027,295.675,99525.000,
2004-06-02 08:50:00,297.039,39.867,311.421,304.424,315.382,295.767,99516.667,
2004-06-02 08:55:00,297.205,40.684,312.342,304.657,315.705,295.858,99508.333,
2004-06-02 09:00:00,297.382,41.831,313.096,304.845,316.028,295.950,99500.000,
2004-06-02 09:05:00,297.548,42.298,313.791,305.009,316.330,296.083,99500.000,
2004-06-02 09:10:00,297.657,42.881,314.429,305.141,316.774,296.217,99500.000,
2004-06-02 09:15:00,297.881,43.709,315.069,305.293,317.287,296.350,99500.000,
2004-06-02 09:20:00,298.074,44.458,315.684,305.438,317.799,296.483,99500.000,
2004-06-02 09:25:00,298.327,45.358,316.301,305.598,318.372,296.617,99500.000,
2004-06-02 09:30:00,298.509,46.083,316.873,305.787,318.866,296.750,99500.000,
2004-06-02 09:35:00,298.731,46.876,317.430,305.996,319.390,296.883,99500.000,
2004-06-02 09:40:00,298.894,47.531,317.945,306.195,319.898,297.017,99500.000,
2004-06-02 09:45:00,299.097,48.307,318.445,306.404,320.412,297.150,99500.000,
2004-06-02 09:50:00,299.245,48.897,318.903,306.596,320.912,297.283,99500.000,
2004-06-02 09:55:00,299.422,49.575,319.343,306.790,321.413,297.417,99500.000,
2004-06-02 10:00:00,299.543,50.309,319.863,307.024,321.898,297.550,99500.000,
2004-06-02 10:05:00,299.641,50.300,320.390,307.247,322.368,297.550,99491.667,
2004-06-02 10:10:00,299.829,51.093,320.947,307.499,322.651,297.550,99483.333,
2004-06-02 10:15:00,299.961,51.736,321.489,307.741,322.843,297.550,99475.000,
2004-06-02 10:20:00,300.106,52.458,322.025,307.986,322.994,297.550,99466.667,
2004-06-02 10:25:00,300.154,52.909,322.519,308.199,323.032,297.550,99458.333,
2004-06-02 10:30:00,300.233,53.431,322.945,308.402,322.996,297.550,99450.000,
2004-06-02 10:35:00,300.243,53.744,323.312,308.574,322.873,297.550,99441.667,
2004-06-02 10:40:00,300.289,54.183,323.656,308.745,322.759,297.550,99433.333,
2004-06-02 10:45:00,300.281,54.448,323.956,308.893,322.570,297.550,99425.000,
2004-06-02 10:50:00,300.307,54.999,324.317,309.225,322.391,297.550,99416.667,
2004-06-02 10:55:00,300.292,55.349,324.605,309.432,322.165,297.550,99408.333,
2004-06-02 11:00:00,300.309,55.364,324.710,309.566,321.953,297.550,99400.000,
