Time,DXVAV SYS 1:DesPer 1:Des Heat Mass Flow [kg/s],DXVAV SYS 1:DesPer 1:Des Heat Cap [W],DXVAV SYS 1:DesPer 1:Des Cool Mass Flow [kg/s],DXVAV SYS 1:DesPer 1:Des Sens Cool Cap [W],DXVAV SYS 1:DesPer 1:Des Tot Cool Cap [W],DXVAV SYS 1:DesPer 2:Des Heat Mass Flow [kg/s],DXVAV SYS 1:DesPer 2:Des Heat Cap [W],DXVAV SYS 1:DesPer 2:Des Cool Mass Flow [kg/s],DXVAV SYS 1:DesPer 2:Des Sens Cool Cap [W],DXVAV SYS 1:DesPer 2:Des Tot Cool Cap [W]
00:05:00,1.183060E+01,0.000000E+00,1.183060E+01,1.137986E+05,3.852027E+05,1.183060E+01,4.434252E+05,1.183060E+01,0.000000E+00,0.000000E+00
00:10:00,1.183060E+01,0.000000E+00,1.183060E+01,1.131626E+05,3.827915E+05,1.183060E+01,4.434252E+05,1.183060E+01,0.000000E+00,0.000000E+00
00:15:00,1.183060E+01,0.000000E+00,1.183060E+01,1.125266E+05,3.803858E+05,1.183060E+01,4.434252E+05,1.183060E+01,0.000000E+00,0.000000E+00
00:20:00,1.183060E+01,0.000000E+00,1.183060E+01,1.118906E+05,3.779855E+05,1.183060E+01,4.434252E+05,1.183060E+01,0.000000E+00,0.000000E+00
00:25:00,1.183060E+01,0.000000E+00,1.183060E+01,1.112546E+05,3.755907E+05,1.183060E+01,4.434252E+05,1.183060E+01,0.000000E+00,0.000000E+00
00:30:00,1.183060E+01,0.000000E+00,1.183060E+01,1.106185E+05,3.732012E+05,1.183060E+01,4.434252E+05,1.183060E+01,0.000000E+00,0.000000E+00
00:35:00,1.183060E+01,0.000000E+00,1.183060E+01,1.099825E+05,3.708171E+05,1.183060E+01,4.434252E+05,1.183060E+01,0.000000E+00,0.000000E+00
00:40:00,1.183060E+01,0.000000E+00,1.183060E+01,1.093465E+05,3.684384E+05,1.183060E+01,4.434252E+05,1.183060E+01,0.000000E+00,0.000000E+00
00:45:00,1.183060E+01,0.000000E+00,1.183060E+01,1.087105E+05,3.660650E+05,1.183060E+01,4.434252E+05,1.183060E+01,0.000000E+00,0.000000E+00
00:50:00,1.183060E+01,0.000000E+00,1.183060E+01,1.080745E+05,3.636969E+05,1.183060E+01,4.434252E+05,1.183060E+01,0.000000E+00,0.000000E+00
00:55:00,1.183060E+01,0.000000E+00,1.183060E+01,1.074385E+05,3.613342E+05,1.183060E+01,4.434252E+05,1.183060E+01,0.000000E+00,0.000000E+00
01:00:00,1.183060E+01,0.000000E+00,1.183060E+01,1.068025E+05,3.589768E+05,1.183060E+01,4.434252E+05,1.183060E+01,0.000000E+00,0.000000E+00
01:05:00,1.183060E+01,0.000000E+00,1.183060E+01,1.063785E+05,3.574081E+05,1.183060E+01,4.434252E+05,1.183060E+01,0.000000E+00,0.000000E+00
01:10:00,1.183060E+01,0.000000E+00,1.183060E+01,1.059545E+05,3.558418E+05,1.183060E+01,4.434252E+05,1.183060E+01,0.000000E+00,0.000000E+00
01:15:00,1.183060E+01,0.000000E+00,1.183060E+01,1.055305E+05,3.542778E+05,1.183060E+01,4.434252E+05,1.183060E+01,0.000000E+00,0.000000E+00
01:20:00,1.183060E+01,0.000000E+00,1.183060E+01,1.051064E+05,3.527161E+05,1.183060E+01,4.434252E+05,1.183060E+01,0.000000E+00,0.000000E+00
01:25:00,1.183060E+01,0.000000E+00,1.183060E+01,1.046824E+05,3.511568E+05,1.183060E+01,4.434252E+05,1.183060E+01,0.000000E+00,0.000000E+00
01:30:00,1.183060E+01,0.000000E+00,1.183060E+01,1.042584E+05,3.495998E+05,1.183060E+01,4.434252E+05,1.183060E+01,0.000000E+00,0.000000E+00
01:35:00,1.183060E+01,0.000000E+00,1.183060E+01,1.038344E+05,3.480452E+05,1.183060E+01,4.434252E+05,1.183060E+01,0.000000E+00,0.000000E+00
01:40:00,1.183060E+01,0.000000E+00,1.183060E+01,1.034104E+05,3.464928E+05,1.183060E+01,4.434252E+05,1.183060E+01,0.000000E+00,0.000000E+00
01:45:00,1.183060E+01,0.000000E+00,1.183060E+01,1.029864E+05,3.449428E+05,1.183060E+01,4.434252E+05,1.183060E+01,0.000000E+00,0.000000E+00
01:50:00,1.183060E+01,0.000000E+00,1.183060E+01,1.025624E+05,3.433951E+05,1.183060E+01,4.434252E+05,1.183060E+01,0.000000E+00,0.000000E+00
01:55:00,1.183060E+01,0.000000E+00,1.183060E+01,1.021384E+05,3.418496E+05,1.183060E+01,4.434252E+05,1.183060E+01,0.000000E+00,0.000000E+00
02:00:00,1.183060E+01,0.000000E+00,1.183060E+01,1.017144E+05,3.403065E+05,1.183060E+01,4.434252E+05,1.183060E+01,0.000000E+00,0.000000E+00
02:05:00,1.183060E+01,0.000000E+00,1.183060E+01,1.013964E+05,3.391507E+05,1.183060E+01,4.434252E+05,1.183060E+01,0.000000E+00,0.000000E+00
02:10:00,1.183060E+01,0.000000E+00,1.183060E+01,1.010784E+05,3.379962E+05,1.183060E+01,4.434252E+05,1.183060E+01,0.000000E+00,0.000000E+00
02:15:00,1.183060E+01,0.000000E+00,1.183060E+01,1.007604E+05,3.368429E+05,1.183060E+01,4.434252E+05,1.183060E+01,0.000000E+00,0.000000E+00
02:20:00,1.183060E+01,0.000000E+00,1.183060E+01,1.004424E+05,3.356910E+05,1.183060E+01,4.434252E+05,1.183060E+01,0.000000E+00,0.000000E+00
02:25:00,1.183060E+01,0.000000E+00,1.183060E+01,1.001244E+05,3.345403E+05,1.183060E+01,4.434252E+05,1.183060E+01,0.000000E+00,0.000000E+00
02:30:00,1.183060E+01,0.000000E+00,1.183060E+01,9.980634E+04,3.333909E+05,1.183060E+01,4.434252E+05,1.183060E+01,0.000000E+00,0.000000E+00
02:35:00,1.183060E+01,0.000000E+00,1.183060E+01,9.948834E+04,3.322428E+05,1.183060E+01,4.434252E+05,1.183060E+01,0.000000E+00,0.000000E+00
02:40:00,1.183060E+01,0.000000E+00,1.183060E+01,9.917033E+04,3.310959E+05,1.183060E+01,4.434252E+05,1.183060E+01,0.000000E+00,0.000000E+00
02:45:00,1.183060E+01,0.000000E+00,1.183060E+01,9.885233E+04,3.299504E+05,1.183060E+01,4.434252E+05,1.183060E+01,0.000000E+00,0.000000E+00
02:50:00,1.183060E+01,0.000000E+00,1.183060E+01,9.853432E+04,3.288061E+05,1.183060E+01,4.434252E+05,1.183060E+01,0.000000E+00,0.000000E+00
02:55:00,1.183060E+01,0.000000E+00,1.183060E+01,9.821631E+04,3.276631E+05,1.183060E+01,4.434252E+05,1.183060E+01,0.000000E+00,0.000000E+00
03:00:00,1.183060E+01,0.000000E+00,1.183060E+01,9.789831E+04,3.265214E+05,1.183060E+01,4.434252E+05,1.183060E+01,0.000000E+00,0.000000E+00
03:05:00,1.183060E+01,0.000000E+00,1.183060E+01,9.758030E+04,3.253809E+05,1.183060E+01,4.434252E+05,1.183060E+01,0.000000E+00,0.000000E+00
03:10:00,1.183060E+01,0.000000E+00,1.183060E+01,9.726230E+04,3.242418E+05,1.183060E+01,4.434252E+05,1.183060E+01,0.000000E+00,0.000000E+00
03:15:00,1.183060E+01,0.000000E+00,1.183060E+01,9.694429E+04,3.231038E+05,1.183060E+01,4.434252E+05,1.183060E+01,0.000000E+00,0.000000E+00
03:20:00,1.183060E+01,0.000000E+00,1.183060E+01,9.662628E+04,3.219672E+05,1.183060E+01,4.434252E+05,1.183060E+01,0.000000E+00,0.000000E+00
03:25:00,1.183060E+01,0.000000E+00,1.183060E+01,9.630828E+04,3.208318E+05,1.183060E+01,4.434252E+05,1.183060E+01,0.000000E+00,0.000000E+00
03:30:00,1.183060E+01,0.000000E+00,1.183060E+01,9.599027E+04,3.196977E+05,1.183060E+01,4.434252E+05,1.183060E+01,0.000000E+00,0.000000E+00
03:35:00,1.183060E+01,0.000000E+00,1.183060E+01,9.567227E+04,3.185648E+05,1.183060E+01,4.434252E+05,1.183060E+01,0.000000E+00,0.000000E+00
03:40:00,1.183060E+01,0.000000E+00,1.183060E+01,9.535426E+04,3.174332E+05,1.183060E+01,4.434252E+05,1.183060E+01,0.000000E+00,0.000000E+00
03:45:00,1.183060E+01,0.000000E+00,1.183060E+01,9.503625E+04,3.163028E+05,1.183060E+01,4.434252E+05,1.183060E+01,0.000000E+00,0.000000E+00
03:50:00,1.183060E+01,0.000000E+00,1.183060E+01,9.471825E+04,3.151737E+05,1.183060E+01,4.434252E+05,1.183060E+01,0.000000E+00,0.000000E+00
03:55:00,1.183060E+01,0.000000E+00,1.183060E+01,9.440024E+04,3.140459E+05,1.183060E+01,4.434252E+05,1.183060E+01,0.000000E+00,0.000000E+00
04:00:00,1.183060E+01,0.000000E+00,1.183060E+01,9.408224E+04,3.129193E+05,1.183060E+01,4.434252E+05,1.183060E+01,0.000000E+00,0.000000E+00
04:05:00,1.183060E+01,0.000000E+00,1.183060E+01,9.387023E+04,3.121689E+05,1.183060E+01,4.434252E+05,1.183060E+01,0.000000E+00,0.000000E+00
04:10:00,1.183060E+01,0.000000E+00,1.183060E+01,9.365823E+04,3.114191E+05,1.183060E+01,4.434252E+05,1.183060E+01,0.000000E+00,0.000000E+00
04:15:00,1.183060E+01,0.000000E+00,1.183060E+01,9.344622E+04,3.106698E+05,1.183060E+01,4.434252E+05,1.183060E+01,0.000000E+00,0.000000E+00
04:20:00,1.183060E+01,0.000000E+00,1.183060E+01,9.323422E+04,3.099211E+05,1.183060E+01,4.434252E+05,1.183060E+01,0.000000E+00,0.000000E+00
04:25:00,1.183060E+01,0.000000E+00,1.183060E+01,9.302222E+04,3.091730E+05,1.183060E+01,4.434252E+05,1.183060E+01,0.000000E+00,0.000000E+00
04:30:00,1.183060E+01,0.000000E+00,1.183060E+01,9.281021E+04,3.084254E+05,1.183060E+01,4.434252E+05,1.183060E+01,0.000000E+00,0.000000E+00
04:35:00,1.183060E+01,0.000000E+00,1.183060E+01,9.259821E+04,3.076783E+05,1.183060E+01,4.434252E+05,1.183060E+01,0.000000E+00,0.000000E+00
04:40:00,1.183060E+01,0.000000E+00,1.183060E+01,9.238620E+04,3.069318E+05,1.183060E+01,4.434252E+05,1.183060E+01,0.000000E+00,0.000000E+00
04:45:00,1.183060E+01,0.000000E+00,1.183060E+01,9.217420E+04,3.061859E+05,1.183060E+01,4.434252E+05,1.183060E+01,0.000000E+00,0.000000E+00
04:50:00,1.183060E+01,0.000000E+00,1.183060E+01,9.196220E+04,3.054405E+05,1.183060E+01,4.434252E+05,1.183060E+01,0.000000E+00,0.000000E+00
04:55:00,1.183060E+01,0.000000E+00,1.183060E+01,9.175019E+04,3.046956E+05,1.183060E+01,4.434252E+05,1.183060E+01,0.000000E+00,0.000000E+00
05:00:00,1.183060E+01,0.000000E+00,1.183060E+01,9.153819E+04,3.039513E+05,1.183060E+01,4.434252E+05,1.183060E+01,0.000000E+00,0.000000E+00
05:05:00,1.183060E+01,0.000000E+00,1.183060E+01,9.175019E+04,3.046956E+05,1.183060E+01,4.434252E+05,1.183060E+01,0.000000E+00,0.000000E+00
05:10:00,1.183060E+01,0.000000E+00,1.183060E+01,9.196220E+04,3.054405E+05,1.183060E+01,4.434252E+05,1.183060E+01,0.000000E+00,0.000000E+00
05:15:00,1.183060E+01,0.000000E+00,1.183060E+01,9.217420E+04,3.061859E+05,1.183060E+01,4.434252E+05,1.183060E+01,0.000000E+00,0.000000E+00
05:20:00,1.183060E+01,0.000000E+00,1.183060E+01,9.238620E+04,3.069318E+05,1.183060E+01,4.434252E+05,1.183060E+01,0.000000E+00,0.000000E+00
05:25:00,1.183060E+01,0.000000E+00,1.183060E+01,9.259821E+04,3.076783E+05,1.183060E+01,4.434252E+05,1.183060E+01,0.000000E+00,0.000000E+00
05:30:00,1.183060E+01,0.000000E+00,1.183060E+01,9.281021E+04,3.084254E+05,1.183060E+01,4.434252E+05,1.183060E+01,0.000000E+00,0.000000E+00
05:35:00,1.183060E+01,0.000000E+00,1.183060E+01,9.302222E+04,3.091730E+05,1.183060E+01,4.434252E+05,1.183060E+01,0.000000E+00,0.000000E+00
05:40:00,1.183060E+01,0.000000E+00,1.183060E+01,9.323422E+04,3.099211E+05,1.183060E+01,4.434252E+05,1.183060E+01,0.000000E+00,0.000000E+00
05:45:00,1.183060E+01,0.000000E+00,1.183060E+01,9.344622E+04,3.106698E+05,1.183060E+01,4.434252E+05,1.183060E+01,0.000000E+00,0.000000E+00
05:50:00,1.183060E+01,0.000000E+00,1.183060E+01,9.365823E+04,3.114191E+05,1.183060E+01,4.434252E+05,1.183060E+01,0.000000E+00,0.000000E+00
05:55:00,1.183060E+01,0.000000E+00,1.183060E+01,9.387023E+04,3.121689E+05,1.183060E+01,4.434252E+05,1.183060E+01,0.000000E+00,0.000000E+00
06:00:00,1.183060E+01,0.000000E+00,1.183060E+01,9.408224E+04,3.129193E+05,1.183060E+01,4.434252E+05,1.183060E+01,0.000000E+00,0.000000E+00
06:05:00,1.183060E+01,0.000000E+00,1.183060E+01,9.482425E+04,3.155499E+05,1.183060E+01,4.434252E+05,1.183060E+01,0.000000E+00,0.000000E+00
06:10:00,1.183060E+01,0.000000E+00,1.183060E+01,9.556626E+04,3.181874E+05,1.183060E+01,4.434252E+05,1.183060E+01,0.000000E+00,0.000000E+00
06:15:00,1.183060E+01,0.000000E+00,1.183060E+01,9.630828E+04,3.208318E+05,1.183060E+01,4.434252E+05,1.183060E+01,0.000000E+00,0.000000E+00
06:20:00,1.183060E+01,0.000000E+00,1.319607E+01,1.200578E+05,3.541759E+05,1.183060E+01,4.434252E+05,1.183060E+01,0.000000E+00,0.000000E+00
06:25:00,1.183060E+01,0.000000E+00,1.498561E+01,1.453436E+05,3.898528E+05,1.183060E+01,4.434252E+05,1.183060E+01,0.000000E+00,0.000000E+00
06:30:00,1.183060E+01,0.000000E+00,1.674533E+01,1.641285E+05,4.174357E+05,1.183060E+01,4.434252E+05,1.183060E+01,0.000000E+00,0.000000E+00
06:35:00,1.183060E+01,0.000000E+00,1.368214E+01,1.238944E+05,3.641785E+05,1.183060E+01,4.434252E+05,1.183060E+01,0.000000E+00,0.000000E+00
06:40:00,1.183060E+01,0.000000E+00,1.350843E+01,1.223698E+05,3.633600E+05,1.183060E+01,4.434252E+05,1.183060E+01,0.000000E+00,0.000000E+00
06:45:00,1.183060E+01,0.000000E+00,1.341802E+01,1.219310E+05,3.641096E+05,1.183060E+01,4.434252E+05,1.183060E+01,0.000000E+00,0.000000E+00
06:50:00,1.183060E+01,0.000000E+00,1.334626E+01,1.217341E+05,3.652695E+05,1.183060E+01,4.434252E+05,1.183060E+01,0.000000E+00,0.000000E+00
06:55:00,1.183060E+01,0.000000E+00,1.329117E+01,1.217544E+05,3.667824E+05,1.183060E+01,4.434252E+05,1.183060E+01,0.000000E+00,0.000000E+00
07:00:00,1.183060E+01,0.000000E+00,1.324825E+01,1.219336E+05,3.685557E+05,1.183060E+01,4.434252E+05,1.183060E+01,0.000000E+00,0.000000E+00
07:05:00,1.183060E+01,0.000000E+00,1.334229E+01,1.249718E+05,3.764971E+05,1.183060E+01,4.434252E+05,1.183060E+01,0.000000E+00,0.000000E+00
07:10:00,1.183060E+01,0.000000E+00,1.345382E+01,1.282364E+05,3.847321E+05,1.183060E+01,4.434252E+05,1.183060E+01,0.000000E+00,0.000000E+00
07:15:00,1.183060E+01,0.000000E+00,1.357711E+01,1.316506E+05,3.931942E+05,1.183060E+01,4.434252E+05,1.183060E+01,0.000000E+00,0.000000E+00
07:20:00,1.183060E+01,0.000000E+00,1.371066E+01,1.351938E+05,4.018582E+05,1.183060E+01,4.434252E+05,1.183060E+01,0.000000E+00,0.000000E+00
07:25:00,1.183060E+01,0.000000E+00,1.385344E+01,1.388513E+05,4.107059E+05,1.183060E+01,4.434252E+05,1.183060E+01,0.000000E+00,0.000000E+00
07:30:00,1.183060E+01,0.000000E+00,1.400477E+01,1.426132E+05,4.197254E+05,1.183060E+01,4.434252E+05,1.183060E+01,0.000000E+00,0.000000E+00
07:35:00,1.183060E+01,0.000000E+00,1.403692E+01,1.448317E+05,4.269444E+05,1.183060E+01,4.434252E+05,1.183060E+01,0.000000E+00,0.000000E+00
07:40:00,1.183060E+01,0.000000E+00,1.406903E+01,1.470493E+05,4.342233E+05,1.183060E+01,4.434252E+05,1.183060E+01,0.000000E+00,0.000000E+00
07:45:00,1.183060E+01,0.000000E+00,1.410430E+01,1.493076E+05,4.416094E+05,1.183060E+01,4.434252E+05,1.183060E+01,0.000000E+00,0.000000E+00
07:50:00,1.183060E+01,0.000000E+00,1.414254E+01,1.516038E+05,4.490979E+05,1.183060E+01,4.434252E+05,1.183060E+01,0.000000E+00,0.000000E+00
07:55:00,1.183060E+01,0.000000E+00,1.418391E+01,1.539402E+05,4.566901E+05,1.183060E+01,4.434252E+05,1.183060E+01,0.000000E+00,0.000000E+00
08:00:00,1.183060E+01,0.000000E+00,1.422826E+01,1.563144E+05,4.643821E+05,1.183060E+01,4.434252E+05,1.183060E+01,0.000000E+00,0.000000E+00
08:05:00,1.183060E+01,0.000000E+00,1.439804E+01,1.605164E+05,4.748753E+05,1.183060E+01,4.434252E+05,1.183060E+01,0.000000E+00,0.000000E+00
08:10:00,1.183060E+01,0.000000E+00,1.457680E+01,1.648265E+05,4.827242E+05,1.183060E+01,4.434252E+05,1.183060E+01,0.000000E+00,0.000000E+00
08:15:00,1.183060E+01,0.000000E+00,1.476071E+01,1.691947E+05,4.874957E+05,1.183060E+01,4.434252E+05,1.183060E+01,0.000000E+00,0.000000E+00
08:20:00,1.183060E+01,0.000000E+00,1.494941E+01,1.736156E+05,4.923276E+05,1.183060E+01,4.434252E+05,1.183060E+01,0.000000E+00,0.000000E+00
08:25:00,1.183060E+01,0.000000E+00,1.514227E+01,1.780808E+05,4.972100E+05,1.183060E+01,4.434252E+05,1.183060E+01,0.000000E+00,0.000000E+00
08:30:00,1.183060E+01,0.000000E+00,1.533874E+01,1.825830E+05,5.021344E+05,1.183060E+01,4.434252E+05,1.183060E+01,0.000000E+00,0.000000E+00
08:35:00,1.183060E+01,0.000000E+00,1.541602E+01,1.855751E+05,5.052921E+05,1.183060E+01,4.434252E+05,1.183060E+01,0.000000E+00,0.000000E+00
08:40:00,1.183060E+01,0.000000E+00,1.548789E+01,1.884979E+05,5.083718E+05,1.183060E+01,4.434252E+05,1.183060E+01,0.000000E+00,0.000000E+00
08:45:00,1.183060E+01,0.000000E+00,1.555869E+01,1.914063E+05,5.114375E+05,1.183060E+01,4.434252E+05,1.183060E+01,0.000000E+00,0.000000E+00
08:50:00,1.183060E+01,0.000000E+00,1.562855E+01,1.943017E+05,5.144905E+05,1.183060E+01,4.434252E+05,1.183060E+01,0.000000E+00,0.000000E+00
08:55:00,1.183060E+01,0.000000E+00,1.569759E+01,1.971862E+05,5.175325E+05,1.183060E+01,4.434252E+05,1.183060E+01,0.000000E+00,0.000000E+00
09:00:00,1.183060E+01,0.000000E+00,1.576587E+01,2.000601E+05,5.205642E+05,1.183060E+01,4.434252E+05,1.183060E+01,0.000000E+00,0.000000E+00
09:05:00,1.183060E+01,0.000000E+00,1.573981E+01,2.015346E+05,5.219992E+05,1.183060E+01,4.434252E+05,1.183060E+01,0.000000E+00,0.000000E+00
09:10:00,1.183060E+01,0.000000E+00,1.570555E+01,2.029056E+05,5.233545E+05,1.183060E+01,4.434252E+05,1.183060E+01,0.000000E+00,0.000000E+00
09:15:00,1.183060E+01,0.000000E+00,1.566723E+01,2.042250E+05,5.246503E+05,1.183060E+01,4.434252E+05,1.183060E+01,0.000000E+00,0.000000E+00
09:20:00,1.183060E+01,0.000000E+00,1.562535E+01,2.054991E+05,5.258923E+05,1.183060E+01,4.434252E+05,1.183060E+01,0.000000E+00,0.000000E+00
09:25:00,1.183060E+01,0.000000E+00,1.558012E+01,2.067303E+05,5.270835E+05,1.183060E+01,4.434252E+05,1.183060E+01,0.000000E+00,0.000000E+00
09:30:00,1.183060E+01,0.000000E+00,1.553173E+01,2.079209E+05,5.282270E+05,1.183060E+01,4.434252E+05,1.183060E+01,0.000000E+00,0.000000E+00
09:35:00,1.183060E+01,0.000000E+00,1.557384E+01,2.102547E+05,5.306941E+05,1.183060E+01,4.434252E+05,1.183060E+01,0.000000E+00,0.000000E+00
09:40:00,1.183060E+01,0.000000E+00,1.562039E+01,2.126440E+05,5.332244E+05,1.183060E+01,4.434252E+05,1.183060E+01,0.000000E+00,0.000000E+00
09:45:00,1.183060E+01,0.000000E+00,1.566720E+01,2.150362E+05,5.357566E+05,1.183060E+01,4.434252E+05,1.183060E+01,0.000000E+00,0.000000E+00
09:50:00,1.183060E+01,0.000000E+00,1.571374E+01,2.174246E+05,5.382834E+05,1.183060E+01,4.434252E+05,1.183060E+01,0.000000E+00,0.000000E+00
09:55:00,1.183060E+01,0.000000E+00,1.575972E+01,2.198057E+05,5.408007E+05,1.183060E+01,4.434252E+05,1.183060E+01,0.000000E+00,0.000000E+00
10:00:00,1.183060E+01,0.000000E+00,1.580488E+01,2.221761E+05,5.433048E+05,1.183060E+01,4.434252E+05,1.183060E+01,0.000000E+00,0.000000E+00
10:05:00,1.183060E+01,0.000000E+00,1.582705E+01,2.240449E+05,5.452543E+05,1.183060E+01,4.434252E+05,1.183060E+01,0.000000E+00,0.000000E+00
10:10:00,1.183060E+01,0.000000E+00,1.584630E+01,2.258770E+05,5.471696E+05,1.183060E+01,4.434252E+05,1.183060E+01,0.000000E+00,0.000000E+00
10:15:00,1.183060E+01,0.000000E+00,1.586332E+01,2.276810E+05,5.490520E+05,1.183060E+01,4.434252E+05,1.183060E+01,0.000000E+00,0.000000E+00
10:20:00,1.183060E+01,0.000000E+00,1.587807E+01,2.294565E+05,5.509004E+05,1.183060E+01,4.434252E+05,1.183060E+01,0.000000E+00,0.000000E+00
10:25:00,1.183060E+01,0.000000E+00,1.589055E+01,2.312034E+05,5.527154E+05,1.183060E+01,4.434252E+05,1.183060E+01,0.000000E+00,0.000000E+00
10:30:00,1.183060E+01,0.000000E+00,1.590075E+01,2.329216E+05,5.544968E+05,1.183060E+01,4.434252E+05,1.183060E+01,0.000000E+00,0.000000E+00
10:35:00,1.183060E+01,0.000000E+00,1.593068E+01,2.348877E+05,5.565639E+05,1.183060E+01,4.434252E+05,1.183060E+01,0.000000E+00,0.000000E+00
10:40:00,1.183060E+01,0.000000E+00,1.596014E+01,2.368477E+05,5.586239E+05,1.183060E+01,4.434252E+05,1.183060E+01,0.000000E+00,0.000000E+00
10:45:00,1.183060E+01,0.000000E+00,1.598838E+01,2.387922E+05,5.606656E+05,1.183060E+01,4.434252E+05,1.183060E+01,0.000000E+00,0.000000E+00
10:50:00,1.183060E+01,0.000000E+00,1.601541E+01,2.407214E+05,5.626897E+05,1.183060E+01,4.434252E+05,1.183060E+01,0.000000E+00,0.000000E+00
10:55:00,1.183060E+01,0.000000E+00,1.604126E+01,2.426357E+05,5.646965E+05,1.183060E+01,4.434252E+05,1.183060E+01,0.000000E+00,0.000000E+00
11:00:00,1.183060E+01,0.000000E+00,1.606602E+01,2.445363E+05,5.666875E+05,1.183060E+01,4.434252E+05,1.183060E+01,0.000000E+00,0.000000E+00
11:05:00,1.183060E+01,0.000000E+00,1.611043E+01,2.461531E+05,5.684138E+05,1.183060E+01,4.434252E+05,1.183060E+01,0.000000E+00,0.000000E+00
11:10:00,1.183060E+01,0.000000E+00,1.615452E+01,2.477655E+05,5.701265E+05,1.183060E+01,4.434252E+05,1.183060E+01,0.000000E+00,0.000000E+00
11:15:00,1.183060E+01,0.000000E+00,1.619749E+01,2.493636E+05,5.718234E+05,1.183060E+01,4.434252E+05,1.183060E+01,0.000000E+00,0.000000E+00
11:20:00,1.183060E+01,0.000000E+00,1.623949E+01,2.509492E+05,5.735075E+05,1.183060E+01,4.434252E+05,1.183060E+01,0.000000E+00,0.000000E+00
11:25:00,1.183060E+01,0.000000E+00,1.628074E+01,2.525250E+05,5.751814E+05,1.183060E+01,4.434252E+05,1.183060E+01,0.000000E+00,0.000000E+00
11:30:00,1.183060E+01,0.000000E+00,1.632146E+01,2.540940E+05,5.768481E+05,1.183060E+01,4.434252E+05,1.183060E+01,0.000000E+00,0.000000E+00
11:35:00,1.183060E+01,0.000000E+00,1.634129E+01,2.554019E+05,5.782153E+05,1.183060E+01,4.434252E+05,1.183060E+01,0.000000E+00,0.000000E+00
11:40:00,1.183060E+01,0.000000E+00,1.636069E+01,2.567043E+05,5.795766E+05,1.183060E+01,4.434252E+05,1.183060E+01,0.000000E+00,0.000000E+00
11:45:00,1.183060E+01,0.000000E+00,1.638099E+01,2.580179E+05,5.809512E+05,1.183060E+01,4.434252E+05,1.183060E+01,0.000000E+00,0.000000E+00
11:50:00,1.183060E+01,0.000000E+00,1.640287E+01,2.593511E+05,5.823486E+05,1.183060E+01,4.434252E+05,1.183060E+01,0.000000E+00,0.000000E+00
11:55:00,1.183060E+01,0.000000E+00,1.642673E+01,2.607090E+05,5.837741E+05,1.183060E+01,4.434252E+05,1.183060E+01,0.000000E+00,0.000000E+00
12:00:00,1.183060E+01,0.000000E+00,1.645327E+01,2.621003E+05,5.852378E+05,1.183060E+01,4.434252E+05,1.183060E+01,0.000000E+00,0.000000E+00
12:05:00,1.183060E+01,0.000000E+00,1.653705E+01,2.639939E+05,5.873021E+05,1.183060E+01,4.434252E+05,1.183060E+01,0.000000E+00,0.000000E+00
12:10:00,1.183060E+01,0.000000E+00,1.662805E+01,2.659764E+05,5.894428E+05,1.183060E+01,4.434252E+05,1.183060E+01,0.000000E+00,0.000000E+00
12:15:00,1.183060E+01,0.000000E+00,1.672453E+01,2.680253E+05,5.916600E+05,1.183060E+01,4.434252E+05,1.183060E+01,0.000000E+00,0.000000E+00
12:20:00,1.183060E+01,0.000000E+00,1.682621E+01,2.701374E+05,5.939501E+05,1.183060E+01,4.434252E+05,1.183060E+01,0.000000E+00,0.000000E+00
12:25:00,1.183060E+01,0.000000E+00,1.693299E+01,2.723109E+05,5.963106E+05,1.183060E+01,4.434252E+05,1.183060E+01,0.000000E+00,0.000000E+00
12:30:00,1.183060E+01,0.000000E+00,1.704440E+01,2.745398E+05,5.987344E+05,1.183060E+01,4.434252E+05,1.183060E+01,0.000000E+00,0.000000E+00
12:35:00,1.183060E+01,0.000000E+00,1.710597E+01,2.761507E+05,6.004492E+05,1.183060E+01,4.434252E+05,1.183060E+01,0.000000E+00,0.000000E+00
12:40:00,1.183060E+01,0.000000E+00,1.716768E+01,2.777629E+05,6.021654E+05,1.183060E+01,4.434252E+05,1.183060E+01,0.000000E+00,0.000000E+00
12:45:00,1.183060E+01,0.000000E+00,1.723115E+01,2.793964E+05,6.039057E+05,1.183060E+01,4.434252E+05,1.183060E+01,0.000000E+00,0.000000E+00
12:50:00,1.183060E+01,0.000000E+00,1.729615E+01,2.810482E+05,6.056663E+05,1.183060E+01,4.434252E+05,1.183060E+01,0.000000E+00,0.000000E+00
12:55:00,1.183060E+01,0.000000E+00,1.736244E+01,2.827155E+05,6.074441E+05,1.183060E+01,4.434252E+05,1.183060E+01,0.000000E+00,0.000000E+00
13:00:00,1.183060E+01,0.000000E+00,1.742977E+01,2.843950E+05,6.092353E+05,1.183060E+01,4.434252E+05,1.183060E+01,0.000000E+00,0.000000E+00
13:05:00,1.183060E+01,0.000000E+00,1.746130E+01,2.853141E+05,6.101912E+05,1.183060E+01,4.434252E+05,1.183060E+01,0.000000E+00,0.000000E+00
13:10:00,1.183060E+01,0.000000E+00,1.749035E+01,2.862025E+05,6.111303E+05,1.183060E+01,4.434252E+05,1.183060E+01,0.000000E+00,0.000000E+00
13:15:00,1.183060E+01,0.000000E+00,1.751812E+01,2.870750E+05,6.120496E+05,1.183060E+01,4.434252E+05,1.183060E+01,0.000000E+00,0.000000E+00
13:20:00,1.183060E+01,0.000000E+00,1.754455E+01,2.879311E+05,6.129482E+05,1.183060E+01,4.434252E+05,1.183060E+01,0.000000E+00,0.000000E+00
13:25:00,1.183060E+01,0.000000E+00,1.756954E+01,2.887693E+05,6.138247E+05,1.183060E+01,4.434252E+05,1.183060E+01,0.000000E+00,0.000000E+00
13:30:00,1.183060E+01,0.000000E+00,1.759297E+01,2.895884E+05,6.146779E+05,1.183060E+01,4.434252E+05,1.183060E+01,0.000000E+00,0.000000E+00
13:35:00,1.183060E+01,0.000000E+00,1.765135E+01,2.908377E+05,6.160208E+05,1.183060E+01,4.434252E+05,1.183060E+01,0.000000E+00,0.000000E+00
13:40:00,1.183060E+01,0.000000E+00,1.771097E+01,2.921019E+05,6.173794E+05,1.183060E+01,4.434252E+05,1.183060E+01,0.000000E+00,0.000000E+00
13:45:00,1.183060E+01,0.000000E+00,1.777030E+01,2.933621E+05,6.187323E+05,1.183060E+01,4.434252E+05,1.183060E+01,0.000000E+00,0.000000E+00
13:50:00,1.183060E+01,0.000000E+00,1.782903E+01,2.946144E+05,6.200756E+05,1.183060E+01,4.434252E+05,1.183060E+01,0.000000E+00,0.000000E+00
13:55:00,1.183060E+01,0.000000E+00,1.788694E+01,2.958564E+05,6.214062E+05,1.183060E+01,4.434252E+05,1.183060E+01,0.000000E+00,0.000000E+00
14:00:00,1.183060E+01,0.000000E+00,1.794382E+01,2.970853E+05,6.227213E+05,1.183060E+01,4.434252E+05,1.183060E+01,0.000000E+00,0.000000E+00
14:05:00,1.183060E+01,0.000000E+00,1.795895E+01,2.972710E+05,6.229037E+05,1.183060E+01,4.434252E+05,1.183060E+01,0.000000E+00,0.000000E+00
14:10:00,1.183060E+01,0.000000E+00,1.796903E+01,2.973948E+05,6.230369E+05,1.183060E+01,4.434252E+05,1.183060E+01,0.000000E+00,0.000000E+00
14:15:00,1.183060E+01,0.000000E+00,1.797547E+01,2.974740E+05,6.231183E+05,1.183060E+01,4.434252E+05,1.183060E+01,0.000000E+00,0.000000E+00
14:20:00,1.183060E+01,0.000000E+00,1.797833E+01,2.975091E+05,6.231477E+05,1.183060E+01,4.434252E+05,1.183060E+01,0.000000E+00,0.000000E+00
14:25:00,1.183060E+01,0.000000E+00,1.797761E+01,2.975003E+05,6.231258E+05,1.183060E+01,4.434252E+05,1.183060E+01,0.000000E+00,0.000000E+00
14:30:00,1.183060E+01,0.000000E+00,1.797305E+01,2.974443E+05,6.230492E+05,1.183060E+01,4.434252E+05,1.183060E+01,0.000000E+00,0.000000E+00
14:35:00,1.183060E+01,0.000000E+00,1.800532E+01,2.978405E+05,6.234869E+05,1.183060E+01,4.434252E+05,1.183060E+01,0.000000E+00,0.000000E+00
14:40:00,1.183060E+01,0.000000E+00,1.803761E+01,2.982368E+05,6.239243E+05,1.183060E+01,4.434252E+05,1.183060E+01,0.000000E+00,0.000000E+00
14:45:00,1.183060E+01,0.000000E+00,1.806835E+01,2.986141E+05,6.243396E+05,1.183060E+01,4.434252E+05,1.183060E+01,0.000000E+00,0.000000E+00
14:50:00,1.183060E+01,0.000000E+00,1.809737E+01,2.989700E+05,6.247307E+05,1.183060E+01,4.434252E+05,1.183060E+01,0.000000E+00,0.000000E+00
14:55:00,1.183060E+01,0.000000E+00,1.812529E+01,2.993125E+05,6.251064E+05,1.183060E+01,4.434252E+05,1.183060E+01,0.000000E+00,0.000000E+00
15:00:00,1.183060E+01,0.000000E+00,1.815178E+01,2.996373E+05,6.254620E+05,1.183060E+01,4.434252E+05,1.183060E+01,0.000000E+00,0.000000E+00
15:05:00,1.183060E+01,0.000000E+00,1.817540E+01,2.992908E+05,6.251204E+05,1.183060E+01,4.434252E+05,1.183060E+01,0.000000E+00,0.000000E+00
15:10:00,1.183060E+01,0.000000E+00,1.819593E+01,2.989065E+05,6.247367E+05,1.183060E+01,4.434252E+05,1.183060E+01,0.000000E+00,0.000000E+00
15:15:00,1.183060E+01,0.000000E+00,1.821329E+01,2.984832E+05,6.243103E+05,1.183060E+01,4.434252E+05,1.183060E+01,0.000000E+00,0.000000E+00
15:20:00,1.183060E+01,0.000000E+00,1.822742E+01,2.980203E+05,6.238400E+05,1.183060E+01,4.434252E+05,1.183060E+01,0.000000E+00,0.000000E+00
15:25:00,1.183060E+01,0.000000E+00,1.823752E+01,2.975080E+05,6.233149E+05,1.183060E+01,4.434252E+05,1.183060E+01,0.000000E+00,0.000000E+00
15:30:00,1.183060E+01,0.000000E+00,1.824406E+01,2.969522E+05,6.227416E+05,1.183060E+01,4.434252E+05,1.183060E+01,0.000000E+00,0.000000E+00
15:35:00,1.183060E+01,0.000000E+00,1.824831E+01,2.963682E+05,6.221372E+05,1.183060E+01,4.434252E+05,1.183060E+01,0.000000E+00,0.000000E+00
15:40:00,1.183060E+01,0.000000E+00,1.825035E+01,2.957572E+05,6.215036E+05,1.183060E+01,4.434252E+05,1.183060E+01,0.000000E+00,0.000000E+00
15:45:00,1.183060E+01,0.000000E+00,1.825021E+01,2.951195E+05,6.208407E+05,1.183060E+01,4.434252E+05,1.183060E+01,0.000000E+00,0.000000E+00
15:50:00,1.183060E+01,0.000000E+00,1.824802E+01,2.944567E+05,6.201507E+05,1.183060E+01,4.434252E+05,1.183060E+01,0.000000E+00,0.000000E+00
15:55:00,1.183060E+01,0.000000E+00,1.824390E+01,2.937702E+05,6.194347E+05,1.183060E+01,4.434252E+05,1.183060E+01,0.000000E+00,0.000000E+00
16:00:00,1.183060E+01,0.000000E+00,1.823791E+01,2.930608E+05,6.186938E+05,1.183060E+01,4.434252E+05,1.183060E+01,0.000000E+00,0.000000E+00
16:05:00,1.183060E+01,0.000000E+00,1.826203E+01,2.925084E+05,6.181545E+05,1.183060E+01,4.434252E+05,1.183060E+01,0.000000E+00,0.000000E+00
16:10:00,1.183060E+01,0.000000E+00,1.828640E+01,2.919588E+05,6.176022E+05,1.183060E+01,4.434252E+05,1.183060E+01,0.000000E+00,0.000000E+00
16:15:00,1.183060E+01,0.000000E+00,1.830981E+01,2.913975E+05,6.170394E+05,1.183060E+01,4.434252E+05,1.183060E+01,0.000000E+00,0.000000E+00
16:20:00,1.183060E+01,0.000000E+00,1.832971E+01,2.907931E+05,6.164309E+05,1.183060E+01,4.434252E+05,1.183060E+01,0.000000E+00,0.000000E+00
16:25:00,1.183060E+01,0.000000E+00,1.834826E+01,2.901721E+05,6.158077E+05,1.183060E+01,4.434252E+05,1.183060E+01,0.000000E+00,0.000000E+00
16:30:00,1.183060E+01,0.000000E+00,1.836600E+01,2.895410E+05,6.151756E+05,1.183060E+01,4.434252E+05,1.183060E+01,0.000000E+00,0.000000E+00
16:35:00,1.183060E+01,0.000000E+00,1.835110E+01,2.885107E+05,6.140915E+05,1.183060E+01,4.434252E+05,1.183060E+01,0.000000E+00,0.000000E+00
16:40:00,1.183060E+01,0.000000E+00,1.833374E+01,2.874502E+05,6.129746E+05,1.183060E+01,4.434252E+05,1.183060E+01,0.000000E+00,0.000000E+00
16:45:00,1.183060E+01,0.000000E+00,1.831515E+01,2.863747E+05,6.118422E+05,1.183060E+01,4.434252E+05,1.183060E+01,0.000000E+00,0.000000E+00
16:50:00,1.183060E+01,0.000000E+00,1.829782E+01,2.853145E+05,6.107287E+05,1.183060E+01,4.434252E+05,1.183060E+01,0.000000E+00,0.000000E+00
16:55:00,1.183060E+01,0.000000E+00,1.827948E+01,2.842420E+05,6.096022E+05,1.183060E+01,4.434252E+05,1.183060E+01,0.000000E+00,0.000000E+00
17:00:00,1.183060E+01,0.000000E+00,1.825942E+01,2.831482E+05,6.084528E+05,1.183060E+01,4.434252E+05,1.183060E+01,0.000000E+00,0.000000E+00
17:05:00,1.183060E+01,0.000000E+00,1.829444E+01,2.825173E+05,6.078534E+05,1.183060E+01,4.434252E+05,1.183060E+01,0.000000E+00,0.000000E+00
17:10:00,1.183060E+01,0.000000E+00,1.833046E+01,2.818985E+05,6.072383E+05,1.183060E+01,4.434252E+05,1.183060E+01,0.000000E+00,0.000000E+00
17:15:00,1.183060E+01,0.000000E+00,1.836481E+01,2.812588E+05,6.066041E+05,1.183060E+01,4.434252E+05,1.183060E+01,0.000000E+00,0.000000E+00
17:20:00,1.183060E+01,0.000000E+00,1.839642E+01,2.805855E+05,6.059372E+05,1.183060E+01,4.434252E+05,1.183060E+01,0.000000E+00,0.000000E+00
17:25:00,1.183060E+01,0.000000E+00,1.842475E+01,2.798718E+05,6.052301E+05,1.183060E+01,4.434252E+05,1.183060E+01,0.000000E+00,0.000000E+00
17:30:00,1.183060E+01,0.000000E+00,1.844916E+01,2.791101E+05,6.044732E+05,1.183060E+01,4.434252E+05,1.183060E+01,0.000000E+00,0.000000E+00
17:35:00,1.183060E+01,0.000000E+00,1.841189E+01,2.775943E+05,6.028633E+05,1.183060E+01,4.434252E+05,1.183060E+01,0.000000E+00,0.000000E+00
17:40:00,1.183060E+01,0.000000E+00,1.836570E+01,2.759692E+05,6.011338E+05,1.183060E+01,4.434252E+05,1.183060E+01,0.000000E+00,0.000000E+00
17:45:00,1.183060E+01,0.000000E+00,1.831233E+01,2.742562E+05,5.993083E+05,1.183060E+01,4.434252E+05,1.183060E+01,0.000000E+00,0.000000E+00
17:50:00,1.183060E+01,0.000000E+00,1.825156E+01,2.724521E+05,5.973836E+05,1.183060E+01,4.434252E+05,1.183060E+01,0.000000E+00,0.000000E+00
17:55:00,1.183060E+01,0.000000E+00,1.818312E+01,2.705536E+05,5.953554E+05,1.183060E+01,4.434252E+05,1.183060E+01,0.000000E+00,0.000000E+00
18:00:00,1.183060E+01,0.000000E+00,1.810622E+01,2.685510E+05,5.932125E+05,1.183060E+01,4.434252E+05,1.183060E+01,0.000000E+00,0.000000E+00
18:05:00,1.183060E+01,0.000000E+00,1.783887E+01,2.636859E+05,5.878687E+05,1.183060E+01,4.434252E+05,1.183060E+01,0.000000E+00,0.000000E+00
18:10:00,1.183060E+01,0.000000E+00,1.754896E+01,2.585321E+05,5.822872E+05,1.183060E+01,4.434252E+05,1.183060E+01,0.000000E+00,0.000000E+00
18:15:00,1.183060E+01,0.000000E+00,1.724274E+01,2.531630E+05,5.764469E+05,1.183060E+01,4.434252E+05,1.183060E+01,0.000000E+00,0.000000E+00
18:20:00,1.183060E+01,0.000000E+00,1.692045E+01,2.475789E+05,5.703459E+05,1.183060E+01,4.434252E+05,1.183060E+01,0.000000E+00,0.000000E+00
18:25:00,1.183060E+01,0.000000E+00,1.658174E+01,2.417722E+05,5.639774E+05,1.183060E+01,4.434252E+05,1.183060E+01,0.000000E+00,0.000000E+00
18:30:00,1.183060E+01,0.000000E+00,1.622612E+01,2.357337E+05,5.573314E+05,1.183060E+01,4.434252E+05,1.183060E+01,0.000000E+00,0.000000E+00
18:35:00,1.183060E+01,0.000000E+00,1.602988E+01,2.316854E+05,5.529539E+05,1.183060E+01,4.434252E+05,1.183060E+01,0.000000E+00,0.000000E+00
18:40:00,1.183060E+01,0.000000E+00,1.582883E+01,2.275705E+05,5.484962E+05,1.183060E+01,4.434252E+05,1.183060E+01,0.000000E+00,0.000000E+00
18:45:00,1.183060E+01,0.000000E+00,1.561773E+01,2.233219E+05,5.438792E+05,1.183060E+01,4.434252E+05,1.183060E+01,0.000000E+00,0.000000E+00
18:50:00,1.183060E+01,0.000000E+00,1.539578E+01,2.189282E+05,5.390892E+05,1.183060E+01,4.434252E+05,1.183060E+01,0.000000E+00,0.000000E+00
18:55:00,1.183060E+01,0.000000E+00,1.516424E+01,2.144037E+05,5.341420E+05,1.183060E+01,4.434252E+05,1.183060E+01,0.000000E+00,0.000000E+00
19:00:00,1.183060E+01,0.000000E+00,1.492843E+01,2.098144E+05,5.291134E+05,1.183060E+01,4.434252E+05,1.183060E+01,0.000000E+00,0.000000E+00
19:05:00,1.183060E+01,0.000000E+00,1.467358E+01,2.053951E+05,5.242218E+05,1.183060E+01,4.434252E+05,1.183060E+01,0.000000E+00,0.000000E+00
19:10:00,1.183060E+01,0.000000E+00,1.443088E+01,2.011174E+05,5.194904E+05,1.183060E+01,4.434252E+05,1.183060E+01,0.000000E+00,0.000000E+00
19:15:00,1.183060E+01,0.000000E+00,1.420501E+01,1.970434E+05,5.149809E+05,1.183060E+01,4.434252E+05,1.183060E+01,0.000000E+00,0.000000E+00
19:20:00,1.183060E+01,0.000000E+00,1.399999E+01,1.932271E+05,5.107572E+05,1.183060E+01,4.434252E+05,1.183060E+01,0.000000E+00,0.000000E+00
19:25:00,1.183060E+01,0.000000E+00,1.381722E+01,1.896900E+05,5.068461E+05,1.183060E+01,4.434252E+05,1.183060E+01,0.000000E+00,0.000000E+00
19:30:00,1.183060E+01,0.000000E+00,1.365472E+01,1.864087E+05,5.032224E+05,1.183060E+01,4.434252E+05,1.183060E+01,0.000000E+00,0.000000E+00
19:35:00,1.183060E+01,0.000000E+00,1.353478E+01,1.836776E+05,5.002305E+05,1.183060E+01,4.434252E+05,1.183060E+01,0.000000E+00,0.000000E+00
19:40:00,1.183060E+01,0.000000E+00,1.342451E+01,1.810692E+05,4.973752E+05,1.183060E+01,4.434252E+05,1.183060E+01,0.000000E+00,0.000000E+00
19:45:00,1.183060E+01,0.000000E+00,1.331990E+01,1.785318E+05,4.945972E+05,1.183060E+01,4.434252E+05,1.183060E+01,0.000000E+00,0.000000E+00
19:50:00,1.183060E+01,0.000000E+00,1.321957E+01,1.760476E+05,4.918762E+05,1.183060E+01,4.434252E+05,1.183060E+01,0.000000E+00,0.000000E+00
19:55:00,1.183060E+01,0.000000E+00,1.312278E+01,1.736073E+05,4.892020E+05,1.183060E+01,4.434252E+05,1.183060E+01,0.000000E+00,0.000000E+00
20:00:00,1.183060E+01,0.000000E+00,1.302891E+01,1.712028E+05,4.865656E+05,1.183060E+01,4.434252E+05,1.183060E+01,0.000000E+00,0.000000E+00
20:05:00,1.183060E+01,0.000000E+00,1.293772E+01,1.690431E+05,4.841839E+05,1.183060E+01,4.434252E+05,1.183060E+01,0.000000E+00,0.000000E+00
20:10:00,1.183060E+01,0.000000E+00,1.284882E+01,1.669113E+05,4.818314E+05,1.183060E+01,4.434252E+05,1.183060E+01,0.000000E+00,0.000000E+00
20:15:00,1.183060E+01,0.000000E+00,1.276195E+01,1.648040E+05,4.795041E+05,1.183060E+01,4.434252E+05,1.183060E+01,0.000000E+00,0.000000E+00
20:20:00,1.183060E+01,0.000000E+00,1.267687E+01,1.627181E+05,4.771992E+05,1.183060E+01,4.434252E+05,1.183060E+01,0.000000E+00,0.000000E+00
20:25:00,1.183060E+01,0.000000E+00,1.259338E+01,1.606511E+05,4.749136E+05,1.183060E+01,4.434252E+05,1.183060E+01,0.000000E+00,0.000000E+00
20:30:00,1.183060E+01,0.000000E+00,1.251133E+01,1.586010E+05,4.726451E+05,1.183060E+01,4.434252E+05,1.183060E+01,0.000000E+00,0.000000E+00
20:35:00,1.183060E+01,0.000000E+00,1.243045E+01,1.565643E+05,4.703898E+05,1.183060E+01,4.434252E+05,1.183060E+01,0.000000E+00,0.000000E+00
20:40:00,1.183060E+01,0.000000E+00,1.235070E+01,1.545406E+05,4.681473E+05,1.183060E+01,4.434252E+05,1.183060E+01,0.000000E+00,0.000000E+00
20:45:00,1.183060E+01,0.000000E+00,1.227206E+01,1.525296E+05,4.659175E+05,1.183060E+01,4.434252E+05,1.183060E+01,0.000000E+00,0.000000E+00
20:50:00,1.183060E+01,0.000000E+00,1.219453E+01,1.505311E+05,4.637001E+05,1.183060E+01,4.434252E+05,1.183060E+01,0.000000E+00,0.000000E+00
20:55:00,1.183060E+01,0.000000E+00,1.211808E+01,1.485453E+05,4.614954E+05,1.183060E+01,4.434252E+05,1.183060E+01,0.000000E+00,0.000000E+00
21:00:00,1.183060E+01,0.000000E+00,1.204271E+01,1.465719E+05,4.593034E+05,1.183060E+01,4.434252E+05,1.183060E+01,0.000000E+00,0.000000E+00
21:05:00,1.183060E+01,0.000000E+00,1.195432E+01,1.444196E+05,4.568977E+05,1.183060E+01,4.434252E+05,1.183060E+01,0.000000E+00,0.000000E+00
21:10:00,1.183060E+01,0.000000E+00,1.186617E+01,1.422675E+05,4.544897E+05,1.183060E+01,4.434252E+05,1.183060E+01,0.000000E+00,0.000000E+00
21:15:00,1.183060E+01,0.000000E+00,1.183060E+01,1.408291E+05,4.529248E+05,1.183060E+01,4.434252E+05,1.183060E+01,0.000000E+00,0.000000E+00
21:20:00,1.183060E+01,0.000000E+00,1.183060E+01,1.398751E+05,4.519330E+05,1.183060E+01,4.434252E+05,1.183060E+01,0.000000E+00,0.000000E+00
21:25:00,1.183060E+01,0.000000E+00,1.183060E+01,1.389211E+05,4.509412E+05,1.183060E+01,4.434252E+05,1.183060E+01,0.000000E+00,0.000000E+00
21:30:00,1.183060E+01,0.000000E+00,1.183060E+01,1.379671E+05,4.499492E+05,1.183060E+01,4.434252E+05,1.183060E+01,0.000000E+00,0.000000E+00
21:35:00,1.183060E+01,0.000000E+00,1.183060E+01,1.370131E+05,4.489573E+05,1.183060E+01,4.434252E+05,1.183060E+01,0.000000E+00,0.000000E+00
21:40:00,1.183060E+01,0.000000E+00,1.183060E+01,1.360590E+05,4.479656E+05,1.183060E+01,4.434252E+05,1.183060E+01,0.000000E+00,0.000000E+00
21:45:00,1.183060E+01,0.000000E+00,1.183060E+01,1.351050E+05,4.469738E+05,1.183060E+01,4.434252E+05,1.183060E+01,0.000000E+00,0.000000E+00
21:50:00,1.183060E+01,0.000000E+00,1.183060E+01,1.341510E+05,4.459818E+05,1.183060E+01,4.434252E+05,1.183060E+01,0.000000E+00,0.000000E+00
21:55:00,1.183060E+01,0.000000E+00,1.183060E+01,1.331970E+05,4.449900E+05,1.183060E+01,4.434252E+05,1.183060E+01,0.000000E+00,0.000000E+00
22:00:00,1.183060E+01,0.000000E+00,1.183060E+01,1.322430E+05,4.439982E+05,1.183060E+01,4.434252E+05,1.183060E+01,0.000000E+00,0.000000E+00
22:05:00,1.183060E+01,0.000000E+00,1.183060E+01,1.315009E+05,4.432267E+05,1.183060E+01,4.434252E+05,1.183060E+01,0.000000E+00,0.000000E+00
22:10:00,1.183060E+01,0.000000E+00,1.183060E+01,1.307589E+05,4.424553E+05,1.183060E+01,4.434252E+05,1.183060E+01,0.000000E+00,0.000000E+00
22:15:00,1.183060E+01,0.000000E+00,1.183060E+01,1.300169E+05,4.416838E+05,1.183060E+01,4.434252E+05,1.183060E+01,0.000000E+00,0.000000E+00
22:20:00,1.183060E+01,0.000000E+00,1.183060E+01,1.292749E+05,4.409125E+05,1.183060E+01,4.434252E+05,1.183060E+01,0.000000E+00,0.000000E+00
22:25:00,1.183060E+01,0.000000E+00,1.183060E+01,1.285329E+05,4.401409E+05,1.183060E+01,4.434252E+05,1.183060E+01,0.000000E+00,0.000000E+00
22:30:00,1.183060E+01,0.000000E+00,1.183060E+01,1.277909E+05,4.393696E+05,1.183060E+01,4.434252E+05,1.183060E+01,0.000000E+00,0.000000E+00
22:35:00,1.183060E+01,0.000000E+00,1.183060E+01,1.270489E+05,4.366992E+05,1.183060E+01,4.434252E+05,1.183060E+01,0.000000E+00,0.000000E+00
22:40:00,1.183060E+01,0.000000E+00,1.183060E+01,1.263068E+05,4.337504E+05,1.183060E+01,4.434252E+05,1.183060E+01,0.000000E+00,0.000000E+00
22:45:00,1.183060E+01,0.000000E+00,1.183060E+01,1.255648E+05,4.308094E+05,1.183060E+01,4.434252E+05,1.183060E+01,0.000000E+00,0.000000E+00
22:50:00,1.183060E+01,0.000000E+00,1.183060E+01,1.248228E+05,4.278762E+05,1.183060E+01,4.434252E+05,1.183060E+01,0.000000E+00,0.000000E+00
22:55:00,1.183060E+01,0.000000E+00,1.183060E+01,1.240808E+05,4.249508E+05,1.183060E+01,4.434252E+05,1.183060E+01,0.000000E+00,0.000000E+00
23:00:00,1.183060E+01,0.000000E+00,1.183060E+01,1.233388E+05,4.220332E+05,1.183060E+01,4.434252E+05,1.183060E+01,0.000000E+00,0.000000E+00
23:05:00,1.183060E+01,0.000000E+00,1.183060E+01,1.225968E+05,4.191234E+05,1.183060E+01,4.434252E+05,1.183060E+01,0.000000E+00,0.000000E+00
23:10:00,1.183060E+01,0.000000E+00,1.183060E+01,1.218548E+05,4.162213E+05,1.183060E+01,4.434252E+05,1.183060E+01,0.000000E+00,0.000000E+00
23:15:00,1.183060E+01,0.000000E+00,1.183060E+01,1.211127E+05,4.133268E+05,1.183060E+01,4.434252E+05,1.183060E+01,0.000000E+00,0.000000E+00
23:20:00,1.183060E+01,0.000000E+00,1.183060E+01,1.203707E+05,4.104401E+05,1.183060E+01,4.434252E+05,1.183060E+01,0.000000E+00,0.000000E+00
23:25:00,1.183060E+01,0.000000E+00,1.183060E+01,1.196287E+05,4.075610E+05,1.183060E+01,4.434252E+05,1.183060E+01,0.000000E+00,0.000000E+00
23:30:00,1.183060E+01,0.000000E+00,1.183060E+01,1.188867E+05,4.046895E+05,1.183060E+01,4.434252E+05,1.183060E+01,0.000000E+00,0.000000E+00
23:35:00,1.183060E+01,0.000000E+00,1.183060E+01,1.181447E+05,4.018256E+05,1.183060E+01,4.434252E+05,1.183060E+01,0.000000E+00,0.000000E+00
23:40:00,1.183060E+01,0.000000E+00,1.183060E+01,1.174027E+05,3.989693E+05,1.183060E+01,4.434252E+05,1.183060E+01,0.000000E+00,0.000000E+00
23:45:00,1.183060E+01,0.000000E+00,1.183060E+01,1.166607E+05,3.961205E+05,1.183060E+01,4.434252E+05,1.183060E+01,0.000000E+00,0.000000E+00
23:50:00,1.183060E+01,0.000000E+00,1.183060E+01,1.159187E+05,3.932793E+05,1.183060E+01,4.434252E+05,1.183060E+01,0.000000E+00,0.000000E+00
23:55:00,1.183060E+01,0.000000E+00,1.183060E+01,1.151766E+05,3.904455E+05,1.183060E+01,4.434252E+05,1.183060E+01,0.000000E+00,0.000000E+00
24:00:00,1.183060E+01,0.000000E+00,1.183060E+01,1.144346E+05,3.876193E+05,1.183060E+01,4.434252E+05,1.183060E+01,0.000000E+00,0.000000E+00
Coinc Peak   ,1.183060E+01,1.844916E+01,4.434252E+05,2.791101E+05
NonCoinc Peak,1.183060E+01,1.844916E+01,4.434252E+05,2.791101E+05
