Time,THERMAL ZONE 1:CHICAGO ANN HTG 99.6% CONDNS DB:Des Heat Load [W],THERMAL ZONE 1:CHICAGO ANN CLG .4% CONDNS WB=>MDB:Des Sens Cool Load [W],THERMAL ZONE 1:CHICAGO ANN HTG 99.6% CONDNS DB:Des Heat Mass Flow [kg/s],THERMAL ZONE 1:CHICAGO ANN CLG .4% CONDNS WB=>MDB:Des Cool Mass Flow [kg/s],THERMAL ZONE 2:CHICAGO ANN HTG 99.6% CONDNS DB:Des Heat Load [W],THERMAL ZONE 2:CHICAGO ANN CLG .4% CONDNS WB=>MDB:Des Sens Cool Load [W],THERMAL ZONE 2:CHICAGO ANN HTG 99.6% CONDNS DB:Des Heat Mass Flow [kg/s],THERMAL ZONE 2:CHICAGO ANN CLG .4% CONDNS WB=>MDB:Des Cool Mass Flow [kg/s],THERMAL ZONE 3:CHICAGO ANN HTG 99.6% CONDNS DB:Des Heat Load [W],THERMAL ZONE 3:CHICAGO ANN CLG .4% CONDNS WB=>MDB:Des Sens Cool Load [W],THERMAL ZONE 3:CHICAGO ANN HTG 99.6% CONDNS DB:Des Heat Mass Flow [kg/s],THERMAL ZONE 3:CHICAGO ANN CLG .4% CONDNS WB=>MDB:Des Cool Mass Flow [kg/s]
00:05:00,4.675854E+04,1.108215E+02,1.581041E+00,7.830405E-03,4.613163E+04,9.935123E+03,1.559844E+00,7.009951E-01,9.459457E+04,1.211642E+04,3.197871E+00,8.550136E-01
00:10:00,4.676139E+04,1.108215E+02,1.581137E+00,7.830405E-03,4.613236E+04,9.925644E+03,1.559868E+00,7.003270E-01,9.459478E+04,1.205993E+04,3.197878E+00,8.510280E-01
00:15:00,4.676421E+04,1.556165E+02,1.581233E+00,1.099787E-02,4.613309E+04,9.914806E+03,1.559893E+00,6.995630E-01,9.459499E+04,1.199941E+04,3.197885E+00,8.467590E-01
00:20:00,4.676700E+04,1.556165E+02,1.581327E+00,1.099787E-02,4.613381E+04,9.902851E+03,1.559917E+00,6.987202E-01,9.459519E+04,1.193562E+04,3.197892E+00,8.422577E-01
00:25:00,4.676977E+04,4.479503E+01,1.581420E+00,3.167462E-03,4.613453E+04,9.890038E+03,1.559941E+00,6.978166E-01,9.459539E+04,1.186899E+04,3.197899E+00,8.375569E-01
00:30:00,4.677250E+04,4.479503E+01,1.581513E+00,3.167462E-03,4.613524E+04,9.876441E+03,1.559965E+00,6.968578E-01,9.459559E+04,1.180013E+04,3.197906E+00,8.326973E-01
00:35:00,4.677521E+04,6.864865E+01,1.581604E+00,4.854705E-03,4.613596E+04,9.891731E+03,1.559990E+00,6.979370E-01,9.459579E+04,1.175851E+04,3.197913E+00,8.297603E-01
00:40:00,4.677789E+04,6.864865E+01,1.581695E+00,4.854705E-03,4.613667E+04,9.906294E+03,1.560014E+00,6.989651E-01,9.459599E+04,1.171444E+04,3.197919E+00,8.266512E-01
00:45:00,4.678054E+04,2.385363E+01,1.581785E+00,1.687243E-03,4.613738E+04,9.920025E+03,1.560038E+00,6.999344E-01,9.459619E+04,1.166787E+04,3.197926E+00,8.233647E-01
00:50:00,4.678317E+04,2.385363E+01,1.581873E+00,1.687243E-03,4.613808E+04,9.932890E+03,1.560061E+00,7.008426E-01,9.459638E+04,1.161912E+04,3.197933E+00,8.199247E-01
00:55:00,4.678576E+04,2.874807E+01,1.581961E+00,2.033523E-03,4.613878E+04,9.944899E+03,1.560085E+00,7.016904E-01,9.459658E+04,1.156841E+04,3.197939E+00,8.163462E-01
01:00:00,4.678834E+04,2.874807E+01,1.582048E+00,2.033523E-03,4.613948E+04,9.956217E+03,1.560108E+00,7.024893E-01,9.459677E+04,1.151593E+04,3.197946E+00,8.126426E-01
01:05:00,4.679088E+04,4.894444E+00,1.582134E+00,3.462797E-04,4.614017E+04,9.968402E+03,1.560132E+00,7.033495E-01,9.459696E+04,1.146512E+04,3.197952E+00,8.090569E-01
01:10:00,4.679340E+04,4.894444E+00,1.582219E+00,3.462797E-04,4.614086E+04,9.981237E+03,1.560155E+00,7.042554E-01,9.459715E+04,1.141591E+04,3.197958E+00,8.055836E-01
01:15:00,4.679589E+04,4.894444E+00,1.582304E+00,3.462797E-04,4.614155E+04,9.994764E+03,1.560178E+00,7.052101E-01,9.459733E+04,1.136888E+04,3.197965E+00,8.022649E-01
01:20:00,4.679836E+04,1.241353E+02,1.582387E+00,8.760324E-03,4.614223E+04,1.000915E+04,1.560201E+00,7.062254E-01,9.459752E+04,1.132374E+04,3.197971E+00,7.990790E-01
01:25:00,4.680080E+04,1.192408E+02,1.582470E+00,8.414044E-03,4.614291E+04,1.002423E+04,1.560224E+00,7.072898E-01,9.459770E+04,1.128119E+04,3.197977E+00,7.960756E-01
01:30:00,4.680322E+04,1.192408E+02,1.582551E+00,8.414044E-03,4.614358E+04,1.004040E+04,1.560247E+00,7.084313E-01,9.459788E+04,1.124065E+04,3.197983E+00,7.932143E-01
01:35:00,4.680562E+04,1.192408E+02,1.582632E+00,8.414044E-03,4.614425E+04,1.005608E+04,1.560270E+00,7.095373E-01,9.459806E+04,1.119950E+04,3.197989E+00,7.903101E-01
01:40:00,4.680799E+04,1.192408E+02,1.582712E+00,8.414044E-03,4.614492E+04,1.007148E+04,1.560292E+00,7.106243E-01,9.459824E+04,1.115771E+04,3.197995E+00,7.873608E-01
01:45:00,4.681033E+04,2.265058E+02,1.582792E+00,1.598414E-02,4.614558E+04,1.008660E+04,1.560315E+00,7.116913E-01,9.459842E+04,1.111534E+04,3.198001E+00,7.843699E-01
01:50:00,4.681265E+04,1.072650E+02,1.582870E+00,7.570096E-03,4.614624E+04,1.010121E+04,1.560337E+00,7.127227E-01,9.459860E+04,1.107262E+04,3.198007E+00,7.813547E-01
01:55:00,4.681495E+04,1.072650E+02,1.582948E+00,7.570096E-03,4.614690E+04,1.011588E+04,1.560359E+00,7.137580E-01,9.459877E+04,1.102908E+04,3.198013E+00,7.782820E-01
02:00:00,4.681723E+04,1.072650E+02,1.583025E+00,7.570096E-03,4.614756E+04,1.013014E+04,1.560381E+00,7.147637E-01,9.459894E+04,1.098524E+04,3.198019E+00,7.751872E-01
02:05:00,4.681948E+04,1.072650E+02,1.583101E+00,7.570096E-03,4.614821E+04,1.014468E+04,1.560403E+00,7.157903E-01,9.459912E+04,1.094257E+04,3.198025E+00,7.721755E-01
02:10:00,4.682171E+04,1.996645E+02,1.583176E+00,1.409242E-02,4.614885E+04,1.015967E+04,1.560425E+00,7.168480E-01,9.459929E+04,1.090133E+04,3.198031E+00,7.692651E-01
02:15:00,4.682392E+04,9.239946E+01,1.583251E+00,6.522327E-03,4.614950E+04,1.017489E+04,1.560447E+00,7.179222E-01,9.459946E+04,1.086137E+04,3.198037E+00,7.664444E-01
02:20:00,4.682610E+04,9.239946E+01,1.583325E+00,6.522327E-03,4.615014E+04,1.019091E+04,1.560469E+00,7.190521E-01,9.459962E+04,1.082265E+04,3.198042E+00,7.637114E-01
02:25:00,4.682827E+04,9.239946E+01,1.583398E+00,6.522327E-03,4.615078E+04,1.020726E+04,1.560490E+00,7.202059E-01,9.459979E+04,1.078531E+04,3.198048E+00,7.610759E-01
02:30:00,4.683041E+04,9.239946E+01,1.583470E+00,6.522327E-03,4.615141E+04,1.022402E+04,1.560512E+00,7.213890E-01,9.459996E+04,1.074968E+04,3.198053E+00,7.585613E-01
02:35:00,4.683253E+04,1.740675E+02,1.583542E+00,1.228798E-02,4.615204E+04,1.024064E+04,1.560533E+00,7.225612E-01,9.460012E+04,1.071376E+04,3.198059E+00,7.560255E-01
02:40:00,4.683463E+04,8.166804E+01,1.583613E+00,5.765650E-03,4.615267E+04,1.025682E+04,1.560554E+00,7.237034E-01,9.460028E+04,1.067794E+04,3.198064E+00,7.534970E-01
02:45:00,4.683671E+04,8.166804E+01,1.583683E+00,5.765650E-03,4.615329E+04,1.027313E+04,1.560575E+00,7.248538E-01,9.460045E+04,1.064170E+04,3.198070E+00,7.509396E-01
02:50:00,4.683877E+04,8.166804E+01,1.583753E+00,5.765650E-03,4.615392E+04,1.028910E+04,1.560596E+00,7.259808E-01,9.460061E+04,1.060553E+04,3.198075E+00,7.483867E-01
02:55:00,4.684081E+04,8.166804E+01,1.583822E+00,5.765650E-03,4.615453E+04,1.030482E+04,1.560617E+00,7.270898E-01,9.460077E+04,1.056933E+04,3.198081E+00,7.458311E-01
03:00:00,4.684282E+04,1.517216E+02,1.583890E+00,1.071209E-02,4.615515E+04,1.032033E+04,1.560638E+00,7.281847E-01,9.460092E+04,1.053306E+04,3.198086E+00,7.432713E-01
03:05:00,4.684482E+04,7.005352E+01,1.583958E+00,4.946441E-03,4.615576E+04,1.033546E+04,1.560659E+00,7.292522E-01,9.460108E+04,1.049695E+04,3.198091E+00,7.407224E-01
03:10:00,4.684680E+04,7.005352E+01,1.584025E+00,4.946441E-03,4.615637E+04,1.035071E+04,1.560679E+00,7.303281E-01,9.460124E+04,1.046050E+04,3.198097E+00,7.381500E-01
03:15:00,4.684876E+04,7.005352E+01,1.584091E+00,4.946441E-03,4.615697E+04,1.036564E+04,1.560700E+00,7.313817E-01,9.460139E+04,1.042423E+04,3.198102E+00,7.355895E-01
03:20:00,4.685070E+04,7.005352E+01,1.584156E+00,4.946441E-03,4.615758E+04,1.038033E+04,1.560720E+00,7.324181E-01,9.460155E+04,1.038800E+04,3.198107E+00,7.330327E-01
03:25:00,4.685262E+04,1.274776E+02,1.584221E+00,9.001806E-03,4.615818E+04,1.039483E+04,1.560740E+00,7.334409E-01,9.460170E+04,1.035177E+04,3.198112E+00,7.304750E-01
03:30:00,4.685452E+04,5.742411E+01,1.584286E+00,4.055365E-03,4.615877E+04,1.040895E+04,1.560761E+00,7.344373E-01,9.460185E+04,1.031571E+04,3.198117E+00,7.279301E-01
03:35:00,4.685640E+04,5.742411E+01,1.584349E+00,4.055365E-03,4.615936E+04,1.042318E+04,1.560781E+00,7.354412E-01,9.460200E+04,1.027934E+04,3.198122E+00,7.253628E-01
03:40:00,4.685826E+04,5.742411E+01,1.584412E+00,4.055365E-03,4.615995E+04,1.043710E+04,1.560800E+00,7.364237E-01,9.460215E+04,1.024311E+04,3.198128E+00,7.228056E-01
03:45:00,4.686011E+04,5.742411E+01,1.584475E+00,4.055365E-03,4.616054E+04,1.045079E+04,1.560820E+00,7.373892E-01,9.460230E+04,1.020692E+04,3.198133E+00,7.202515E-01
03:50:00,4.686194E+04,1.013513E+02,1.584536E+00,7.158119E-03,4.616112E+04,1.046428E+04,1.560840E+00,7.383412E-01,9.460244E+04,1.017075E+04,3.198138E+00,7.176984E-01
03:55:00,4.686375E+04,4.392724E+01,1.584598E+00,3.102754E-03,4.616170E+04,1.047741E+04,1.560860E+00,7.392673E-01,9.460259E+04,1.013479E+04,3.198142E+00,7.151601E-01
04:00:00,4.686554E+04,4.392724E+01,1.584658E+00,3.102754E-03,4.616228E+04,1.049063E+04,1.560879E+00,7.402001E-01,9.460274E+04,1.009857E+04,3.198147E+00,7.126038E-01
04:05:00,4.686731E+04,4.392724E+01,1.584718E+00,3.102754E-03,4.616285E+04,1.050419E+04,1.560899E+00,7.411570E-01,9.460288E+04,1.006412E+04,3.198152E+00,7.101716E-01
04:10:00,4.686907E+04,4.392724E+01,1.584778E+00,3.102754E-03,4.616342E+04,1.051824E+04,1.560918E+00,7.421479E-01,9.460302E+04,1.003139E+04,3.198157E+00,7.078619E-01
04:15:00,4.687081E+04,7.685871E+01,1.584836E+00,5.429216E-03,4.616399E+04,1.053281E+04,1.560937E+00,7.431761E-01,9.460317E+04,1.000034E+04,3.198162E+00,7.056704E-01
04:20:00,4.687253E+04,3.293148E+01,1.584895E+00,2.326462E-03,4.616456E+04,1.054773E+04,1.560956E+00,7.442289E-01,9.460331E+04,9.971127E+03,3.198167E+00,7.036082E-01
04:25:00,4.687424E+04,3.293148E+01,1.584952E+00,2.326462E-03,4.616512E+04,1.056347E+04,1.560975E+00,7.453388E-01,9.460345E+04,9.943316E+03,3.198171E+00,7.016452E-01
04:30:00,4.687592E+04,3.293148E+01,1.585009E+00,2.326462E-03,4.616568E+04,1.057963E+04,1.560994E+00,7.464792E-01,9.460359E+04,9.917330E+03,3.198176E+00,6.998109E-01
04:35:00,4.687760E+04,3.293148E+01,1.585066E+00,2.326462E-03,4.616623E+04,1.059564E+04,1.561013E+00,7.476090E-01,9.460373E+04,9.891521E+03,3.198181E+00,6.979893E-01
04:40:00,4.687925E+04,5.991187E+01,1.585122E+00,4.232662E-03,4.616679E+04,1.061147E+04,1.561031E+00,7.487260E-01,9.460386E+04,9.865777E+03,3.198185E+00,6.961722E-01
04:45:00,4.688089E+04,2.698039E+01,1.585177E+00,1.906201E-03,4.616734E+04,1.062697E+04,1.561050E+00,7.498193E-01,9.460400E+04,9.840269E+03,3.198190E+00,6.943717E-01
04:50:00,4.688252E+04,2.698039E+01,1.585232E+00,1.906201E-03,4.616788E+04,1.064451E+04,1.561069E+00,7.510567E-01,9.460414E+04,9.816709E+03,3.198195E+00,6.927088E-01
04:55:00,4.688412E+04,2.698039E+01,1.585287E+00,1.906201E-03,4.616843E+04,1.067589E+04,1.561087E+00,7.532706E-01,9.460427E+04,9.808847E+03,3.198199E+00,6.921536E-01
05:00:00,4.688572E+04,2.698039E+01,1.585340E+00,1.906201E-03,4.616897E+04,1.074090E+04,1.561105E+00,7.578575E-01,9.460440E+04,9.839191E+03,3.198204E+00,6.942945E-01
05:05:00,4.688729E+04,2.066180E+02,1.585394E+00,1.458648E-02,4.616950E+04,1.085836E+04,1.561123E+00,7.661457E-01,9.460454E+04,9.932532E+03,3.198208E+00,7.008812E-01
05:10:00,4.688885E+04,1.796376E+02,1.585447E+00,1.268028E-02,4.617004E+04,1.103612E+04,1.561141E+00,7.786888E-01,9.460467E+04,1.009952E+04,3.198213E+00,7.126657E-01
05:15:00,4.689040E+04,1.796376E+02,1.585499E+00,1.268028E-02,4.617057E+04,1.127348E+04,1.561159E+00,7.954375E-01,9.460480E+04,1.034010E+04,3.198217E+00,7.296443E-01
05:20:00,4.689193E+04,4.179139E+02,1.585551E+00,2.954893E-02,4.617110E+04,1.157094E+04,1.561177E+00,8.164271E-01,9.460493E+04,1.065657E+04,3.198222E+00,7.519783E-01
05:25:00,4.689345E+04,4.179139E+02,1.585602E+00,2.954893E-02,4.617162E+04,1.191621E+04,1.561195E+00,8.407905E-01,9.460506E+04,1.103542E+04,3.198226E+00,7.787161E-01
05:30:00,4.689495E+04,4.926836E+02,1.585653E+00,3.487937E-02,4.617215E+04,1.229850E+04,1.561213E+00,8.677659E-01,9.460519E+04,1.146466E+04,3.198230E+00,8.090105E-01
05:35:00,4.689643E+04,3.130461E+02,1.585703E+00,2.219909E-02,4.617267E+04,1.268859E+04,1.561230E+00,8.952927E-01,9.460532E+04,1.190892E+04,3.198235E+00,8.403648E-01
05:40:00,4.689791E+04,5.862376E+02,1.585753E+00,4.163928E-02,4.617318E+04,1.307523E+04,1.561248E+00,9.225751E-01,9.460544E+04,1.235395E+04,3.198239E+00,8.717749E-01
05:45:00,4.689936E+04,5.862376E+02,1.585802E+00,4.163928E-02,4.617370E+04,1.345685E+04,1.561265E+00,9.495041E-01,9.460557E+04,1.279724E+04,3.198243E+00,9.030616E-01
05:50:00,4.690081E+04,7.930480E+02,1.585851E+00,5.639357E-02,4.617421E+04,1.382817E+04,1.561282E+00,9.757061E-01,9.460570E+04,1.323177E+04,3.198247E+00,9.337309E-01
05:55:00,4.690224E+04,7.930480E+02,1.585899E+00,5.639357E-02,4.617472E+04,1.418678E+04,1.561300E+00,1.001011E+00,9.460582E+04,1.365465E+04,3.198252E+00,9.635775E-01
06:00:00,4.690365E+04,1.317132E+03,1.585947E+00,9.355192E-02,4.617522E+04,1.452127E+04,1.561317E+00,1.024614E+00,9.460595E+04,1.405230E+04,3.198256E+00,9.916439E-01
06:05:00,4.548258E+04,1.767521E+04,1.537896E+00,1.319749E+00,4.475222E+04,3.171685E+04,1.513201E+00,2.351216E+00,8.959421E+04,3.210039E+04,3.028829E+00,2.389004E+00
06:10:00,4.406000E+04,2.201788E+04,1.489799E+00,1.704524E+00,4.332770E+04,3.882809E+04,1.465037E+00,3.013705E+00,8.457504E+04,3.987236E+04,2.859183E+00,3.107821E+00
06:15:00,4.263704E+04,2.646059E+04,1.441689E+00,2.093752E+00,4.190282E+04,4.550865E+04,1.416862E+00,3.639659E+00,7.955410E+04,4.713920E+04,2.689482E+00,3.784037E+00
06:20:00,4.121379E+04,3.043180E+04,1.393569E+00,2.449025E+00,4.047765E+04,5.206891E+04,1.368678E+00,4.255982E+00,7.453185E+04,5.422707E+04,2.519740E+00,4.445612E+00
06:25:00,3.979024E+04,3.483038E+04,1.345441E+00,2.834355E+00,3.905221E+04,5.852282E+04,1.320486E+00,4.863844E+00,6.950841E+04,6.112985E+04,2.349961E+00,5.091948E+00
06:30:00,3.836644E+04,3.861904E+04,1.297304E+00,3.176212E+00,3.762652E+04,6.488750E+04,1.272285E+00,5.464708E+00,6.448389E+04,6.788009E+04,2.180149E+00,5.725862E+00
06:35:00,3.836485E+04,2.664169E+04,1.297257E+00,2.333757E+00,3.762408E+04,5.429754E+04,1.272209E+00,4.755431E+00,6.447023E+04,5.682652E+04,2.179737E+00,4.978254E+00
06:40:00,3.836451E+04,2.640285E+04,1.297248E+00,2.312945E+00,3.762294E+04,5.370869E+04,1.272173E+00,4.703975E+00,6.446309E+04,5.591669E+04,2.179516E+00,4.898747E+00
06:45:00,3.836429E+04,2.633563E+04,1.297244E+00,2.306980E+00,3.762193E+04,5.347449E+04,1.272142E+00,4.683353E+00,6.445687E+04,5.538984E+04,2.179322E+00,4.852263E+00
06:50:00,3.836414E+04,2.629504E+04,1.297242E+00,2.303356E+00,3.762099E+04,5.329092E+04,1.272113E+00,4.667176E+00,6.445118E+04,5.493264E+04,2.179145E+00,4.811928E+00
06:55:00,3.836405E+04,2.627370E+04,1.297241E+00,2.301426E+00,3.762011E+04,5.314968E+04,1.272086E+00,4.654726E+00,6.444595E+04,5.455984E+04,2.178982E+00,4.779046E+00
07:00:00,3.836401E+04,2.626610E+04,1.297243E+00,2.300706E+00,3.761929E+04,5.303865E+04,1.272061E+00,4.644937E+00,6.444112E+04,5.424895E+04,2.178832E+00,4.751637E+00
07:05:00,3.788693E+04,2.729470E+04,1.281113E+00,2.390748E+00,3.761853E+04,5.295503E+04,1.272037E+00,4.637560E+00,6.443660E+04,5.399662E+04,2.178691E+00,4.729396E+00
07:10:00,3.738647E+04,2.837354E+04,1.264193E+00,2.485224E+00,3.761782E+04,5.289396E+04,1.272015E+00,4.632168E+00,6.443239E+04,5.379177E+04,2.178559E+00,4.711343E+00
07:15:00,3.687789E+04,2.947769E+04,1.246999E+00,2.581918E+00,3.761715E+04,5.285226E+04,1.271995E+00,4.628482E+00,6.442849E+04,5.362970E+04,2.178437E+00,4.697060E+00
07:20:00,3.636264E+04,3.060412E+04,1.229579E+00,2.680563E+00,3.761650E+04,5.282768E+04,1.271975E+00,4.626300E+00,6.442487E+04,5.350469E+04,2.178323E+00,4.686042E+00
07:25:00,3.584181E+04,3.175038E+04,1.211970E+00,2.780943E+00,3.761586E+04,5.281856E+04,1.271955E+00,4.625479E+00,6.442152E+04,5.341379E+04,2.178218E+00,4.678026E+00
07:30:00,3.531615E+04,3.291474E+04,1.194198E+00,2.882907E+00,3.761520E+04,5.282373E+04,1.271935E+00,4.625913E+00,6.441840E+04,5.335350E+04,2.178119E+00,4.672702E+00
07:35:00,3.526332E+04,3.307010E+04,1.192413E+00,2.896496E+00,3.761450E+04,5.283783E+04,1.271913E+00,4.627133E+00,6.441558E+04,5.331564E+04,2.178031E+00,4.669353E+00
07:40:00,3.523011E+04,3.320498E+04,1.191292E+00,2.908261E+00,3.761373E+04,5.286705E+04,1.271888E+00,4.629679E+00,6.441299E+04,5.330455E+04,2.177949E+00,4.668356E+00
07:45:00,3.520161E+04,3.333977E+04,1.190329E+00,2.920022E+00,3.761289E+04,5.290777E+04,1.271861E+00,4.633236E+00,6.441060E+04,5.331608E+04,2.177874E+00,4.669347E+00
07:50:00,3.517705E+04,3.347529E+04,1.189500E+00,2.931850E+00,3.761199E+04,5.295856E+04,1.271832E+00,4.637677E+00,6.440841E+04,5.334795E+04,2.177805E+00,4.672123E+00
07:55:00,3.515547E+04,3.361277E+04,1.188771E+00,2.943853E+00,3.761104E+04,5.301895E+04,1.271802E+00,4.642960E+00,6.440640E+04,5.339937E+04,2.177741E+00,4.676617E+00
08:00:00,3.513613E+04,3.375293E+04,1.188118E+00,2.956096E+00,3.761003E+04,5.308843E+04,1.271769E+00,4.649040E+00,6.440455E+04,5.346915E+04,2.177683E+00,4.682722E+00
08:05:00,3.517741E+04,3.489019E+04,1.189515E+00,3.055666E+00,3.760894E+04,5.316751E+04,1.271733E+00,4.655962E+00,6.440282E+04,5.355817E+04,2.177628E+00,4.690514E+00
08:10:00,3.522318E+04,3.606404E+04,1.191064E+00,3.158462E+00,3.760783E+04,5.324816E+04,1.271697E+00,4.663023E+00,6.440122E+04,5.365741E+04,2.177577E+00,4.699205E+00
08:15:00,3.527144E+04,3.725273E+04,1.192696E+00,3.262558E+00,3.760669E+04,5.333275E+04,1.271659E+00,4.670430E+00,6.439975E+04,5.376911E+04,2.177530E+00,4.708988E+00
08:20:00,3.532127E+04,3.845457E+04,1.194382E+00,3.367806E+00,3.760552E+04,5.342167E+04,1.271621E+00,4.678216E+00,6.439837E+04,5.389312E+04,2.177486E+00,4.719851E+00
08:25:00,3.537250E+04,3.966751E+04,1.196115E+00,3.474025E+00,3.760431E+04,5.351428E+04,1.271581E+00,4.686326E+00,6.439707E+04,5.402848E+04,2.177445E+00,4.731709E+00
08:30:00,3.542507E+04,4.088999E+04,1.197893E+00,3.581079E+00,3.760308E+04,5.361002E+04,1.271540E+00,4.694710E+00,6.439585E+04,5.417425E+04,2.177406E+00,4.744479E+00
08:35:00,3.542004E+04,4.112671E+04,1.197724E+00,3.601803E+00,3.760188E+04,5.370729E+04,1.271501E+00,4.703228E+00,6.439474E+04,5.432802E+04,2.177371E+00,4.757949E+00
08:40:00,3.541309E+04,4.133161E+04,1.197490E+00,3.619720E+00,3.760066E+04,5.380595E+04,1.271460E+00,4.711869E+00,6.439370E+04,5.448935E+04,2.177337E+00,4.772083E+00
08:45:00,3.540589E+04,4.152779E+04,1.197247E+00,3.636876E+00,3.759943E+04,5.390560E+04,1.271420E+00,4.720596E+00,6.439271E+04,5.465769E+04,2.177306E+00,4.786829E+00
08:50:00,3.539865E+04,4.171665E+04,1.197003E+00,3.653393E+00,3.759821E+04,5.400570E+04,1.271379E+00,4.729362E+00,6.439179E+04,5.483219E+04,2.177276E+00,4.802114E+00
08:55:00,3.539147E+04,4.189932E+04,1.196761E+00,3.669369E+00,3.759699E+04,5.410580E+04,1.271338E+00,4.738128E+00,6.439092E+04,5.501229E+04,2.177248E+00,4.817890E+00
09:00:00,3.538439E+04,4.207650E+04,1.196522E+00,3.684868E+00,3.759578E+04,5.420543E+04,1.271298E+00,4.746853E+00,6.439010E+04,5.519730E+04,2.177222E+00,4.834094E+00
09:05:00,3.516886E+04,4.148876E+04,1.189234E+00,3.633382E+00,3.759453E+04,5.430336E+04,1.271257E+00,4.755429E+00,6.438931E+04,5.538576E+04,2.177196E+00,4.850601E+00
09:10:00,3.494305E+04,4.086214E+04,1.181599E+00,3.578484E+00,3.759327E+04,5.439616E+04,1.271215E+00,4.763556E+00,6.438855E+04,5.557337E+04,2.177172E+00,4.867033E+00
09:15:00,3.471370E+04,4.021840E+04,1.173844E+00,3.522088E+00,3.759202E+04,5.448558E+04,1.271173E+00,4.771386E+00,6.438784E+04,5.576191E+04,2.177149E+00,4.883546E+00
09:20:00,3.448149E+04,3.955969E+04,1.165993E+00,3.464384E+00,3.759076E+04,5.457157E+04,1.271131E+00,4.778916E+00,6.438716E+04,5.595122E+04,2.177126E+00,4.900127E+00
09:25:00,3.424693E+04,3.888749E+04,1.158062E+00,3.405501E+00,3.758949E+04,5.465373E+04,1.271088E+00,4.786111E+00,6.438651E+04,5.614083E+04,2.177105E+00,4.916733E+00
09:30:00,3.401074E+04,3.820282E+04,1.150076E+00,3.345528E+00,3.758824E+04,5.473167E+04,1.271047E+00,4.792937E+00,6.438591E+04,5.633018E+04,2.177086E+00,4.933316E+00
09:35:00,3.398160E+04,3.826633E+04,1.149091E+00,3.351078E+00,3.758703E+04,5.480587E+04,1.271006E+00,4.799434E+00,6.438536E+04,5.651977E+04,2.177068E+00,4.949921E+00
09:40:00,3.396135E+04,3.835281E+04,1.148406E+00,3.358650E+00,3.758582E+04,5.487895E+04,1.270966E+00,4.805834E+00,6.438484E+04,5.671274E+04,2.177051E+00,4.966821E+00
09:45:00,3.394339E+04,3.844110E+04,1.147799E+00,3.366382E+00,3.758459E+04,5.494846E+04,1.270925E+00,4.811921E+00,6.438436E+04,5.690644E+04,2.177035E+00,4.983785E+00
09:50:00,3.392712E+04,3.852948E+04,1.147249E+00,3.374121E+00,3.758333E+04,5.501372E+04,1.270883E+00,4.817635E+00,6.438391E+04,5.709991E+04,2.177020E+00,5.000729E+00
09:55:00,3.391214E+04,3.861673E+04,1.146743E+00,3.381762E+00,3.758205E+04,5.507448E+04,1.270840E+00,4.822956E+00,6.438347E+04,5.729285E+04,2.177006E+00,5.017626E+00
10:00:00,3.389780E+04,3.870199E+04,1.146258E+00,3.389228E+00,3.758071E+04,5.513055E+04,1.270795E+00,4.827866E+00,6.438306E+04,5.748480E+04,2.176992E+00,5.034437E+00
10:05:00,3.397250E+04,3.860834E+04,1.148784E+00,3.381027E+00,3.757927E+04,5.518073E+04,1.270746E+00,4.832260E+00,6.438264E+04,5.767401E+04,2.176979E+00,5.051007E+00
10:10:00,3.405225E+04,3.850336E+04,1.151481E+00,3.371832E+00,3.757781E+04,5.522484E+04,1.270697E+00,4.836122E+00,6.438224E+04,5.786010E+04,2.176966E+00,5.067304E+00
10:15:00,3.413431E+04,3.839117E+04,1.154257E+00,3.362005E+00,3.757635E+04,5.526277E+04,1.270648E+00,4.839443E+00,6.438186E+04,5.804279E+04,2.176953E+00,5.083304E+00
10:20:00,3.421823E+04,3.827188E+04,1.157095E+00,3.351556E+00,3.757488E+04,5.529444E+04,1.270599E+00,4.842216E+00,6.438149E+04,5.822176E+04,2.176941E+00,5.098977E+00
10:25:00,3.430372E+04,3.814551E+04,1.159985E+00,3.340487E+00,3.757340E+04,5.531980E+04,1.270549E+00,4.844437E+00,6.438113E+04,5.839686E+04,2.176929E+00,5.114312E+00
10:30:00,3.439055E+04,3.801207E+04,1.162922E+00,3.328801E+00,3.757192E+04,5.533886E+04,1.270499E+00,4.846105E+00,6.438079E+04,5.856788E+04,2.176918E+00,5.129289E+00
10:35:00,3.439015E+04,3.804786E+04,1.162908E+00,3.331933E+00,3.757049E+04,5.535264E+04,1.270451E+00,4.847312E+00,6.438047E+04,5.873624E+04,2.176907E+00,5.144033E+00
10:40:00,3.438640E+04,3.808482E+04,1.162782E+00,3.335170E+00,3.756906E+04,5.536131E+04,1.270403E+00,4.848071E+00,6.438015E+04,5.890188E+04,2.176897E+00,5.158539E+00
10:45:00,3.438189E+04,3.811848E+04,1.162629E+00,3.338118E+00,3.756762E+04,5.536507E+04,1.270355E+00,4.848399E+00,6.437985E+04,5.906497E+04,2.176886E+00,5.172821E+00
10:50:00,3.437693E+04,3.814856E+04,1.162462E+00,3.340753E+00,3.756619E+04,5.536418E+04,1.270307E+00,4.848321E+00,6.437955E+04,5.922563E+04,2.176876E+00,5.186891E+00
10:55:00,3.437168E+04,3.817496E+04,1.162284E+00,3.343066E+00,3.756477E+04,5.535901E+04,1.270259E+00,4.847868E+00,6.437926E+04,5.938417E+04,2.176867E+00,5.200774E+00
11:00:00,3.436623E+04,3.819777E+04,1.162100E+00,3.345063E+00,3.756337E+04,5.534999E+04,1.270212E+00,4.847078E+00,6.437897E+04,5.954087E+04,2.176857E+00,5.214497E+00
11:05:00,3.415219E+04,3.839045E+04,1.154862E+00,3.361936E+00,3.756192E+04,5.533517E+04,1.270163E+00,4.845780E+00,6.437868E+04,5.969244E+04,2.176847E+00,5.227772E+00
11:10:00,3.392771E+04,3.858506E+04,1.147272E+00,3.378981E+00,3.756046E+04,5.531507E+04,1.270114E+00,4.844019E+00,6.437839E+04,5.983937E+04,2.176838E+00,5.240639E+00
11:15:00,3.369950E+04,3.877744E+04,1.139555E+00,3.395830E+00,3.755901E+04,5.529037E+04,1.270065E+00,4.841855E+00,6.437811E+04,5.998226E+04,2.176828E+00,5.253152E+00
11:20:00,3.346829E+04,3.896765E+04,1.131737E+00,3.412489E+00,3.755755E+04,5.526179E+04,1.270015E+00,4.839353E+00,6.437783E+04,6.012171E+04,2.176819E+00,5.265364E+00
11:25:00,3.323503E+04,3.915603E+04,1.123850E+00,3.428988E+00,3.755613E+04,5.523021E+04,1.269968E+00,4.836586E+00,6.437756E+04,6.025849E+04,2.176810E+00,5.277342E+00
11:30:00,3.299990E+04,3.934313E+04,1.115899E+00,3.445373E+00,3.755472E+04,5.519654E+04,1.269920E+00,4.833638E+00,6.437730E+04,6.039355E+04,2.176801E+00,5.289170E+00
11:35:00,3.297145E+04,3.935639E+04,1.114937E+00,3.446536E+00,3.755336E+04,5.516432E+04,1.269874E+00,4.830816E+00,6.437706E+04,6.053148E+04,2.176793E+00,5.301249E+00
11:40:00,3.295171E+04,3.936497E+04,1.114270E+00,3.447286E+00,3.755200E+04,5.513473E+04,1.269828E+00,4.828225E+00,6.437682E+04,6.067333E+04,2.176785E+00,5.313672E+00
11:45:00,3.293415E+04,3.937456E+04,1.113676E+00,3.448125E+00,3.755062E+04,5.510902E+04,1.269782E+00,4.825973E+00,6.437660E+04,6.082030E+04,2.176778E+00,5.326542E+00
11:50:00,3.291819E+04,3.938683E+04,1.113137E+00,3.449198E+00,3.754921E+04,5.508854E+04,1.269734E+00,4.824179E+00,6.437638E+04,6.097371E+04,2.176770E+00,5.339978E+00
11:55:00,3.290301E+04,3.940340E+04,1.112623E+00,3.450648E+00,3.754774E+04,5.507470E+04,1.269685E+00,4.822967E+00,6.437615E+04,6.113499E+04,2.176763E+00,5.354102E+00
12:00:00,3.288854E+04,3.942649E+04,1.112134E+00,3.452670E+00,3.754621E+04,5.506965E+04,1.269633E+00,4.822525E+00,6.437593E+04,6.130621E+04,2.176755E+00,5.369097E+00
12:05:00,3.299277E+04,3.989727E+04,1.115659E+00,3.493896E+00,3.754458E+04,5.507489E+04,1.269578E+00,4.822983E+00,6.437570E+04,6.148916E+04,2.176748E+00,5.385120E+00
12:10:00,3.310348E+04,4.039528E+04,1.119402E+00,3.537513E+00,3.754294E+04,5.509157E+04,1.269522E+00,4.824445E+00,6.437547E+04,6.168430E+04,2.176740E+00,5.402209E+00
12:15:00,3.321703E+04,4.090979E+04,1.123242E+00,3.582575E+00,3.754130E+04,5.512037E+04,1.269467E+00,4.826968E+00,6.437525E+04,6.189247E+04,2.176732E+00,5.420441E+00
12:20:00,3.333284E+04,4.143996E+04,1.127158E+00,3.629008E+00,3.753965E+04,5.516151E+04,1.269411E+00,4.830570E+00,6.437503E+04,6.211399E+04,2.176725E+00,5.439842E+00
12:25:00,3.345054E+04,4.198477E+04,1.131138E+00,3.676722E+00,3.753799E+04,5.521478E+04,1.269356E+00,4.835235E+00,6.437482E+04,6.234856E+04,2.176718E+00,5.460386E+00
12:30:00,3.356989E+04,4.254221E+04,1.135174E+00,3.725543E+00,3.753634E+04,5.527872E+04,1.269300E+00,4.840835E+00,6.437460E+04,6.259478E+04,2.176711E+00,5.481950E+00
12:35:00,3.357269E+04,4.267100E+04,1.135269E+00,3.736824E+00,3.753475E+04,5.535213E+04,1.269246E+00,4.847264E+00,6.437440E+04,6.285119E+04,2.176704E+00,5.504407E+00
12:40:00,3.357096E+04,4.279116E+04,1.135210E+00,3.747345E+00,3.753316E+04,5.543374E+04,1.269192E+00,4.854411E+00,6.437419E+04,6.311716E+04,2.176697E+00,5.527700E+00
12:45:00,3.356813E+04,4.291263E+04,1.135114E+00,3.757979E+00,3.753156E+04,5.552237E+04,1.269138E+00,4.862174E+00,6.437399E+04,6.339123E+04,2.176690E+00,5.551703E+00
12:50:00,3.356461E+04,4.303505E+04,1.134995E+00,3.768698E+00,3.752997E+04,5.561689E+04,1.269085E+00,4.870451E+00,6.437379E+04,6.367196E+04,2.176683E+00,5.576289E+00
12:55:00,3.356062E+04,4.315797E+04,1.134860E+00,3.779461E+00,3.752841E+04,5.571617E+04,1.269032E+00,4.879145E+00,6.437358E+04,6.395821E+04,2.176676E+00,5.601359E+00
13:00:00,3.355628E+04,4.328091E+04,1.134714E+00,3.790225E+00,3.752686E+04,5.581928E+04,1.268980E+00,4.888176E+00,6.437338E+04,6.424869E+04,2.176669E+00,5.626799E+00
13:05:00,3.378943E+04,4.310922E+04,1.142598E+00,3.775189E+00,3.752526E+04,5.592343E+04,1.268926E+00,4.897297E+00,6.437317E+04,6.453982E+04,2.176662E+00,5.652296E+00
13:10:00,3.403410E+04,4.292298E+04,1.150871E+00,3.758874E+00,3.752366E+04,5.602810E+04,1.268871E+00,4.906463E+00,6.437296E+04,6.483074E+04,2.176655E+00,5.677775E+00
13:15:00,3.428278E+04,4.272945E+04,1.159280E+00,3.741922E+00,3.752207E+04,5.613256E+04,1.268818E+00,4.915611E+00,6.437275E+04,6.512058E+04,2.176648E+00,5.703158E+00
13:20:00,3.453468E+04,4.252903E+04,1.167798E+00,3.724366E+00,3.752050E+04,5.623609E+04,1.268765E+00,4.924678E+00,6.437253E+04,6.540834E+04,2.176641E+00,5.728359E+00
13:25:00,3.478907E+04,4.232194E+04,1.176400E+00,3.706227E+00,3.751899E+04,5.633805E+04,1.268714E+00,4.933606E+00,6.437232E+04,6.569320E+04,2.176634E+00,5.753307E+00
13:30:00,3.504568E+04,4.210827E+04,1.185077E+00,3.687513E+00,3.751755E+04,5.643781E+04,1.268665E+00,4.942343E+00,6.437212E+04,6.597427E+04,2.176627E+00,5.777922E+00
13:35:00,3.506663E+04,4.218226E+04,1.185785E+00,3.693990E+00,3.751622E+04,5.653671E+04,1.268620E+00,4.951004E+00,6.437193E+04,6.625342E+04,2.176620E+00,5.802370E+00
13:40:00,3.507776E+04,4.226338E+04,1.186162E+00,3.701095E+00,3.751499E+04,5.663398E+04,1.268578E+00,4.959522E+00,6.437174E+04,6.652969E+04,2.176614E+00,5.826564E+00
13:45:00,3.508646E+04,4.234389E+04,1.186456E+00,3.708146E+00,3.751381E+04,5.672932E+04,1.268539E+00,4.967871E+00,6.437156E+04,6.680245E+04,2.176608E+00,5.850451E+00
13:50:00,3.509343E+04,4.242302E+04,1.186692E+00,3.715076E+00,3.751271E+04,5.682217E+04,1.268502E+00,4.976001E+00,6.437138E+04,6.707097E+04,2.176602E+00,5.873968E+00
13:55:00,3.509933E+04,4.250019E+04,1.186892E+00,3.721835E+00,3.751164E+04,5.691235E+04,1.268465E+00,4.983899E+00,6.437119E+04,6.733488E+04,2.176595E+00,5.897079E+00
14:00:00,3.510432E+04,4.257504E+04,1.187060E+00,3.728391E+00,3.751059E+04,5.699949E+04,1.268430E+00,4.991529E+00,6.437100E+04,6.759360E+04,2.176589E+00,5.919737E+00
14:05:00,3.525734E+04,4.232372E+04,1.192235E+00,3.706383E+00,3.750956E+04,5.708105E+04,1.268395E+00,4.998671E+00,6.437081E+04,6.784308E+04,2.176582E+00,5.941585E+00
14:10:00,3.541705E+04,4.205372E+04,1.197635E+00,3.682736E+00,3.750855E+04,5.715652E+04,1.268361E+00,5.005280E+00,6.437061E+04,6.808266E+04,2.176576E+00,5.962567E+00
14:15:00,3.557878E+04,4.177333E+04,1.203104E+00,3.658178E+00,3.750758E+04,5.722551E+04,1.268328E+00,5.011321E+00,6.437041E+04,6.831195E+04,2.176569E+00,5.982647E+00
14:20:00,3.574182E+04,4.148332E+04,1.208617E+00,3.632778E+00,3.750667E+04,5.728801E+04,1.268297E+00,5.016794E+00,6.437021E+04,6.853054E+04,2.176562E+00,6.001789E+00
14:25:00,3.590603E+04,4.118419E+04,1.214170E+00,3.606580E+00,3.750581E+04,5.734367E+04,1.268268E+00,5.021669E+00,6.437002E+04,6.873800E+04,2.176556E+00,6.019957E+00
14:30:00,3.607136E+04,4.087626E+04,1.219761E+00,3.579611E+00,3.750501E+04,5.739243E+04,1.268241E+00,5.025938E+00,6.436982E+04,6.893394E+04,2.176549E+00,6.037117E+00
14:35:00,3.608888E+04,4.088332E+04,1.220353E+00,3.580228E+00,3.750428E+04,5.743647E+04,1.268217E+00,5.029794E+00,6.436964E+04,6.912174E+04,2.176543E+00,6.053563E+00
14:40:00,3.609994E+04,4.089788E+04,1.220727E+00,3.581505E+00,3.750362E+04,5.747597E+04,1.268194E+00,5.033253E+00,6.436947E+04,6.930128E+04,2.176537E+00,6.069285E+00
14:45:00,3.610927E+04,4.091167E+04,1.221043E+00,3.582714E+00,3.750302E+04,5.751085E+04,1.268174E+00,5.036307E+00,6.436930E+04,6.947240E+04,2.176531E+00,6.084270E+00
14:50:00,3.611760E+04,4.092388E+04,1.221324E+00,3.583785E+00,3.750244E+04,5.754109E+04,1.268155E+00,5.038954E+00,6.436912E+04,6.963496E+04,2.176525E+00,6.098506E+00
14:55:00,3.612509E+04,4.093615E+04,1.221578E+00,3.584861E+00,3.750191E+04,5.756909E+04,1.268136E+00,5.041407E+00,6.436894E+04,6.979148E+04,2.176519E+00,6.112213E+00
15:00:00,3.613182E+04,4.094648E+04,1.221805E+00,3.585766E+00,3.750141E+04,5.759302E+04,1.268120E+00,5.043502E+00,6.436877E+04,6.993988E+04,2.176513E+00,6.125208E+00
15:05:00,3.625708E+04,4.095141E+04,1.226041E+00,3.586199E+00,3.750094E+04,5.760944E+04,1.268104E+00,5.044940E+00,6.436858E+04,7.007432E+04,2.176507E+00,6.136982E+00
15:10:00,3.638773E+04,4.095088E+04,1.230459E+00,3.586153E+00,3.750050E+04,5.761842E+04,1.268089E+00,5.045725E+00,6.436839E+04,7.019516E+04,2.176501E+00,6.147563E+00
15:15:00,3.651964E+04,4.094476E+04,1.234920E+00,3.585618E+00,3.750011E+04,5.761997E+04,1.268076E+00,5.045861E+00,6.436821E+04,7.030252E+04,2.176494E+00,6.156965E+00
15:20:00,3.665263E+04,4.093296E+04,1.239417E+00,3.584585E+00,3.749975E+04,5.761416E+04,1.268063E+00,5.045351E+00,6.436803E+04,7.039659E+04,2.176488E+00,6.165202E+00
15:25:00,3.678663E+04,4.091330E+04,1.243948E+00,3.582864E+00,3.749942E+04,5.759865E+04,1.268052E+00,5.043993E+00,6.436785E+04,7.047464E+04,2.176482E+00,6.172036E+00
15:30:00,3.692154E+04,4.088752E+04,1.248510E+00,3.580606E+00,3.749913E+04,5.757543E+04,1.268042E+00,5.041959E+00,6.436767E+04,7.053873E+04,2.176476E+00,6.177649E+00
15:35:00,3.693805E+04,4.085892E+04,1.249068E+00,3.578102E+00,3.749888E+04,5.754814E+04,1.268034E+00,5.039569E+00,6.436750E+04,7.059474E+04,2.176471E+00,6.182552E+00
15:40:00,3.694935E+04,4.082753E+04,1.249450E+00,3.575353E+00,3.749868E+04,5.751697E+04,1.268028E+00,5.036839E+00,6.436734E+04,7.064241E+04,2.176465E+00,6.186726E+00
15:45:00,3.695957E+04,4.079332E+04,1.249796E+00,3.572357E+00,3.749852E+04,5.748197E+04,1.268022E+00,5.033774E+00,6.436718E+04,7.068152E+04,2.176460E+00,6.190150E+00
15:50:00,3.696892E+04,4.075670E+04,1.250112E+00,3.569150E+00,3.749839E+04,5.744361E+04,1.268018E+00,5.030414E+00,6.436701E+04,7.071232E+04,2.176454E+00,6.192847E+00
15:55:00,3.697749E+04,4.071794E+04,1.250402E+00,3.565756E+00,3.749830E+04,5.740220E+04,1.268015E+00,5.026788E+00,6.436685E+04,7.073520E+04,2.176449E+00,6.194850E+00
16:00:00,3.698538E+04,4.067727E+04,1.250669E+00,3.562194E+00,3.749824E+04,5.735805E+04,1.268013E+00,5.022921E+00,6.436668E+04,7.075041E+04,2.176443E+00,6.196181E+00
16:05:00,3.696369E+04,4.089638E+04,1.249935E+00,3.581382E+00,3.749822E+04,5.731010E+04,1.268012E+00,5.018721E+00,6.436652E+04,7.075679E+04,2.176437E+00,6.196740E+00
16:10:00,3.693991E+04,4.112370E+04,1.249131E+00,3.601292E+00,3.749823E+04,5.725908E+04,1.268012E+00,5.014253E+00,6.436636E+04,7.075451E+04,2.176432E+00,6.196538E+00
16:15:00,3.691496E+04,4.135315E+04,1.248288E+00,3.621389E+00,3.749826E+04,5.720537E+04,1.268013E+00,5.009550E+00,6.436619E+04,7.074395E+04,2.176426E+00,6.195614E+00
16:20:00,3.688915E+04,4.157918E+04,1.247415E+00,3.641186E+00,3.749831E+04,5.714270E+04,1.268015E+00,5.004061E+00,6.436603E+04,7.071843E+04,2.176421E+00,6.193378E+00
16:25:00,3.686264E+04,4.180683E+04,1.246519E+00,3.661123E+00,3.749839E+04,5.707767E+04,1.268018E+00,4.998366E+00,6.436588E+04,7.068478E+04,2.176416E+00,6.190430E+00
16:30:00,3.683551E+04,4.203712E+04,1.245602E+00,3.681292E+00,3.749847E+04,5.701193E+04,1.268021E+00,4.992609E+00,6.436572E+04,7.064483E+04,2.176410E+00,6.186930E+00
16:35:00,3.683689E+04,4.200863E+04,1.245648E+00,3.678799E+00,3.749858E+04,5.694710E+04,1.268024E+00,4.986932E+00,6.436556E+04,7.060028E+04,2.176405E+00,6.183029E+00
16:40:00,3.683939E+04,4.197353E+04,1.245733E+00,3.675724E+00,3.749869E+04,5.688327E+04,1.268028E+00,4.981342E+00,6.436541E+04,7.055194E+04,2.176400E+00,6.178794E+00
16:45:00,3.684222E+04,4.193783E+04,1.245828E+00,3.672595E+00,3.749881E+04,5.682015E+04,1.268032E+00,4.975814E+00,6.436525E+04,7.049952E+04,2.176395E+00,6.174203E+00
16:50:00,3.684516E+04,4.190662E+04,1.245928E+00,3.669862E+00,3.749893E+04,5.676364E+04,1.268036E+00,4.970866E+00,6.436510E+04,7.044940E+04,2.176390E+00,6.169814E+00
16:55:00,3.684814E+04,4.187447E+04,1.246029E+00,3.667045E+00,3.749906E+04,5.670673E+04,1.268040E+00,4.965882E+00,6.436495E+04,7.039433E+04,2.176384E+00,6.164990E+00
17:00:00,3.685113E+04,4.183976E+04,1.246130E+00,3.664004E+00,3.749920E+04,5.664713E+04,1.268045E+00,4.960663E+00,6.436480E+04,7.033184E+04,2.176379E+00,6.159517E+00
17:05:00,3.682509E+04,4.226773E+04,1.245249E+00,3.701481E+00,3.749933E+04,5.658212E+04,1.268050E+00,4.954970E+00,6.436466E+04,7.025828E+04,2.176374E+00,6.153075E+00
17:10:00,3.679742E+04,4.270850E+04,1.244314E+00,3.740085E+00,3.749947E+04,5.651092E+04,1.268054E+00,4.948735E+00,6.436451E+04,7.017317E+04,2.176370E+00,6.145621E+00
17:15:00,3.676897E+04,4.315001E+04,1.243352E+00,3.778754E+00,3.749961E+04,5.643182E+04,1.268059E+00,4.941808E+00,6.436437E+04,7.007412E+04,2.176365E+00,6.136945E+00
17:20:00,3.673999E+04,4.359017E+04,1.242372E+00,3.817304E+00,3.749976E+04,5.634370E+04,1.268064E+00,4.934091E+00,6.436422E+04,6.995973E+04,2.176360E+00,6.126927E+00
17:25:00,3.671060E+04,4.402709E+04,1.241378E+00,3.855569E+00,3.749991E+04,5.624538E+04,1.268069E+00,4.925481E+00,6.436408E+04,6.982886E+04,2.176355E+00,6.115465E+00
17:30:00,3.668083E+04,4.445904E+04,1.240372E+00,3.893400E+00,3.750005E+04,5.613552E+04,1.268074E+00,4.915860E+00,6.436395E+04,6.967974E+04,2.176350E+00,6.102405E+00
17:35:00,3.667978E+04,4.441833E+04,1.240336E+00,3.889837E+00,3.750020E+04,5.601421E+04,1.268079E+00,4.905236E+00,6.436381E+04,6.951321E+04,2.176346E+00,6.087819E+00
17:40:00,3.668003E+04,4.435162E+04,1.240345E+00,3.883991E+00,3.750034E+04,5.587869E+04,1.268084E+00,4.893368E+00,6.436367E+04,6.932557E+04,2.176341E+00,6.071386E+00
17:45:00,3.668078E+04,4.426901E+04,1.240370E+00,3.876753E+00,3.750048E+04,5.572835E+04,1.268088E+00,4.880202E+00,6.436354E+04,6.911660E+04,2.176337E+00,6.053083E+00
17:50:00,3.668178E+04,4.417008E+04,1.240404E+00,3.868086E+00,3.750061E+04,5.556149E+04,1.268093E+00,4.865589E+00,6.436340E+04,6.888417E+04,2.176332E+00,6.032726E+00
17:55:00,3.668295E+04,4.405479E+04,1.240443E+00,3.857986E+00,3.750074E+04,5.537678E+04,1.268097E+00,4.849414E+00,6.436327E+04,6.862669E+04,2.176328E+00,6.010176E+00
18:00:00,3.668423E+04,4.392115E+04,1.240487E+00,3.846280E+00,3.750087E+04,5.517123E+04,1.268102E+00,4.831413E+00,6.436314E+04,6.834032E+04,2.176323E+00,5.985095E+00
18:05:00,3.828674E+04,4.230247E+04,1.294676E+00,3.704526E+00,3.892454E+04,5.494022E+04,1.316243E+00,4.811182E+00,6.937517E+04,6.801912E+04,2.345796E+00,5.956964E+00
18:10:00,3.989876E+04,4.059896E+04,1.349185E+00,3.555329E+00,4.034875E+04,5.468206E+04,1.364402E+00,4.788574E+00,7.439043E+04,6.766123E+04,2.515358E+00,5.925618E+00
18:15:00,4.151442E+04,3.884852E+04,1.403816E+00,3.402024E+00,4.177339E+04,5.439407E+04,1.412574E+00,4.763353E+00,7.940821E+04,6.726368E+04,2.684991E+00,5.890801E+00
18:20:00,4.313271E+04,3.705276E+04,1.458535E+00,3.244751E+00,4.319844E+04,5.407363E+04,1.460758E+00,4.735291E+00,8.442812E+04,6.682340E+04,2.854684E+00,5.852239E+00
18:25:00,4.475332E+04,3.521197E+04,1.513331E+00,3.083537E+00,4.462387E+04,5.371770E+04,1.508955E+00,4.704121E+00,8.944995E+04,6.633711E+04,3.024433E+00,5.809650E+00
18:30:00,4.637610E+04,3.332734E+04,1.568200E+00,2.918484E+00,4.604968E+04,5.332506E+04,1.557163E+00,4.669735E+00,9.447351E+04,6.580364E+04,3.194231E+00,5.762927E+00
18:35:00,4.639972E+04,3.285080E+04,1.568991E+00,2.876742E+00,4.605232E+04,5.288066E+04,1.557246E+00,4.630817E+00,9.448645E+04,6.520736E+04,3.194597E+00,5.710703E+00
18:40:00,4.641567E+04,3.239105E+04,1.569525E+00,2.836485E+00,4.605476E+04,5.239449E+04,1.557322E+00,4.588241E+00,9.449751E+04,6.455796E+04,3.194914E+00,5.653827E+00
18:45:00,4.642968E+04,3.191129E+04,1.569993E+00,2.794475E+00,4.605710E+04,5.186972E+04,1.557396E+00,4.542284E+00,9.450727E+04,6.385892E+04,3.195195E+00,5.592604E+00
18:50:00,4.644259E+04,3.140845E+04,1.570425E+00,2.750443E+00,4.605938E+04,5.130656E+04,1.557468E+00,4.492966E+00,9.451597E+04,6.311018E+04,3.195448E+00,5.527028E+00
18:55:00,4.645459E+04,3.088634E+04,1.570826E+00,2.704723E+00,4.606158E+04,5.071307E+04,1.557538E+00,4.440992E+00,9.452370E+04,6.232018E+04,3.195674E+00,5.457838E+00
19:00:00,4.646574E+04,3.035928E+04,1.571198E+00,2.658570E+00,4.606371E+04,5.010956E+04,1.557605E+00,4.388139E+00,9.453056E+04,6.151076E+04,3.195876E+00,5.386947E+00
19:05:00,4.647614E+04,2.962951E+04,1.571546E+00,2.594664E+00,4.606577E+04,4.954224E+04,1.557671E+00,4.338457E+00,9.453663E+04,6.073333E+04,3.196056E+00,5.318859E+00
19:10:00,4.648591E+04,2.893299E+04,1.571872E+00,2.533669E+00,4.606777E+04,4.902687E+04,1.557735E+00,4.293324E+00,9.454201E+04,6.000746E+04,3.196216E+00,5.255287E+00
19:15:00,4.649511E+04,2.828467E+04,1.572180E+00,2.476893E+00,4.606970E+04,4.857444E+04,1.557797E+00,4.253704E+00,9.454677E+04,5.934573E+04,3.196359E+00,5.197334E+00
19:20:00,4.650382E+04,2.769217E+04,1.572471E+00,2.425007E+00,4.607158E+04,4.819332E+04,1.557857E+00,4.220330E+00,9.455099E+04,5.876033E+04,3.196486E+00,5.146066E+00
19:25:00,4.651211E+04,2.715602E+04,1.572748E+00,2.378056E+00,4.607339E+04,4.788318E+04,1.557915E+00,4.193171E+00,9.455473E+04,5.825206E+04,3.196599E+00,5.101554E+00
19:30:00,4.652001E+04,2.666671E+04,1.573013E+00,2.335206E+00,4.607514E+04,4.763123E+04,1.557971E+00,4.171110E+00,9.455806E+04,5.780965E+04,3.196700E+00,5.062812E+00
19:35:00,4.652756E+04,2.644047E+04,1.573265E+00,2.315394E+00,4.607684E+04,4.741422E+04,1.558026E+00,4.152108E+00,9.456101E+04,5.740767E+04,3.196791E+00,5.027610E+00
19:40:00,4.653481E+04,2.623632E+04,1.573508E+00,2.297520E+00,4.607849E+04,4.721186E+04,1.558079E+00,4.134389E+00,9.456364E+04,5.702442E+04,3.196871E+00,4.994049E+00
19:45:00,4.654178E+04,2.604153E+04,1.573742E+00,2.280465E+00,4.608009E+04,4.701595E+04,1.558131E+00,4.117235E+00,9.456599E+04,5.665106E+04,3.196944E+00,4.961353E+00
19:50:00,4.654850E+04,2.585355E+04,1.573967E+00,2.264006E+00,4.608164E+04,4.682422E+04,1.558181E+00,4.100446E+00,9.456809E+04,5.628413E+04,3.197009E+00,4.929221E+00
19:55:00,4.655499E+04,2.567086E+04,1.574184E+00,2.248009E+00,4.608315E+04,4.663548E+04,1.558230E+00,4.083919E+00,9.456996E+04,5.592206E+04,3.197067E+00,4.897514E+00
20:00:00,4.656127E+04,2.549239E+04,1.574394E+00,2.232383E+00,4.608461E+04,4.644895E+04,1.558278E+00,4.067586E+00,9.457165E+04,5.556332E+04,3.197120E+00,4.866098E+00
20:05:00,4.656735E+04,2.531815E+04,1.574598E+00,2.217126E+00,4.608603E+04,4.626497E+04,1.558324E+00,4.051476E+00,9.457317E+04,5.520846E+04,3.197168E+00,4.835022E+00
20:10:00,4.657326E+04,2.514765E+04,1.574797E+00,2.202197E+00,4.608742E+04,4.608328E+04,1.558369E+00,4.035566E+00,9.457454E+04,5.485684E+04,3.197211E+00,4.804229E+00
20:15:00,4.657901E+04,2.498058E+04,1.574989E+00,2.187568E+00,4.608877E+04,4.590372E+04,1.558414E+00,4.019842E+00,9.457578E+04,5.450815E+04,3.197251E+00,4.773692E+00
20:20:00,4.658460E+04,2.481675E+04,1.575177E+00,2.173222E+00,4.609008E+04,4.572624E+04,1.558457E+00,4.004301E+00,9.457691E+04,5.416221E+04,3.197287E+00,4.743396E+00
20:25:00,4.659005E+04,2.465603E+04,1.575360E+00,2.159150E+00,4.609136E+04,4.555087E+04,1.558499E+00,3.988944E+00,9.457793E+04,5.381897E+04,3.197319E+00,4.713337E+00
20:30:00,4.659537E+04,2.449839E+04,1.575539E+00,2.145346E+00,4.609261E+04,4.537765E+04,1.558540E+00,3.973775E+00,9.457887E+04,5.347854E+04,3.197350E+00,4.683523E+00
20:35:00,4.660057E+04,2.434307E+04,1.575714E+00,2.131746E+00,4.609383E+04,4.520582E+04,1.558580E+00,3.958728E+00,9.457973E+04,5.313964E+04,3.197377E+00,4.653844E+00
20:40:00,4.660566E+04,2.419007E+04,1.575885E+00,2.118349E+00,4.609503E+04,4.503543E+04,1.558619E+00,3.943807E+00,9.458052E+04,5.280244E+04,3.197403E+00,4.624314E+00
20:45:00,4.661064E+04,2.403940E+04,1.576052E+00,2.105155E+00,4.609619E+04,4.486655E+04,1.558658E+00,3.929019E+00,9.458125E+04,5.246706E+04,3.197427E+00,4.594942E+00
20:50:00,4.661551E+04,2.389107E+04,1.576216E+00,2.092166E+00,4.609734E+04,4.469926E+04,1.558695E+00,3.914370E+00,9.458193E+04,5.213372E+04,3.197449E+00,4.565749E+00
20:55:00,4.662029E+04,2.374508E+04,1.576377E+00,2.079382E+00,4.609846E+04,4.453361E+04,1.558732E+00,3.899863E+00,9.458256E+04,5.180254E+04,3.197469E+00,4.536746E+00
21:00:00,4.662498E+04,2.360144E+04,1.576535E+00,2.066804E+00,4.609956E+04,4.436963E+04,1.558769E+00,3.885504E+00,9.458315E+04,5.147376E+04,3.197489E+00,4.507952E+00
21:05:00,4.662959E+04,2.334338E+04,1.576690E+00,2.044207E+00,4.610063E+04,4.420737E+04,1.558805E+00,3.871295E+00,9.458370E+04,5.114747E+04,3.197507E+00,4.479377E+00
21:10:00,4.663411E+04,2.308326E+04,1.576842E+00,2.021426E+00,4.610169E+04,4.404685E+04,1.558840E+00,3.857239E+00,9.458422E+04,5.082391E+04,3.197524E+00,4.451040E+00
21:15:00,4.663856E+04,2.282392E+04,1.576992E+00,1.998715E+00,4.610273E+04,4.388808E+04,1.558874E+00,3.843335E+00,9.458471E+04,5.050314E+04,3.197540E+00,4.422948E+00
21:20:00,4.664293E+04,2.256563E+04,1.577139E+00,1.976096E+00,4.610375E+04,4.373106E+04,1.558908E+00,3.829585E+00,9.458517E+04,5.018537E+04,3.197555E+00,4.395118E+00
21:25:00,4.664723E+04,2.230861E+04,1.577284E+00,1.953588E+00,4.610476E+04,4.357578E+04,1.558942E+00,3.815987E+00,9.458561E+04,4.987064E+04,3.197570E+00,4.367556E+00
21:30:00,4.665146E+04,2.205324E+04,1.577426E+00,1.931223E+00,4.610575E+04,4.342246E+04,1.558975E+00,3.802561E+00,9.458603E+04,4.955992E+04,3.197584E+00,4.340343E+00
21:35:00,4.665563E+04,2.191633E+04,1.577567E+00,1.919234E+00,4.610672E+04,4.327095E+04,1.559007E+00,3.789294E+00,9.458643E+04,4.925279E+04,3.197597E+00,4.313446E+00
21:40:00,4.665974E+04,2.178578E+04,1.577705E+00,1.907803E+00,4.610769E+04,4.312114E+04,1.559039E+00,3.776174E+00,9.458681E+04,4.894913E+04,3.197610E+00,4.286853E+00
21:45:00,4.666379E+04,2.165855E+04,1.577842E+00,1.896661E+00,4.610863E+04,4.297298E+04,1.559071E+00,3.763200E+00,9.458718E+04,4.864898E+04,3.197622E+00,4.260566E+00
21:50:00,4.666778E+04,2.153411E+04,1.577976E+00,1.885764E+00,4.610957E+04,4.282644E+04,1.559102E+00,3.750368E+00,9.458754E+04,4.835236E+04,3.197634E+00,4.234589E+00
21:55:00,4.667171E+04,2.141205E+04,1.578109E+00,1.875077E+00,4.611049E+04,4.268149E+04,1.559133E+00,3.737674E+00,9.458788E+04,4.805927E+04,3.197646E+00,4.208921E+00
22:00:00,4.667559E+04,2.129183E+04,1.578240E+00,1.864549E+00,4.611140E+04,4.253783E+04,1.559163E+00,3.725094E+00,9.458821E+04,4.776892E+04,3.197657E+00,4.183494E+00
22:05:00,4.667941E+04,1.769320E+04,1.578369E+00,1.549414E+00,4.611230E+04,3.538821E+04,1.559193E+00,3.098993E+00,9.458853E+04,3.968617E+04,3.197668E+00,3.475625E+00
22:10:00,4.668319E+04,1.411482E+04,1.578496E+00,1.236051E+00,4.611319E+04,2.826291E+04,1.559223E+00,2.475021E+00,9.458884E+04,3.165263E+04,3.197678E+00,2.772065E+00
22:15:00,4.668691E+04,1.055647E+04,1.578622E+00,9.244423E-01,4.611407E+04,2.162729E+04,1.559253E+00,1.886514E+00,9.458915E+04,2.488866E+04,3.197688E+00,2.159187E+00
22:20:00,4.669059E+04,7.018019E+03,1.578746E+00,6.145760E-01,4.611495E+04,1.595408E+04,1.559282E+00,1.366191E+00,9.458944E+04,1.858315E+04,3.197698E+00,1.579292E+00
22:25:00,4.669422E+04,3.499269E+03,1.578869E+00,3.064350E-01,4.611581E+04,1.036789E+04,1.559311E+00,8.520245E-01,9.458973E+04,1.242534E+04,3.197708E+00,1.010535E+00
22:30:00,4.669781E+04,0.000000E+00,1.578990E+00,0.000000E+00,4.611666E+04,4.831857E+03,1.559340E+00,3.417960E-01,9.459001E+04,6.371617E+03,3.197717E+00,4.499256E-01
22:35:00,4.670135E+04,0.000000E+00,1.579109E+00,0.000000E+00,4.611751E+04,6.350078E+03,1.559368E+00,4.489138E-01,9.459029E+04,8.211796E+03,3.197727E+00,5.797669E-01
22:40:00,4.670485E+04,0.000000E+00,1.579227E+00,0.000000E+00,4.611834E+04,7.888439E+03,1.559396E+00,5.574529E-01,9.459056E+04,1.009326E+04,3.197736E+00,7.125232E-01
22:45:00,4.670831E+04,0.000000E+00,1.579344E+00,0.000000E+00,4.611918E+04,8.978524E+03,1.559424E+00,6.338588E-01,9.459083E+04,1.078903E+04,3.197745E+00,7.613476E-01
22:50:00,4.671172E+04,0.000000E+00,1.579459E+00,0.000000E+00,4.612000E+04,9.144882E+03,1.559452E+00,6.452145E-01,9.459109E+04,1.110168E+04,3.197754E+00,7.833248E-01
22:55:00,4.671510E+04,8.331697E+01,1.579573E+00,5.883249E-03,4.612081E+04,9.260853E+03,1.559479E+00,6.534005E-01,9.459134E+04,1.133759E+04,3.197762E+00,7.999841E-01
23:00:00,4.671843E+04,8.331697E+01,1.579686E+00,5.883249E-03,4.612162E+04,9.361559E+03,1.559506E+00,6.605079E-01,9.459160E+04,1.153478E+04,3.197771E+00,8.139070E-01
23:05:00,4.672173E+04,8.331697E+01,1.579797E+00,5.883249E-03,4.612243E+04,9.448684E+03,1.559533E+00,6.666569E-01,9.459184E+04,1.169534E+04,3.197779E+00,8.252444E-01
23:10:00,4.672499E+04,8.331697E+01,1.579907E+00,5.883249E-03,4.612322E+04,9.524713E+03,1.559560E+00,6.720230E-01,9.459209E+04,1.182602E+04,3.197787E+00,8.344735E-01
23:15:00,4.672821E+04,1.375806E+02,1.580016E+00,9.720640E-03,4.612402E+04,9.591461E+03,1.559587E+00,6.767342E-01,9.459233E+04,1.193059E+04,3.197796E+00,8.418589E-01
23:20:00,4.673140E+04,1.375806E+02,1.580124E+00,9.720640E-03,4.612480E+04,9.650534E+03,1.559613E+00,6.809038E-01,9.459257E+04,1.201405E+04,3.197804E+00,8.477546E-01
23:25:00,4.673455E+04,5.426363E+01,1.580230E+00,3.837391E-03,4.612558E+04,9.702955E+03,1.559640E+00,6.846040E-01,9.459280E+04,1.207847E+04,3.197812E+00,8.523063E-01
23:30:00,4.673767E+04,5.426363E+01,1.580336E+00,3.837391E-03,4.612636E+04,9.749578E+03,1.559666E+00,6.878951E-01,9.459303E+04,1.212661E+04,3.197819E+00,8.557086E-01
23:35:00,4.674075E+04,1.519909E+02,1.580440E+00,1.074406E-02,4.612712E+04,9.791163E+03,1.559692E+00,6.908306E-01,9.459326E+04,1.216023E+04,3.197827E+00,8.580863E-01
23:40:00,4.674380E+04,1.519909E+02,1.580543E+00,1.074406E-02,4.612789E+04,9.828345E+03,1.559717E+00,6.934554E-01,9.459349E+04,1.218144E+04,3.197835E+00,8.595870E-01
23:45:00,4.674681E+04,9.772722E+01,1.580645E+00,6.906672E-03,4.612865E+04,9.861661E+03,1.559743E+00,6.958073E-01,9.459371E+04,1.219150E+04,3.197842E+00,8.603006E-01
23:50:00,4.674979E+04,9.772722E+01,1.580745E+00,6.906672E-03,4.612940E+04,9.891576E+03,1.559768E+00,6.979193E-01,9.459393E+04,1.219194E+04,3.197850E+00,8.603354E-01
23:55:00,4.675274E+04,2.085487E+02,1.580845E+00,1.473708E-02,4.613015E+04,9.918490E+03,1.559794E+00,6.998194E-01,9.459415E+04,1.218374E+04,3.197857E+00,8.597590E-01
24:00:00,4.675566E+04,2.085487E+02,1.580944E+00,1.473708E-02,4.613090E+04,9.942744E+03,1.559819E+00,7.015318E-01,9.459436E+04,1.216802E+04,3.197864E+00,8.586526E-01
Peak,4.690365E+04,4.445904E+04,1.585947E+00,3.893400E+00,4.617522E+04,6.488750E+04,1.561317E+00,5.464708E+00,9.460595E+04,7.075679E+04,3.198256E+00,6.196740E+00

Peak Vol Flow (m3/s),,,1.348727E+00,3.311039E+00,,,1.327780E+00,4.647316E+00,,,2.719872E+00,5.269853E+00
