cur_datetime,canTemp,ForcTemp_K,sensWaste,wallSun_K,wallShade_K,roof_K,MeteoData.Tatm,MeteoData.Pre,TempProf_cur[1.0],TempProf_cur[2.0],TempProf_cur[3.0],TempProf_cur[4.0],TempProf_cur[5.0],TempProf_cur[6.0],TempProf_cur[7.0],TempProf_cur[8.0],TempProf_cur[9.0],TempProf_cur[10.0],TempProf_cur[11.0],TempProf_cur[12.0],TempProf_cur[13.0],TempProf_cur[14.0],TempProf_cur[15.0],TempProf_cur[16.0],TempProf_cur[17.0],TempProf_cur[18.0],TempProf_cur[19.0],TempProf_cur[20.0],TempProf_cur[21.0],TempProf_cur[22.0],TempProf_cur[23.0],TempProf_cur[24.0],TempProf_cur[25.0],TempProf_cur[26.0],TempProf_cur[27.0],TempProf_cur[28.0],TempProf_cur[29.0],TempProf_cur[30.0],TempProf_cur[31.0],TempProf_cur[32.0],TempProf_cur[33.0],TempProf_cur[34.0],TempProf_cur[35.0],TempProf_cur[36.0],TempProf_cur[37.0],TempProf_cur[38.0],TempProf_cur[39.0],TempProf_cur[40.0],TempProf_cur[41.0],TempProf_cur[42.0],TempProf_cur[43.0],TempProf_cur[44.0],TempProf_cur[45.0],TempProf_cur[46.0],TempProf_cur[47.0],TempProf_cur[48.0],TempProf_cur[49.0],TempProf_cur[50.0],PresProf_cur[1.0],PresProf_cur[2.0],PresProf_cur[3.0],PresProf_cur[4.0],PresProf_cur[5.0],PresProf_cur[6.0],PresProf_cur[7.0],PresProf_cur[8.0],PresProf_cur[9.0],PresProf_cur[10.0],PresProf_cur[11.0],PresProf_cur[12.0],PresProf_cur[13.0],PresProf_cur[14.0],PresProf_cur[15.0],PresProf_cur[16.0],PresProf_cur[17.0],PresProf_cur[18.0],PresProf_cur[19.0],PresProf_cur[20.0],PresProf_cur[21.0],PresProf_cur[22.0],PresProf_cur[23.0],PresProf_cur[24.0],PresProf_cur[25.0],PresProf_cur[26.0],PresProf_cur[27.0],PresProf_cur[28.0],PresProf_cur[29.0],PresProf_cur[30.0],PresProf_cur[31.0],PresProf_cur[32.0],PresProf_cur[33.0],PresProf_cur[34.0],PresProf_cur[35.0],PresProf_cur[36.0],PresProf_cur[37.0],PresProf_cur[38.0],PresProf_cur[39.0],PresProf_cur[40.0],PresProf_cur[41.0],PresProf_cur[42.0],PresProf_cur[43.0],PresProf_cur[44.0],PresProf_cur[45.0],PresProf_cur[46.0],PresProf_cur[47.0],PresProf_cur[48.0],PresProf_cur[49.0],PresProf_cur[50.0],
2004-06-01 00:00:00,296.184,289.473,0.000,290.249,290.842,290.601,287.334,99733.833,296.756,296.738,296.705,296.655,296.591,296.512,296.420,296.313,296.194,296.061,295.915,295.756,295.583,295.392,295.164,294.629,294.511,294.399,294.289,294.180,294.076,293.973,293.870,293.763,293.651,293.533,293.411,293.284,293.152,293.016,292.875,292.731,292.582,292.430,292.273,292.113,291.948,291.780,291.609,291.433,291.254,291.071,290.885,290.695,290.501,290.304,290.103,289.898,289.690,289.473,100304.102,100292.567,100281.033,100269.498,100257.961,100246.423,100234.883,100223.339,100211.792,100200.241,100188.686,100177.126,100165.560,100153.988,100142.408,100130.815,100119.210,100107.601,100095.988,100084.373,100072.754,100061.132,100049.507,100037.879,100026.247,100014.612,100002.973,99991.330,99979.682,99968.031,99956.375,99944.714,99933.048,99921.378,99909.702,99898.021,99886.334,99874.642,99862.943,99851.239,99839.529,99827.812,99816.089,99804.359,99792.623,99780.879,99769.129,99757.371,99745.606,99733.833,
2004-06-01 00:05:00,291.609,289.343,0.000,290.224,290.806,290.707,287.334,99731.472,292.794,292.669,292.516,292.343,292.155,291.960,291.764,291.574,291.391,291.217,291.051,290.895,290.747,290.604,290.456,290.177,290.124,290.079,290.040,290.004,289.973,289.944,289.916,289.890,289.863,289.836,289.810,289.785,289.759,289.734,289.710,289.686,289.662,289.639,289.616,289.594,289.573,289.552,289.532,289.512,289.492,289.474,289.455,289.438,289.421,289.404,289.388,289.373,289.358,289.343,100311.481,100299.769,100288.052,100276.330,100264.601,100252.865,100241.123,100229.374,100217.619,100205.857,100194.089,100182.316,100170.538,100158.754,100146.966,100135.170,100123.369,100111.566,100099.763,100087.959,100076.155,100064.350,100052.545,100040.741,100028.936,100017.131,100005.326,99993.521,99981.716,99969.911,99958.106,99946.301,99934.495,99922.690,99910.885,99899.080,99887.276,99875.471,99863.666,99851.862,99840.058,99828.254,99816.450,99804.647,99792.844,99781.041,99769.239,99757.436,99745.635,99733.833,
2004-06-01 00:10:00,290.298,289.373,0.000,290.195,290.776,290.566,287.334,99729.111,291.135,290.978,290.826,290.683,290.551,290.429,290.318,290.217,290.125,290.041,289.965,289.895,289.831,289.771,289.710,289.594,289.572,289.555,289.541,289.529,289.520,289.511,289.503,289.496,289.489,289.483,289.476,289.470,289.464,289.458,289.453,289.448,289.442,289.437,289.432,289.428,289.423,289.419,289.414,289.410,289.406,289.402,289.398,289.394,289.391,289.387,289.383,289.380,289.377,289.373,100312.595,100300.815,100289.030,100277.239,100265.445,100253.645,100241.843,100230.037,100218.228,100206.416,100194.602,100182.786,100170.969,100159.150,100147.329,100135.506,100123.681,100111.856,100100.032,100088.208,100076.384,100064.561,100052.739,100040.918,100029.097,100017.277,100005.458,99993.639,99981.822,99970.005,99958.188,99946.373,99934.558,99922.744,99910.931,99899.119,99887.307,99875.497,99863.687,99851.878,99840.069,99828.262,99816.455,99804.650,99792.845,99781.041,99769.238,99757.435,99745.634,99733.833,
2004-06-01 00:15:00,290.496,289.338,0.000,290.169,290.746,290.463,287.334,99726.750,291.640,291.411,291.195,290.997,290.817,290.654,290.507,290.374,290.255,290.148,290.052,289.964,289.885,289.810,289.735,289.591,289.562,289.541,289.523,289.509,289.497,289.487,289.479,289.470,289.463,289.455,289.448,289.441,289.435,289.429,289.423,289.417,289.411,289.406,289.401,289.396,289.391,289.386,289.382,289.377,289.373,289.368,289.364,289.360,289.356,289.352,289.349,289.345,289.341,289.338,100312.527,100300.765,100288.996,100277.220,100265.437,100253.648,100241.853,100230.054,100218.251,100206.444,100194.634,100182.822,100171.006,100159.189,100147.370,100135.547,100123.722,100111.896,100100.071,100088.246,100076.422,100064.598,100052.775,100040.953,100029.131,100017.310,100005.489,99993.669,99981.850,99970.032,99958.215,99946.398,99934.582,99922.767,99910.952,99899.139,99887.326,99875.514,99863.702,99851.892,99840.082,99828.274,99816.466,99804.659,99792.852,99781.047,99769.242,99757.438,99745.635,99733.833,
2004-06-01 00:20:00,290.755,289.368,0.000,290.144,290.717,290.391,287.334,99724.389,292.013,291.790,291.570,291.357,291.156,290.967,290.794,290.635,290.491,290.360,290.241,290.133,290.034,289.941,289.847,289.667,289.630,289.604,289.582,289.564,289.550,289.538,289.527,289.517,289.508,289.499,289.490,289.482,289.475,289.468,289.461,289.454,289.448,289.442,289.436,289.430,289.425,289.420,289.414,289.410,289.405,289.400,289.396,289.392,289.387,289.383,289.379,289.375,289.372,289.368,100312.318,100300.573,100288.819,100277.057,100265.288,100253.512,100241.730,100229.942,100218.149,100206.351,100194.550,100182.744,100170.935,100159.124,100147.310,100135.491,100123.668,100111.846,100100.023,100088.200,100076.378,100064.557,100052.736,100040.915,100029.095,100017.276,100005.457,99993.639,99981.822,99970.005,99958.189,99946.374,99934.559,99922.746,99910.933,99899.120,99887.309,99875.498,99863.688,99851.879,99840.071,99828.263,99816.457,99804.651,99792.846,99781.042,99769.238,99757.436,99745.634,99733.833,
2004-06-01 00:25:00,290.915,289.355,0.000,290.120,290.689,290.327,287.334,99722.028,292.163,291.959,291.754,291.552,291.355,291.166,290.987,290.820,290.665,290.521,290.389,290.266,290.153,290.045,289.935,289.722,289.679,289.647,289.621,289.600,289.583,289.568,289.556,289.543,289.532,289.521,289.511,289.501,289.492,289.483,289.475,289.466,289.458,289.451,289.443,289.436,289.429,289.423,289.416,289.410,289.404,289.398,289.392,289.386,289.381,289.375,289.370,289.365,289.360,289.355,100312.205,100300.465,100288.719,100276.965,100265.204,100253.436,100241.662,100229.881,100218.095,100206.305,100194.509,100182.709,100170.906,100159.099,100147.288,100135.472,100123.652,100111.831,100100.010,100088.190,100076.369,100064.549,100052.729,100040.909,100029.090,100017.272,100005.454,99993.637,99981.820,99970.004,99958.189,99946.374,99934.560,99922.747,99910.934,99899.122,99887.311,99875.501,99863.691,99851.882,99840.074,99828.266,99816.459,99804.653,99792.848,99781.043,99769.240,99757.437,99745.635,99733.833,
2004-06-01 00:30:00,290.965,289.384,0.000,290.098,290.662,290.261,287.334,99719.667,292.159,291.969,291.779,291.589,291.403,291.223,291.051,290.888,290.735,290.591,290.457,290.331,290.215,290.103,289.988,289.763,289.718,289.685,289.658,289.636,289.618,289.603,289.589,289.576,289.564,289.553,289.542,289.532,289.523,289.513,289.504,289.496,289.488,289.480,289.472,289.465,289.458,289.451,289.445,289.438,289.432,289.426,289.420,289.415,289.409,289.404,289.399,289.394,289.389,289.384,100312.130,100300.391,100288.645,100276.892,100265.133,100253.367,100241.595,100229.818,100218.035,100206.247,100194.454,100182.657,100170.856,100159.052,100147.244,100135.429,100123.611,100111.792,100099.972,100088.153,100076.333,100064.515,100052.696,100040.878,100029.060,100017.243,100005.427,99993.611,99981.796,99969.981,99958.167,99946.353,99934.540,99922.728,99910.917,99899.106,99887.296,99875.487,99863.678,99851.870,99840.063,99828.257,99816.451,99804.646,99792.842,99781.039,99769.236,99757.434,99745.633,99733.833,
2004-06-01 00:35:00,290.920,289.245,0.000,290.077,290.638,290.196,287.333,99717.306,292.120,291.929,291.737,291.547,291.361,291.181,291.009,290.845,290.691,290.547,290.411,290.283,290.164,290.049,289.931,289.698,289.651,289.617,289.589,289.565,289.546,289.529,289.514,289.500,289.486,289.473,289.461,289.449,289.437,289.426,289.415,289.404,289.394,289.384,289.374,289.364,289.355,289.346,289.336,289.328,289.319,289.310,289.302,289.293,289.285,289.277,289.269,289.261,289.253,289.245,100312.293,100300.552,100288.804,100277.050,100265.289,100253.521,100241.748,100229.968,100218.184,100206.394,100194.599,100182.800,100170.998,100159.191,100147.380,100135.564,100123.742,100111.921,100100.098,100088.276,100076.454,100064.632,100052.810,100040.989,100029.168,100017.348,100005.528,99993.709,99981.890,99970.072,99958.254,99946.437,99934.620,99922.804,99910.989,99899.174,99887.360,99875.546,99863.733,99851.921,99840.109,99828.298,99816.488,99804.678,99792.869,99781.060,99769.253,99757.446,99745.639,99733.833,
2004-06-01 00:40:00,290.737,289.080,0.000,290.056,290.614,290.117,287.333,99714.944,291.913,291.728,291.541,291.354,291.171,290.994,290.824,290.663,290.511,290.369,290.236,290.111,289.994,289.882,289.766,289.539,289.494,289.460,289.432,289.409,289.389,289.372,289.357,289.343,289.329,289.316,289.303,289.290,289.278,289.267,289.255,289.244,289.234,289.223,289.213,289.203,289.193,289.183,289.174,289.165,289.156,289.147,289.138,289.129,289.121,289.113,289.104,289.096,289.088,289.080,100312.627,100300.878,100289.122,100277.360,100265.591,100253.816,100242.035,100230.248,100218.456,100206.659,100194.857,100183.051,100171.241,100159.428,100147.610,100135.787,100123.959,100112.131,100100.302,100088.473,100076.645,100064.816,100052.988,100041.161,100029.334,100017.507,100005.681,99993.855,99982.030,99970.205,99958.381,99946.557,99934.734,99922.911,99911.089,99899.268,99887.447,99875.627,99863.807,99851.988,99840.170,99828.352,99816.535,99804.718,99792.902,99781.087,99769.273,99757.459,99745.646,99733.833,
2004-06-01 00:45:00,290.519,288.920,0.000,290.038,290.594,290.024,287.333,99712.583,291.706,291.514,291.322,291.131,290.945,290.765,290.595,290.436,290.286,290.147,290.017,289.897,289.784,289.677,289.567,289.352,289.309,289.277,289.250,289.228,289.210,289.194,289.179,289.166,289.153,289.140,289.128,289.116,289.105,289.094,289.083,289.073,289.063,289.053,289.043,289.034,289.025,289.016,289.007,288.999,288.990,288.982,288.974,288.966,288.958,288.950,288.943,288.935,288.928,288.920,100312.998,100301.241,100289.476,100277.705,100265.927,100254.143,100242.352,100230.556,100218.755,100206.949,100195.138,100183.323,100171.504,100159.682,100147.857,100136.026,100124.190,100112.354,100100.518,100088.682,100076.846,100065.010,100053.175,100041.340,100029.506,100017.672,100005.838,99994.005,99982.173,99970.341,99958.510,99946.679,99934.849,99923.019,99911.190,99899.362,99887.534,99875.707,99863.881,99852.055,99840.230,99828.405,99816.581,99804.758,99792.936,99781.114,99769.293,99757.472,99745.652,99733.833,
2004-06-01 00:50:00,290.315,288.800,0.000,290.019,290.574,289.923,287.333,99710.222,291.473,291.284,291.094,290.907,290.724,290.549,290.383,290.229,290.085,289.951,289.827,289.712,289.606,289.504,289.400,289.197,289.157,289.126,289.101,289.080,289.063,289.048,289.034,289.022,289.010,288.998,288.987,288.976,288.966,288.956,288.946,288.936,288.927,288.918,288.910,288.901,288.893,288.885,288.877,288.869,288.862,288.854,288.847,288.840,288.833,288.826,288.819,288.813,288.806,288.800,100313.312,100301.545,100289.771,100277.990,100266.203,100254.410,100242.611,100230.807,100218.997,100207.182,100195.364,100183.541,100171.715,100159.886,100148.054,100136.216,100124.374,100112.532,100100.690,100088.847,100077.005,100065.164,100053.322,100041.481,100029.641,100017.801,100005.962,99994.123,99982.285,99970.447,99958.610,99946.774,99934.938,99923.103,99911.269,99899.435,99887.602,99875.769,99863.937,99852.106,99840.276,99828.446,99816.617,99804.788,99792.961,99781.134,99769.308,99757.482,99745.657,99733.833,
2004-06-01 00:55:00,290.196,288.682,0.000,290.002,290.558,289.821,287.333,99707.861,291.373,291.178,290.983,290.791,290.606,290.428,290.261,290.106,289.961,289.827,289.703,289.588,289.482,289.381,289.277,289.076,289.035,289.004,288.979,288.959,288.941,288.927,288.913,288.901,288.889,288.877,288.866,288.856,288.845,288.835,288.826,288.817,288.807,288.799,288.790,288.782,288.774,288.766,288.758,288.751,288.743,288.736,288.729,288.722,288.715,288.708,288.702,288.695,288.689,288.682,100313.552,100301.781,100290.003,100278.218,100266.426,100254.628,100242.824,100231.014,100219.200,100207.380,100195.556,100183.729,100171.898,100160.063,100148.226,100136.383,100124.536,100112.689,100100.842,100088.995,100077.147,100065.301,100053.454,100041.609,100029.763,100017.919,100006.074,99994.231,99982.388,99970.545,99958.703,99946.862,99935.021,99923.181,99911.342,99899.503,99887.665,99875.827,99863.991,99852.155,99840.319,99828.485,99816.651,99804.817,99792.985,99781.153,99769.322,99757.492,99745.662,99733.833,
2004-06-01 01:00:00,290.090,288.591,0.000,289.979,290.532,289.744,287.333,99705.500,291.247,291.058,290.867,290.680,290.497,290.322,290.157,290.003,289.859,289.726,289.603,289.489,289.383,289.282,289.179,288.978,288.937,288.907,288.882,288.861,288.844,288.829,288.816,288.803,288.792,288.780,288.769,288.759,288.749,288.739,288.730,288.721,288.712,288.703,288.695,288.687,288.679,288.671,288.664,288.657,288.649,288.642,288.636,288.629,288.622,288.616,288.610,288.603,288.597,288.591,100313.750,100301.974,100290.191,100278.401,100266.605,100254.803,100242.994,100231.180,100219.361,100207.538,100195.710,100183.878,100172.043,100160.205,100148.363,100136.516,100124.666,100112.814,100100.963,100089.112,100077.261,100065.410,100053.560,100041.710,100029.860,100018.012,100006.163,99994.316,99982.469,99970.622,99958.776,99946.931,99935.086,99923.242,99911.399,99899.556,99887.714,99875.873,99864.033,99852.193,99840.353,99828.515,99816.677,99804.840,99793.004,99781.168,99769.333,99757.499,99745.666,99733.833,
2004-06-01 01:05:00,290.033,288.519,0.000,289.956,290.505,289.674,287.342,99703.931,291.209,291.015,290.822,290.631,290.445,290.268,290.100,289.944,289.799,289.664,289.539,289.424,289.317,289.215,289.110,288.907,288.865,288.834,288.808,288.788,288.770,288.755,288.742,288.729,288.717,288.706,288.695,288.685,288.675,288.665,288.656,288.647,288.638,288.629,288.621,288.613,288.605,288.598,288.591,288.583,288.576,288.569,288.563,288.556,288.550,288.543,288.537,288.531,288.525,288.519,100313.889,100302.111,100290.326,100278.534,100266.736,100254.931,100243.121,100231.305,100219.483,100207.657,100195.827,100183.992,100172.154,100160.313,100148.469,100136.619,100124.765,100112.911,100101.057,100089.202,100077.348,100065.495,100053.641,100041.788,100029.936,100018.084,100006.233,99994.382,99982.532,99970.682,99958.834,99946.985,99935.138,99923.290,99911.444,99899.598,99887.753,99875.909,99864.065,99852.223,99840.380,99828.539,99816.698,99804.858,99793.019,99781.180,99769.342,99757.505,99745.669,99733.833,
2004-06-01 01:10:00,289.964,288.461,0.000,289.934,290.479,289.603,287.351,99702.361,291.115,290.928,290.740,290.554,290.373,290.199,290.034,289.879,289.736,289.602,289.478,289.364,289.257,289.156,289.051,288.848,288.806,288.774,288.749,288.728,288.710,288.695,288.682,288.669,288.658,288.646,288.635,288.625,288.615,288.605,288.596,288.587,288.578,288.570,288.562,288.554,288.546,288.538,288.531,288.524,288.517,288.510,288.504,288.497,288.491,288.484,288.478,288.472,288.466,288.461,100314.014,100302.232,100290.444,100278.649,100266.848,100255.040,100243.227,100231.408,100219.584,100207.755,100195.922,100184.085,100172.245,100160.401,100148.555,100136.702,100124.846,100112.990,100101.133,100089.276,100077.419,100065.563,100053.707,100041.852,100029.997,100018.143,100006.289,99994.436,99982.583,99970.731,99958.880,99947.029,99935.179,99923.329,99911.481,99899.632,99887.785,99875.938,99864.092,99852.247,99840.402,99828.558,99816.715,99804.872,99793.031,99781.190,99769.350,99757.510,99745.671,99733.833,
2004-06-01 01:15:00,289.916,288.395,0.000,289.911,290.453,289.536,287.360,99700.792,291.080,290.889,290.698,290.509,290.326,290.150,289.984,289.829,289.685,289.551,289.427,289.312,289.205,289.103,288.998,288.792,288.749,288.717,288.691,288.670,288.652,288.636,288.623,288.610,288.598,288.586,288.575,288.564,288.554,288.544,288.535,288.525,288.516,288.508,288.499,288.491,288.483,288.476,288.468,288.461,288.453,288.446,288.440,288.433,288.426,288.420,288.414,288.407,288.401,288.395,100314.130,100302.347,100290.557,100278.760,100266.957,100255.148,100243.332,100231.511,100219.685,100207.854,100196.019,100184.180,100172.338,100160.492,100148.643,100136.789,100124.930,100113.071,100101.212,100089.353,100077.494,100065.635,100053.777,100041.919,100030.062,100018.205,100006.349,99994.493,99982.638,99970.783,99958.929,99947.076,99935.223,99923.371,99911.520,99899.669,99887.819,99875.970,99864.121,99852.273,99840.426,99828.579,99816.734,99804.888,99793.044,99781.200,99769.358,99757.515,99745.674,99733.833,
2004-06-01 01:20:00,289.838,288.338,0.000,289.888,290.426,289.473,287.369,99699.222,290.972,290.788,290.603,290.420,290.241,290.069,289.907,289.755,289.613,289.481,289.359,289.246,289.141,289.040,288.937,288.733,288.690,288.658,288.633,288.611,288.594,288.578,288.565,288.552,288.540,288.528,288.517,288.506,288.496,288.486,288.477,288.468,288.459,288.450,288.442,288.434,288.426,288.418,288.411,288.403,288.396,288.389,288.382,288.376,288.369,288.363,288.357,288.351,288.344,288.338,100314.258,100302.470,100290.676,100278.876,100267.069,100255.256,100243.438,100231.614,100219.785,100207.951,100196.113,100184.271,100172.426,100160.578,100148.726,100136.869,100125.009,100113.147,100101.285,100089.424,100077.562,100065.701,100053.841,100041.981,100030.121,100018.262,100006.403,99994.545,99982.687,99970.831,99958.974,99947.119,99935.264,99923.409,99911.555,99899.702,99887.850,99875.998,99864.147,99852.297,99840.447,99828.598,99816.750,99804.903,99793.056,99781.210,99769.365,99757.520,99745.676,99733.833,
2004-06-01 01:25:00,289.783,288.276,0.000,289.865,290.399,289.413,287.378,99697.653,290.931,290.743,290.554,290.367,290.186,290.013,289.849,289.696,289.554,289.422,289.300,289.187,289.082,288.982,288.878,288.674,288.631,288.600,288.574,288.552,288.534,288.519,288.505,288.492,288.480,288.468,288.457,288.447,288.436,288.426,288.417,288.407,288.398,288.390,288.381,288.373,288.365,288.357,288.350,288.342,288.335,288.328,288.321,288.314,288.308,288.301,288.295,288.289,288.283,288.276,100314.376,100302.587,100290.792,100278.989,100267.180,100255.365,100243.544,100231.718,100219.886,100208.050,100196.210,100184.366,100172.518,100160.667,100148.813,100136.954,100125.091,100113.227,100101.363,100089.499,100077.635,100065.771,100053.908,100042.046,100030.183,100018.322,100006.461,99994.600,99982.740,99970.881,99959.022,99947.164,99935.306,99923.449,99911.593,99899.738,99887.883,99876.028,99864.175,99852.322,99840.470,99828.618,99816.768,99804.918,99793.068,99781.220,99769.372,99757.525,99745.679,99733.833,
2004-06-01 01:30:00,289.700,288.221,0.000,289.842,290.373,289.356,287.387,99696.083,290.819,290.637,290.454,290.273,290.096,289.927,289.766,289.616,289.477,289.348,289.229,289.118,289.015,288.916,288.814,288.614,288.572,288.540,288.515,288.493,288.476,288.460,288.447,288.434,288.422,288.411,288.400,288.389,288.379,288.369,288.359,288.350,288.341,288.333,288.325,288.316,288.309,288.301,288.293,288.286,288.279,288.272,288.265,288.259,288.252,288.246,288.240,288.233,288.227,288.221,100314.506,100302.713,100290.913,100279.106,100267.294,100255.475,100243.650,100231.821,100219.986,100208.147,100196.303,100184.456,100172.606,100160.753,100148.896,100137.034,100125.168,100113.302,100101.435,100089.569,100077.703,100065.837,100053.971,100042.106,100030.242,100018.378,100006.514,99994.651,99982.789,99970.927,99959.066,99947.205,99935.346,99923.486,99911.628,99899.770,99887.913,99876.056,99864.200,99852.345,99840.490,99828.637,99816.784,99804.931,99793.080,99781.229,99769.379,99757.530,99745.681,99733.833,
2004-06-01 01:35:00,289.650,288.162,0.000,289.819,290.346,289.303,287.396,99694.514,290.787,290.599,290.411,290.226,290.047,289.875,289.714,289.563,289.422,289.293,289.173,289.062,288.958,288.860,288.758,288.557,288.515,288.483,288.457,288.436,288.418,288.403,288.389,288.377,288.364,288.353,288.342,288.331,288.321,288.311,288.301,288.292,288.283,288.275,288.266,288.258,288.250,288.243,288.235,288.228,288.221,288.214,288.207,288.200,288.194,288.187,288.181,288.175,288.169,288.162,100314.620,100302.824,100291.023,100279.215,100267.400,100255.579,100243.753,100231.921,100220.084,100208.242,100196.397,100184.547,100172.695,100160.839,100148.980,100137.116,100125.247,100113.379,100101.510,100089.641,100077.772,100065.904,100054.036,100042.169,100030.302,100018.435,100006.570,99994.704,99982.839,99970.975,99959.112,99947.249,99935.387,99923.525,99911.664,99899.804,99887.944,99876.085,99864.227,99852.369,99840.512,99828.656,99816.801,99804.946,99793.092,99781.239,99769.386,99757.535,99745.684,99733.833,
2004-06-01 01:40:00,289.572,288.109,0.000,289.796,290.320,289.252,287.405,99692.944,290.680,290.499,290.317,290.138,289.963,289.795,289.636,289.488,289.351,289.223,289.105,288.996,288.894,288.797,288.697,288.499,288.457,288.426,288.400,288.379,288.362,288.346,288.333,288.320,288.308,288.297,288.286,288.275,288.265,288.256,288.246,288.237,288.228,288.220,288.211,288.203,288.196,288.188,288.181,288.173,288.166,288.159,288.153,288.146,288.140,288.133,288.127,288.121,288.115,288.109,100314.744,100302.945,100291.139,100279.327,100267.509,100255.685,100243.855,100232.020,100220.180,100208.336,100196.487,100184.635,100172.780,100160.921,100149.060,100137.193,100125.323,100113.451,100101.580,100089.709,100077.838,100065.967,100054.097,100042.227,100030.358,100018.489,100006.621,99994.754,99982.887,99971.020,99959.154,99947.289,99935.425,99923.561,99911.697,99899.835,99887.973,99876.112,99864.251,99852.391,99840.532,99828.674,99816.816,99804.959,99793.103,99781.248,99769.393,99757.539,99745.686,99733.833,
2004-06-01 01:45:00,289.528,288.053,0.000,289.772,290.293,289.204,287.414,99691.375,290.657,290.470,290.284,290.100,289.922,289.752,289.591,289.441,289.302,289.174,289.055,288.945,288.843,288.745,288.644,288.445,288.403,288.371,288.346,288.325,288.307,288.292,288.278,288.266,288.254,288.242,288.231,288.220,288.210,288.200,288.191,288.182,288.173,288.164,288.156,288.148,288.140,288.132,288.125,288.118,288.111,288.104,288.097,288.090,288.084,288.077,288.071,288.065,288.059,288.053,100314.849,100303.049,100291.242,100279.428,100267.609,100255.783,100243.951,100232.114,100220.272,100208.426,100196.575,100184.721,100172.864,100161.003,100149.139,100137.271,100125.398,100113.525,100101.651,100089.778,100077.904,100066.031,100054.159,100042.287,100030.415,100018.544,100006.674,99994.804,99982.935,99971.066,99959.198,99947.330,99935.464,99923.597,99911.732,99899.867,99888.003,99876.139,99864.276,99852.414,99840.553,99828.692,99816.832,99804.973,99793.115,99781.257,99769.400,99757.544,99745.688,99733.833,
2004-06-01 01:50:00,289.455,288.002,0.000,289.749,290.267,289.158,287.423,99689.806,290.555,290.375,290.195,290.017,289.843,289.677,289.519,289.372,289.235,289.109,288.992,288.883,288.782,288.686,288.586,288.390,288.348,288.317,288.291,288.270,288.253,288.238,288.224,288.212,288.200,288.189,288.178,288.167,288.157,288.147,288.138,288.129,288.120,288.112,288.103,288.095,288.088,288.080,288.073,288.066,288.059,288.052,288.045,288.038,288.032,288.026,288.020,288.014,288.008,288.002,100314.967,100303.163,100291.353,100279.536,100267.713,100255.883,100244.049,100232.209,100220.364,100208.515,100196.662,100184.805,100172.945,100161.082,100149.216,100137.345,100125.470,100113.594,100101.719,100089.843,100077.967,100066.092,100054.218,100042.343,100030.470,100018.596,100006.724,99994.852,99982.980,99971.109,99959.239,99947.369,99935.500,99923.632,99911.764,99899.897,99888.031,99876.165,99864.300,99852.436,99840.572,99828.709,99816.847,99804.986,99793.125,99781.265,99769.406,99757.548,99745.690,99733.833,
2004-06-01 01:55:00,289.417,287.949,0.000,289.727,290.241,289.114,287.432,99688.236,290.539,290.354,290.169,289.986,289.809,289.640,289.480,289.331,289.192,289.065,288.946,288.837,288.735,288.638,288.538,288.339,288.297,288.266,288.240,288.219,288.201,288.186,288.173,288.160,288.148,288.137,288.126,288.115,288.105,288.095,288.086,288.077,288.068,288.059,288.051,288.043,288.035,288.028,288.020,288.013,288.006,287.999,287.992,287.986,287.979,287.973,287.967,287.961,287.955,287.949,100315.065,100303.260,100291.448,100279.630,100267.806,100255.975,100244.139,100232.297,100220.451,100208.600,100196.745,100184.887,100173.025,100161.160,100149.291,100137.418,100125.541,100113.663,100101.786,100089.908,100078.030,100066.153,100054.276,100042.400,100030.524,100018.648,100006.774,99994.899,99983.026,99971.153,99959.280,99947.408,99935.537,99923.667,99911.797,99899.927,99888.059,99876.191,99864.324,99852.458,99840.592,99828.727,99816.862,99804.999,99793.136,99781.274,99769.413,99757.552,99745.692,99733.833,
2004-06-01 02:00:00,289.347,287.900,0.000,289.715,290.226,289.088,287.441,99686.667,290.439,290.262,290.083,289.906,289.733,289.568,289.411,289.265,289.129,289.003,288.886,288.778,288.678,288.581,288.483,288.287,288.245,288.214,288.188,288.167,288.150,288.135,288.122,288.109,288.097,288.086,288.075,288.064,288.054,288.045,288.035,288.026,288.018,288.009,288.001,287.993,287.985,287.978,287.971,287.963,287.956,287.950,287.943,287.936,287.930,287.924,287.918,287.912,287.906,287.900,100315.178,100303.369,100291.554,100279.732,100267.905,100256.071,100244.232,100232.388,100220.539,100208.685,100196.828,100184.966,100173.102,100161.235,100149.364,100137.489,100125.610,100113.730,100101.850,100089.970,100078.090,100066.211,100054.332,100042.453,100030.575,100018.698,100006.821,99994.945,99983.069,99971.194,99959.319,99947.445,99935.572,99923.699,99911.827,99899.956,99888.085,99876.216,99864.346,99852.478,99840.610,99828.743,99816.877,99805.011,99793.146,99781.282,99769.419,99757.556,99745.694,99733.833,
2004-06-01 02:05:00,289.332,287.892,0.000,289.704,290.213,289.068,287.444,99685.875,290.445,290.261,290.077,289.896,289.720,289.552,289.394,289.246,289.109,288.982,288.865,288.756,288.656,288.560,288.461,288.265,288.224,288.193,288.167,288.147,288.129,288.115,288.101,288.089,288.078,288.067,288.056,288.046,288.036,288.027,288.018,288.009,288.001,287.993,287.985,287.978,287.971,287.963,287.957,287.950,287.944,287.937,287.931,287.925,287.919,287.914,287.908,287.903,287.897,287.892,100315.210,100303.402,100291.586,100279.764,100267.936,100256.102,100244.262,100232.417,100220.567,100208.713,100196.855,100184.993,100173.127,100161.259,100149.388,100137.511,100125.631,100113.751,100101.870,100089.989,100078.108,100066.228,100054.348,100042.469,100030.590,100018.712,100006.834,99994.957,99983.081,99971.205,99959.329,99947.455,99935.581,99923.707,99911.835,99899.963,99888.092,99876.221,99864.351,99852.482,99840.614,99828.746,99816.880,99805.013,99793.148,99781.284,99769.420,99757.557,99745.695,99733.833,
2004-06-01 02:10:00,289.302,287.884,0.000,289.694,290.199,289.054,287.446,99685.083,290.382,290.206,290.029,289.854,289.684,289.520,289.366,289.221,289.086,288.962,288.847,288.740,288.641,288.546,288.448,288.254,288.213,288.182,288.157,288.136,288.119,288.104,288.091,288.079,288.068,288.057,288.046,288.036,288.027,288.018,288.009,288.000,287.992,287.984,287.976,287.969,287.962,287.955,287.948,287.941,287.935,287.929,287.923,287.917,287.911,287.905,287.900,287.894,287.889,287.884,100315.241,100303.429,100291.612,100279.788,100267.959,100256.123,100244.282,100232.436,100220.585,100208.730,100196.871,100185.008,100173.142,100161.273,100149.401,100137.525,100125.644,100113.763,100101.881,100090.000,100078.119,100066.238,100054.358,100042.478,100030.599,100018.721,100006.842,99994.965,99983.088,99971.212,99959.336,99947.461,99935.587,99923.713,99911.840,99899.968,99888.096,99876.225,99864.355,99852.486,99840.617,99828.749,99816.882,99805.016,99793.150,99781.285,99769.421,99757.558,99745.695,99733.833,
2004-06-01 02:15:00,289.315,287.875,0.000,289.686,290.189,289.044,287.448,99684.292,290.418,290.236,290.054,289.875,289.702,289.535,289.378,289.232,289.095,288.969,288.853,288.744,288.644,288.548,288.449,288.252,288.210,288.178,288.153,288.132,288.114,288.099,288.086,288.074,288.062,288.051,288.040,288.030,288.020,288.011,288.002,287.993,287.985,287.977,287.969,287.962,287.954,287.947,287.940,287.934,287.927,287.921,287.914,287.908,287.902,287.897,287.891,287.886,287.880,287.875,100315.243,100303.433,100291.616,100279.794,100267.965,100256.130,100244.290,100232.444,100220.593,100208.738,100196.880,100185.017,100173.151,100161.283,100149.411,100137.534,100125.653,100113.772,100101.890,100090.009,100078.128,100066.247,100054.366,100042.487,100030.607,100018.728,100006.850,99994.972,99983.095,99971.218,99959.342,99947.467,99935.592,99923.718,99911.845,99899.973,99888.101,99876.229,99864.359,99852.489,99840.620,99828.752,99816.884,99805.018,99793.152,99781.286,99769.422,99757.558,99745.695,99733.833,
2004-06-01 02:20:00,289.288,287.867,0.000,289.678,290.178,289.037,287.450,99683.500,290.355,290.182,290.008,289.836,289.668,289.506,289.353,289.209,289.076,288.952,288.837,288.731,288.632,288.536,288.438,288.243,288.201,288.170,288.145,288.124,288.106,288.092,288.078,288.066,288.054,288.043,288.033,288.022,288.013,288.003,287.994,287.986,287.977,287.969,287.961,287.954,287.946,287.939,287.932,287.926,287.919,287.913,287.907,287.901,287.895,287.889,287.883,287.878,287.872,287.867,100315.270,100303.457,100291.639,100279.814,100267.984,100256.148,100244.306,100232.460,100220.608,100208.753,100196.893,100185.030,100173.164,100161.294,100149.422,100137.545,100125.664,100113.782,100101.900,100090.019,100078.137,100066.256,100054.375,100042.495,100030.615,100018.736,100006.857,99994.979,99983.102,99971.225,99959.348,99947.473,99935.598,99923.724,99911.850,99899.977,99888.105,99876.233,99864.363,99852.492,99840.623,99828.755,99816.887,99805.020,99793.153,99781.288,99769.423,99757.559,99745.696,99733.833,
2004-06-01 02:25:00,289.293,287.859,0.000,289.672,290.169,289.032,287.453,99682.708,290.381,290.202,290.023,289.846,289.675,289.511,289.355,289.210,289.076,288.951,288.835,288.728,288.628,288.533,288.434,288.238,288.196,288.164,288.139,288.118,288.100,288.085,288.072,288.059,288.047,288.036,288.026,288.015,288.006,287.996,287.987,287.978,287.970,287.962,287.954,287.946,287.939,287.932,287.925,287.918,287.911,287.905,287.899,287.893,287.887,287.881,287.875,287.870,287.864,287.859,100315.278,100303.466,100291.648,100279.825,100267.994,100256.159,100244.317,100232.471,100220.619,100208.764,100196.904,100185.041,100173.174,100161.305,100149.433,100137.555,100125.674,100113.792,100101.910,100090.028,100078.146,100066.265,100054.383,100042.503,100030.623,100018.743,100006.864,99994.986,99983.108,99971.231,99959.354,99947.479,99935.603,99923.729,99911.855,99899.982,99888.109,99876.237,99864.366,99852.496,99840.626,99828.757,99816.889,99805.022,99793.155,99781.289,99769.424,99757.560,99745.696,99733.833,
2004-06-01 02:30:00,289.256,287.852,0.000,289.666,290.161,289.029,287.455,99681.917,290.306,290.136,289.965,289.795,289.629,289.470,289.319,289.178,289.047,288.925,288.812,288.707,288.610,288.516,288.419,288.227,288.185,288.154,288.129,288.108,288.091,288.076,288.063,288.050,288.039,288.028,288.017,288.007,287.997,287.988,287.979,287.970,287.962,287.954,287.946,287.939,287.931,287.924,287.917,287.911,287.904,287.898,287.891,287.885,287.879,287.874,287.868,287.863,287.857,287.852,100315.311,100303.496,100291.676,100279.850,100268.018,100256.180,100244.337,100232.489,100220.636,100208.780,100196.919,100185.055,100173.188,100161.318,100149.445,100137.567,100125.685,100113.803,100101.920,100090.038,100078.155,100066.274,100054.392,100042.511,100030.631,100018.751,100006.872,99994.993,99983.115,99971.237,99959.360,99947.484,99935.609,99923.734,99911.859,99899.986,99888.113,99876.241,99864.369,99852.499,99840.629,99828.760,99816.891,99805.023,99793.156,99781.290,99769.425,99757.560,99745.696,99733.833,
2004-06-01 02:35:00,289.258,287.845,0.000,289.662,290.154,289.028,287.457,99681.125,290.331,290.154,289.977,289.803,289.634,289.472,289.319,289.176,289.044,288.921,288.807,288.702,288.605,288.511,288.414,288.221,288.179,288.148,288.123,288.102,288.084,288.069,288.056,288.044,288.032,288.021,288.010,288.000,287.990,287.981,287.972,287.963,287.955,287.947,287.939,287.932,287.924,287.917,287.910,287.903,287.897,287.891,287.884,287.878,287.872,287.867,287.861,287.855,287.850,287.845,100315.319,100303.506,100291.686,100279.861,100268.029,100256.191,100244.348,100232.500,100220.647,100208.791,100196.930,100185.065,100173.198,100161.328,100149.454,100137.576,100125.694,100113.812,100101.929,100090.046,100078.164,100066.282,100054.400,100042.519,100030.638,100018.758,100006.878,99994.999,99983.121,99971.243,99959.366,99947.489,99935.614,99923.738,99911.864,99899.990,99888.117,99876.244,99864.373,99852.502,99840.631,99828.762,99816.893,99805.025,99793.158,99781.291,99769.426,99757.561,99745.697,99733.833,
2004-06-01 02:40:00,289.221,287.838,0.000,289.658,290.147,289.029,287.460,99680.333,290.255,290.087,289.918,289.751,289.587,289.430,289.282,289.143,289.014,288.895,288.784,288.681,288.586,288.494,288.400,288.211,288.169,288.138,288.113,288.093,288.076,288.061,288.048,288.036,288.024,288.013,288.003,287.992,287.983,287.974,287.965,287.956,287.948,287.940,287.932,287.925,287.917,287.910,287.903,287.897,287.890,287.884,287.878,287.872,287.866,287.860,287.855,287.849,287.844,287.838,100315.351,100303.535,100291.713,100279.885,100268.051,100256.212,100244.367,100232.518,100220.664,100208.806,100196.944,100185.079,100173.210,100161.339,100149.465,100137.587,100125.704,100113.821,100101.938,100090.055,100078.172,100066.290,100054.408,100042.526,100030.645,100018.765,100006.885,99995.006,99983.127,99971.249,99959.371,99947.494,99935.618,99923.743,99911.868,99899.994,99888.120,99876.248,99864.376,99852.504,99840.634,99828.764,99816.895,99805.027,99793.159,99781.293,99769.427,99757.561,99745.697,99733.833,
2004-06-01 02:45:00,289.225,287.832,0.000,289.655,290.141,289.032,287.462,99679.542,290.283,290.108,289.933,289.761,289.594,289.434,289.283,289.143,289.013,288.893,288.781,288.678,288.583,288.491,288.396,288.206,288.165,288.134,288.108,288.088,288.070,288.056,288.042,288.030,288.019,288.007,287.997,287.987,287.977,287.968,287.959,287.950,287.942,287.934,287.926,287.919,287.911,287.904,287.897,287.891,287.884,287.878,287.872,287.866,287.860,287.854,287.848,287.843,287.837,287.832,100315.358,100303.542,100291.721,100279.893,100268.060,100256.221,100244.376,100232.527,100220.673,100208.815,100196.953,100185.087,100173.219,100161.348,100149.474,100137.595,100125.712,100113.829,100101.946,100090.062,100078.179,100066.297,100054.414,100042.533,100030.651,100018.771,100006.891,99995.011,99983.132,99971.254,99959.376,99947.499,99935.622,99923.747,99911.872,99899.997,99888.124,99876.251,99864.378,99852.507,99840.636,99828.766,99816.897,99805.028,99793.161,99781.294,99769.427,99757.562,99745.697,99733.833,
2004-06-01 02:50:00,289.188,287.827,0.000,289.652,290.135,289.036,287.464,99678.750,290.207,290.041,289.874,289.709,289.548,289.394,289.248,289.111,288.985,288.868,288.759,288.659,288.565,288.476,288.383,288.197,288.156,288.125,288.100,288.080,288.063,288.048,288.035,288.023,288.012,288.001,287.990,287.980,287.970,287.961,287.952,287.944,287.936,287.928,287.920,287.912,287.905,287.898,287.891,287.885,287.878,287.872,287.866,287.860,287.854,287.848,287.843,287.837,287.832,287.827,100315.388,100303.570,100291.746,100279.916,100268.080,100256.239,100244.393,100232.543,100220.687,100208.828,100196.965,100185.099,100173.230,100161.358,100149.483,100137.604,100125.721,100113.837,100101.954,100090.070,100078.187,100066.304,100054.421,100042.539,100030.658,100018.777,100006.896,99995.016,99983.137,99971.259,99959.381,99947.503,99935.627,99923.751,99911.875,99900.001,99888.127,99876.253,99864.381,99852.509,99840.638,99828.768,99816.898,99805.030,99793.162,99781.294,99769.428,99757.562,99745.697,99733.833,
2004-06-01 02:55:00,289.195,287.821,0.000,289.650,290.131,289.041,287.466,99677.958,290.239,290.065,289.892,289.722,289.557,289.399,289.251,289.113,288.985,288.867,288.758,288.657,288.563,288.473,288.380,288.194,288.152,288.122,288.097,288.076,288.059,288.044,288.031,288.019,288.007,287.996,287.985,287.975,287.966,287.956,287.948,287.939,287.931,287.923,287.915,287.907,287.900,287.893,287.886,287.880,287.873,287.867,287.861,287.855,287.849,287.843,287.838,287.832,287.827,287.821,100315.391,100303.574,100291.751,100279.922,100268.087,100256.246,100244.400,100232.550,100220.694,100208.835,100196.972,100185.106,100173.237,100161.365,100149.490,100137.611,100125.728,100113.844,100101.960,100090.076,100078.193,100066.310,100054.427,100042.545,100030.663,100018.782,100006.901,99995.021,99983.142,99971.263,99959.385,99947.507,99935.630,99923.754,99911.878,99900.004,99888.129,99876.256,99864.383,99852.511,99840.640,99828.770,99816.900,99805.031,99793.163,99781.295,99769.429,99757.563,99745.698,99733.833,
2004-06-01 03:00:00,289.159,287.817,0.000,289.640,290.118,289.033,287.469,99677.167,290.162,289.998,289.834,289.670,289.512,289.359,289.216,289.082,288.958,288.843,288.737,288.638,288.547,288.459,288.368,288.186,288.145,288.114,288.089,288.069,288.052,288.037,288.024,288.012,288.001,287.990,287.980,287.970,287.960,287.951,287.942,287.933,287.925,287.917,287.910,287.902,287.895,287.888,287.881,287.875,287.868,287.862,287.856,287.850,287.844,287.838,287.833,287.827,287.822,287.817,100315.420,100303.600,100291.774,100279.943,100268.106,100256.264,100244.416,100232.564,100220.708,100208.847,100196.984,100185.117,100173.247,100161.374,100149.499,100137.619,100125.735,100113.851,100101.967,100090.083,100078.199,100066.316,100054.433,100042.550,100030.668,100018.787,100006.906,99995.026,99983.146,99971.267,99959.389,99947.511,99935.634,99923.757,99911.882,99900.006,99888.132,99876.259,99864.386,99852.513,99840.642,99828.771,99816.901,99805.032,99793.164,99781.296,99769.429,99757.563,99745.698,99733.833,
2004-06-01 03:05:00,289.177,287.838,0.000,289.630,290.105,289.022,287.468,99678.042,290.204,290.032,289.861,289.693,289.531,289.375,289.230,289.094,288.969,288.854,288.748,288.649,288.558,288.470,288.379,288.197,288.157,288.126,288.102,288.081,288.064,288.050,288.037,288.025,288.014,288.003,287.993,287.983,287.974,287.965,287.956,287.948,287.940,287.933,287.925,287.918,287.911,287.905,287.898,287.892,287.886,287.880,287.874,287.868,287.863,287.858,287.853,287.847,287.843,287.838,100315.388,100303.570,100291.745,100279.915,100268.079,100256.237,100244.390,100232.539,100220.683,100208.823,100196.960,100185.093,100173.223,100161.351,100149.476,100137.597,100125.714,100113.831,100101.947,100090.063,100078.180,100066.297,100054.415,100042.533,100030.651,100018.770,100006.890,99995.010,99983.131,99971.253,99959.375,99947.498,99935.621,99923.745,99911.870,99899.996,99888.122,99876.249,99864.377,99852.506,99840.635,99828.765,99816.896,99805.027,99793.160,99781.293,99769.427,99757.561,99745.697,99733.833,
2004-06-01 03:10:00,289.162,287.860,0.000,289.620,290.093,289.009,287.467,99678.917,290.145,289.984,289.822,289.661,289.505,289.356,289.216,289.085,288.964,288.852,288.749,288.653,288.564,288.479,288.391,288.213,288.173,288.143,288.119,288.099,288.082,288.068,288.055,288.044,288.033,288.022,288.012,288.003,287.993,287.985,287.976,287.968,287.960,287.953,287.946,287.939,287.932,287.925,287.919,287.913,287.907,287.901,287.896,287.890,287.885,287.880,287.874,287.870,287.865,287.860,100315.368,100303.547,100291.721,100279.889,100268.052,100256.209,100244.362,100232.510,100220.653,100208.793,100196.930,100185.064,100173.194,100161.322,100149.448,100137.569,100125.687,100113.804,100101.921,100090.038,100078.156,100066.273,100054.392,100042.511,100030.630,100018.750,100006.870,99994.991,99983.113,99971.235,99959.358,99947.482,99935.606,99923.731,99911.857,99899.983,99888.111,99876.239,99864.367,99852.497,99840.627,99828.758,99816.889,99805.022,99793.155,99781.289,99769.424,99757.560,99745.696,99733.833,
2004-06-01 03:15:00,289.197,287.881,0.000,289.609,290.079,288.995,287.466,99679.792,290.205,290.036,289.868,289.702,289.543,289.391,289.248,289.116,288.993,288.880,288.776,288.680,288.591,288.505,288.416,288.236,288.196,288.166,288.142,288.122,288.105,288.091,288.078,288.066,288.055,288.045,288.035,288.025,288.016,288.007,287.999,287.990,287.983,287.975,287.968,287.961,287.954,287.947,287.941,287.935,287.929,287.923,287.917,287.912,287.906,287.901,287.896,287.891,287.886,287.881,100315.316,100303.497,100291.673,100279.843,100268.007,100256.166,100244.320,100232.469,100220.614,100208.756,100196.893,100185.028,100173.160,100161.289,100149.416,100137.538,100125.656,100113.775,100101.893,100090.011,100078.129,100066.248,100054.367,100042.487,100030.607,100018.728,100006.849,99994.971,99983.094,99971.217,99959.341,99947.466,99935.591,99923.717,99911.844,99899.971,99888.099,99876.228,99864.357,99852.488,99840.619,99828.751,99816.883,99805.017,99793.151,99781.286,99769.421,99757.558,99745.695,99733.833,
2004-06-01 03:20:00,289.185,287.902,0.000,289.598,290.066,288.981,287.465,99680.667,290.149,289.991,289.832,289.675,289.522,289.375,289.238,289.109,288.991,288.881,288.780,288.686,288.599,288.515,288.429,288.252,288.213,288.183,288.160,288.140,288.123,288.109,288.097,288.085,288.074,288.064,288.054,288.044,288.035,288.027,288.018,288.010,288.002,287.995,287.988,287.981,287.974,287.967,287.961,287.955,287.949,287.943,287.938,287.932,287.927,287.921,287.916,287.911,287.907,287.902,100315.294,100303.474,100291.648,100279.816,100267.980,100256.138,100244.291,100232.440,100220.585,100208.726,100196.864,100184.999,100173.131,100161.261,100149.388,100137.511,100125.630,100113.749,100101.867,100089.986,100078.105,100066.225,100054.345,100042.466,100030.587,100018.708,100006.830,99994.953,99983.077,99971.201,99959.325,99947.451,99935.577,99923.704,99911.831,99899.959,99888.088,99876.218,99864.348,99852.479,99840.611,99828.744,99816.877,99805.011,99793.146,99781.282,99769.419,99757.556,99745.694,99733.833,
2004-06-01 03:25:00,289.215,287.921,0.000,289.587,290.052,288.967,287.464,99681.542,290.205,290.038,289.873,289.711,289.554,289.404,289.264,289.135,289.015,288.904,288.802,288.708,288.620,288.536,288.449,288.272,288.233,288.203,288.179,288.160,288.143,288.129,288.117,288.105,288.094,288.084,288.074,288.064,288.055,288.046,288.038,288.030,288.022,288.015,288.008,288.001,287.994,287.987,287.981,287.975,287.969,287.963,287.957,287.952,287.946,287.941,287.936,287.931,287.926,287.921,100315.248,100303.430,100291.606,100279.776,100267.941,100256.100,100244.255,100232.405,100220.551,100208.693,100196.832,100184.968,100173.101,100161.231,100149.359,100137.483,100125.603,100113.722,100101.842,100089.962,100078.082,100066.202,100054.323,100042.444,100030.566,100018.689,100006.812,99994.935,99983.059,99971.184,99959.310,99947.436,99935.563,99923.691,99911.819,99899.948,99888.078,99876.208,99864.339,99852.471,99840.604,99828.737,99816.872,99805.007,99793.142,99781.279,99769.416,99757.555,99745.694,99733.833,
2004-06-01 03:30:00,289.196,287.941,0.000,289.576,290.038,288.951,287.463,99682.417,290.141,289.985,289.829,289.675,289.525,289.381,289.247,289.121,289.006,288.899,288.800,288.708,288.623,288.542,288.457,288.284,288.246,288.217,288.194,288.175,288.159,288.145,288.133,288.121,288.111,288.100,288.090,288.081,288.072,288.064,288.055,288.047,288.040,288.032,288.025,288.018,288.012,288.005,287.999,287.993,287.987,287.981,287.976,287.970,287.965,287.960,287.955,287.950,287.945,287.941,100315.234,100303.414,100291.588,100279.756,100267.920,100256.078,100244.232,100232.381,100220.526,100208.668,100196.807,100184.943,100173.076,100161.206,100149.335,100137.459,100125.579,100113.699,100101.820,100089.940,100078.061,100066.182,100054.303,100042.425,100030.548,100018.671,100006.794,99994.919,99983.044,99971.169,99959.295,99947.422,99935.550,99923.678,99911.807,99899.937,99888.068,99876.199,99864.331,99852.463,99840.597,99828.731,99816.866,99805.002,99793.138,99781.276,99769.414,99757.553,99745.693,99733.833,
2004-06-01 03:35:00,289.223,287.959,0.000,289.564,290.024,288.936,287.462,99683.292,290.194,290.030,289.867,289.707,289.553,289.407,289.270,289.143,289.026,288.918,288.819,288.727,288.642,288.560,288.475,288.302,288.263,288.235,288.211,288.192,288.176,288.163,288.150,288.139,288.128,288.118,288.108,288.099,288.090,288.082,288.073,288.065,288.058,288.050,288.043,288.037,288.030,288.023,288.017,288.011,288.005,288.000,287.994,287.989,287.983,287.978,287.973,287.968,287.964,287.959,100315.193,100303.375,100291.550,100279.720,100267.885,100256.044,100244.199,100232.349,100220.496,100208.638,100196.778,100184.914,100173.048,100161.180,100149.309,100137.433,100125.555,100113.676,100101.797,100089.918,100078.039,100066.161,100054.283,100042.406,100030.529,100018.653,100006.777,99994.902,99983.028,99971.154,99959.281,99947.409,99935.537,99923.666,99911.796,99899.927,99888.058,99876.190,99864.322,99852.456,99840.590,99828.725,99816.861,99804.997,99793.135,99781.273,99769.412,99757.551,99745.692,99733.833,
2004-06-01 03:40:00,289.202,287.977,0.000,289.553,290.010,288.920,287.462,99684.167,290.129,289.976,289.822,289.670,289.523,289.383,289.251,289.128,289.015,288.911,288.815,288.726,288.643,288.564,288.481,288.312,288.275,288.247,288.224,288.205,288.190,288.176,288.165,288.153,288.143,288.133,288.123,288.114,288.105,288.097,288.089,288.081,288.074,288.067,288.060,288.053,288.046,288.040,288.034,288.028,288.022,288.017,288.011,288.006,288.001,287.996,287.991,287.986,287.981,287.977,100315.182,100303.361,100291.535,100279.703,100267.866,100256.025,100244.179,100232.328,100220.474,100208.616,100196.755,100184.892,100173.026,100161.157,100149.286,100137.411,100125.533,100113.655,100101.776,100089.898,100078.020,100066.142,100054.265,100042.388,100030.512,100018.636,100006.761,99994.887,99983.013,99971.140,99959.268,99947.396,99935.525,99923.655,99911.786,99899.917,99888.049,99876.181,99864.315,99852.449,99840.584,99828.719,99816.856,99804.993,99793.131,99781.270,99769.410,99757.550,99745.691,99733.833,
2004-06-01 03:45:00,289.229,287.994,0.000,289.541,289.996,288.904,287.461,99685.042,290.183,290.021,289.861,289.704,289.552,289.409,289.274,289.150,289.036,288.931,288.834,288.744,288.661,288.581,288.498,288.329,288.291,288.263,288.241,288.222,288.206,288.193,288.181,288.170,288.160,288.150,288.140,288.131,288.122,288.114,288.106,288.098,288.091,288.083,288.076,288.070,288.063,288.057,288.051,288.045,288.039,288.034,288.028,288.023,288.018,288.013,288.008,288.003,287.998,287.994,100315.143,100303.324,100291.499,100279.669,100267.834,100255.993,100244.148,100232.298,100220.445,100208.588,100196.728,100184.865,100173.000,100161.132,100149.262,100137.388,100125.510,100113.633,100101.755,100089.877,100078.000,100066.123,100054.246,100042.370,100030.495,100018.620,100006.745,99994.872,99982.999,99971.126,99959.255,99947.384,99935.514,99923.644,99911.775,99899.907,99888.040,99876.173,99864.307,99852.442,99840.577,99828.714,99816.851,99804.989,99793.128,99781.267,99769.407,99757.549,99745.691,99733.833,
2004-06-01 03:50:00,289.209,288.010,0.000,289.530,289.981,288.888,287.460,99685.917,290.118,289.967,289.816,289.666,289.522,289.384,289.255,289.135,289.025,288.923,288.829,288.742,288.662,288.584,288.503,288.338,288.302,288.275,288.252,288.234,288.219,288.206,288.194,288.183,288.173,288.163,288.154,288.145,288.136,288.128,288.120,288.113,288.105,288.098,288.092,288.085,288.079,288.072,288.066,288.061,288.055,288.049,288.044,288.039,288.034,288.029,288.024,288.019,288.015,288.010,100315.134,100303.312,100291.486,100279.654,100267.817,100255.975,100244.129,100232.279,100220.425,100208.568,100196.708,100184.845,100172.979,100161.112,100149.242,100137.368,100125.491,100113.613,100101.736,100089.859,100077.982,100066.105,100054.229,100042.354,100030.479,100018.605,100006.731,99994.858,99982.985,99971.114,99959.243,99947.372,99935.502,99923.634,99911.765,99899.898,99888.031,99876.165,99864.300,99852.435,99840.571,99828.708,99816.846,99804.985,99793.124,99781.264,99769.405,99757.547,99745.690,99733.833,
2004-06-01 03:55:00,289.236,288.026,0.000,289.518,289.967,288.872,287.459,99686.792,290.173,290.014,289.855,289.700,289.551,289.410,289.279,289.157,289.045,288.942,288.848,288.760,288.679,288.601,288.520,288.354,288.317,288.290,288.268,288.250,288.234,288.221,288.210,288.199,288.189,288.179,288.169,288.161,288.152,288.144,288.136,288.128,288.121,288.114,288.107,288.101,288.094,288.088,288.082,288.076,288.071,288.065,288.060,288.055,288.049,288.045,288.040,288.035,288.030,288.026,100315.096,100303.277,100291.452,100279.621,100267.786,100255.945,100244.100,100232.251,100220.398,100208.542,100196.682,100184.820,100172.955,100161.088,100149.219,100137.346,100125.469,100113.593,100101.716,100089.839,100077.963,100066.087,100054.212,100042.337,100030.463,100018.589,100006.716,99994.844,99982.972,99971.101,99959.230,99947.361,99935.491,99923.623,99911.756,99899.889,99888.023,99876.157,99864.293,99852.429,99840.566,99828.703,99816.842,99804.981,99793.121,99781.262,99769.403,99757.546,99745.689,99733.833,
2004-06-01 04:00:00,289.215,288.041,0.000,289.504,289.951,288.847,287.458,99687.667,290.107,289.959,289.810,289.663,289.521,289.385,289.259,289.142,289.034,288.934,288.843,288.758,288.679,288.603,288.524,288.362,288.327,288.300,288.279,288.261,288.246,288.233,288.222,288.211,288.201,288.191,288.182,288.173,288.165,288.157,288.149,288.142,288.135,288.128,288.121,288.115,288.108,288.102,288.096,288.091,288.085,288.080,288.074,288.069,288.064,288.059,288.055,288.050,288.046,288.041,100315.089,100303.267,100291.440,100279.608,100267.771,100255.929,100244.083,100232.233,100220.380,100208.523,100196.663,100184.801,100172.936,100161.069,100149.200,100137.327,100125.451,100113.575,100101.698,100089.822,100077.946,100066.071,100054.196,100042.322,100030.448,100018.575,100006.702,99994.831,99982.959,99971.089,99959.219,99947.350,99935.481,99923.614,99911.746,99899.880,99888.015,99876.150,99864.286,99852.423,99840.560,99828.698,99816.837,99804.977,99793.118,99781.259,99769.402,99757.545,99745.689,99733.833,
2004-06-01 04:05:00,289.221,288.008,0.000,289.490,289.935,288.818,287.467,99687.667,290.147,289.990,289.833,289.680,289.533,289.394,289.264,289.144,289.034,288.932,288.839,288.752,288.672,288.595,288.514,288.349,288.313,288.286,288.264,288.246,288.230,288.217,288.206,288.194,288.184,288.174,288.164,288.155,288.146,288.138,288.129,288.121,288.114,288.106,288.099,288.092,288.085,288.078,288.071,288.065,288.059,288.053,288.047,288.041,288.035,288.030,288.024,288.019,288.013,288.008,100315.116,100303.296,100291.470,100279.639,100267.803,100255.961,100244.116,100232.266,100220.412,100208.555,100196.696,100184.833,100172.968,100161.101,100149.231,100137.358,100125.481,100113.604,100101.727,100089.851,100077.974,100066.098,100054.223,100042.348,100030.473,100018.599,100006.726,99994.853,99982.981,99971.110,99959.239,99947.369,99935.500,99923.631,99911.763,99899.896,99888.030,99876.164,99864.299,99852.435,99840.571,99828.708,99816.846,99804.985,99793.124,99781.265,99769.406,99757.547,99745.690,99733.833,
2004-06-01 04:10:00,289.163,287.980,0.000,289.476,289.919,288.786,287.476,99687.667,290.049,289.902,289.754,289.608,289.467,289.332,289.207,289.091,288.983,288.885,288.794,288.709,288.631,288.555,288.477,288.315,288.280,288.254,288.232,288.214,288.199,288.186,288.175,288.164,288.153,288.143,288.134,288.125,288.116,288.108,288.099,288.091,288.084,288.076,288.069,288.062,288.055,288.049,288.042,288.036,288.030,288.024,288.018,288.012,288.007,288.001,287.996,287.990,287.985,287.980,100315.193,100303.369,100291.540,100279.705,100267.866,100256.022,100244.174,100232.322,100220.467,100208.608,100196.746,100184.882,100173.015,100161.146,100149.275,100137.400,100125.522,100113.644,100101.765,100089.887,100078.010,100066.132,100054.255,100042.379,100030.503,100018.628,100006.754,99994.880,99983.007,99971.134,99959.262,99947.391,99935.520,99923.650,99911.781,99899.913,99888.045,99876.178,99864.312,99852.446,99840.582,99828.718,99816.854,99804.992,99793.130,99781.269,99769.409,99757.550,99745.691,99733.833,
